search_term,search_country,site,title,company,location,date_posted,min_amount,max_amount,currency,job_url,description
diseñadora editorial,Spain,indeed,Head of collecion,THE-ARE,"Manises, VC, ES",2026-04-28,,,,https://es.indeed.com/viewjob?jk=e6066ed3e6826d0a,"**Descripción:**
----------------


Holaaa! Buscamos nuevo talento para nuestro departamento de Diseño.


¡Seguimos creciendo y queremos que formes parte de nuestra historia! Desde que nuestra fundadora R. empezó esta aventura con la idea de crear ropa para chicas jóvenes, con estilazo y ganas de comerse el mundo, no hemos parado de evolucionar.


En THE\-ARE soñamos a lo grande y crecemos aún más. De un pequeño taller en Valencia a un equipo de más de 150 personas, 40 tiendas físicas y una comunidad imparable de 500k seguidores. Nuestras prendas han conquistado desde influencers top hasta la mismísima Infanta Sofía, y seguimos diseñando con la misma ilusión del primer día.


Hasta ahora, hemos trabajado para llevar nuestras colecciones a cada rincón de España, pero como no tenemos límites, estamos poniendo la vista en el horizonte internacional.


Siempre buscamos mentes creativas, con actitud y ganas de marcar la diferencia. Si compartes nuestra pasión por la moda, los retos, y eres de lxs que hacen que las cosas pasen, este es tu sitio.

 **THE\-ARE es una marca para la ‘cool but classy girl in her 20s**’. Trabajamos tres grandes universos: casual, fiesta y eventos. Estamos en búsqueda de nuestrx nuevx Head of Collection de Eventos y Fiesta, con responsabilidad completa sobre el desarrollo de las colecciones — desde el concepto, hasta la ficha técnica, sourcing de materiales y seguimiento del desarrollo, hasta su validación.

 **¿Qué harás en tu día a día?**


Trend forecast

* Analizar pasarelas, publicaciones, redes sociales y cultura actual.
* Anticipar microtendencias e influencias culturales.
* Recomendar direcciones estéticas para futuras colecciones o campañas.
* Crear moodboards: elaborar paneles de referencias estéticas, tejidos, colores, ambientes…
* Identificar oportunidades comerciales y nuevas categorías de producto.

Sourcing

* Seleccionar tejidos principales junto con purchasing.
* Buscar potenciales proveedores en ferias textiles.


Collection construction

* Definir el plan de colección según estrategia comercial y visión artística.
* Colaborar con purchasing para prever precios/márgenes.
* Analizar ventas anteriores y construir la colección con lógica comercial.
* Realizar seguimiento del desarrollo de producto (supervisar fitting, ajustes técnicos, aprobación final de producto)


Design

* Establecer temas, paletas de color, siluetas, materiales y líneas estéticas.
* Coordinar al equipo de diseñadores y asegurar coherencia entre piezas.
* Aprobar bocetos, fichas técnicas iniciales y prototipos clave.
* Revisar fittings y asegurar que las prendas cumplen calidad, fitting y objetivo.
* Cuidar la alineación con ADN, valores y posicionamiento de la marca.

Styling

* Crear looks acordes con la colección que reflejen la idea creativa inicial de campaña.
* Elegir accesorios y calzado según el concepto. Realizar shopping según necesidades.
* Aportar referencias estéticas, moodboards y tendencias visuales al departamento de marketing.
* Asegurar coherencia entre maquillaje, vestuario y peinado.
* Supervisar durante el shooting: asegurar que el look se vea perfecto en cámara.


**Requisitos:**
---------------


* Grado en Diseño de Moda, Diseño Textil o similar.
* Dominio y buen nivel de inglés, mínimo C1, se valorará el conocimiento de otros idiomas.
* Dominio paquete Adobe, se valorará el conocimiento de Clo3D / IA.
* Se valorará especialización en coolhunting, tendencias, diseño sostenible o dirección creativa.
* Mínimo 2/4 años de experiencia en diseño de moda dentro de un equipo creativo de marca.
* Experiencia demostrable en diseño de colecciones completas, desde concepto hasta fitting final.
* Haber participado en shootings/editoriales de moda será muy valorado.

 **THE\-ARE BENEFITS:**

* En THE\-ARE no vienes solo a trabajar: vienes a crecer, inspirarte y disfrutar de lo que haces cada día.
* Confianza y flexibilidad: para que tu vida personal y profesional estén en equilibrio.
* Oficinas con alma: espacios abiertos, estudio de grabación, zonas para desconectar y los atardeceres más increíbles desde tu mesa.
* Retribución flexible: salud, formación y restauración, para que el trabajo también aporte a tu bienestar.
* Moda a tu alcance: disfruta de descuentos del 30% al 70% en todas nuestras colecciones.
* Testers Club: sé la/él primerx en descubrir y probar lo nuevo de THE\-ARE antes que nadie.
* Outfit allowance: viste THE\-ARE en tu día a día y conecta con la marca desde dentro.
* Special Fridays: los viernes no solo molan por la jornada intensiva, sino también porque siempre hay almuerzo gratis. Incluso al que más le gusta teletrabajar viene ese día de forma presencial por el Brunch.
* Jornada intensiva todo el año: Los viernes no se trabaja por la tarde! Tú tiempo libre es igual de valioso que tu tiempo en la oficina."
coordinadora editorial contenido,Spain,indeed,Coordinador/a Redacción 20minutos Barcelona,Henneo,"Barcelona, CT, ES",2026-04-27,,,,https://es.indeed.com/viewjob?jk=a116b3ef4b21a1a5,"En HENNEO, grupo líder en el sector de los medios de comunicación del ámbito nacional, buscamos incorporar en **20minutos** (Barcelona) a un/a redactor/a senior, que ejerza las funciones de coordinación de la redacción de Catalunya.



La persona seleccionada deberá contar con experiencia en medios de comunicación de prensa escrita, preferiblemente en periódicos y tener conocimiento sobre la actualidad en Catalunya.





Siendo, sus principales **funciones**:


* Redacción, edición y actualización de noticias para web y papel, cuidando la calidad informativa, el enfoque y los titulares.
* Búsqueda, captación y seguimiento de informaciones de actualidad, de acuerdo con los principios del Código Deontológico del Periodismo.
* Preparación y elaboración de temas propios, así como desarrollo de contenidos.
* Propuesta y planificación de temas a abordar, valorando la relevancia informativa, el enfoque editorial y las fuentes disponibles.
* Clasificación y priorización de los temas en función de su tipología, relevancia y actualidad.
* Coordinación con el equipo de redacción para garantizar coherencia editorial y optimización de contenidos.




**Se ofrece:**


* Pertenecer a un sólido grupo de medios de comunicación y tecnología, con una visión única y en plena expansión.
* Trabajar de la mano de profesionales multidisciplinares con gran motivación, en un ambiente de trabajo innovador y dinámico.
* Estabilidad laboral.
* Jornada completa.
* Incorporación inmediata.
* Sistema de retribución flexible y ventajas para empleados.

  

* Titulación universitaria en Periodismo o Comunicación.
* Amplia experiencia en prensa escrita.
* Conocimiento de CMS.
* Capacidad para detectar temas de interés y enfoques.
* Capacidad de edición de temas.
* Se valorará experiencia, fuentes y conocimiento de la actualidad en Catalunya.




**Competencias necesarias:**


* Trabajo en equipo.
* Comunicación.
* Excelente redacción y capacidad de síntesis.
* Capacidad de edición de temas.
* Organización y planificación."
diseñadora editorial,Spain,indeed,Diseñador/a Gráfico & Digital – The Core School,Grupo Planeta,"Madrid, MD, ES",2026-04-24,,,,https://es.indeed.com/viewjob?jk=9f899a2370177f87,"Desde**Grupo Planeta**estamos buscando un/a **Diseñador/a Gráfico \& Digital** para incorporarse al equipo de Marketing de **The Core School****.**



Buscamos un perfil con criterio creativo y visión estratégica, orientado a negocio, capaz de traducir objetivos de marketing en soluciones visuales efectivas y de convertir el diseño en un verdadero motor de impacto en captación, posicionamiento y experiencia de marca.





**Misión del puesto**



El/la Diseñador/a Interno/a será responsable de liderar y ejecutar la producción creativa y digital de The Core School, asegurando la coherencia y solidez de la identidad visual en todos los puntos de contacto de la marca.



Buscamos un perfil híbrido, con fuerte criterio estético, autonomía en la ejecución y capacidad para aportar una visión estratégica alineada con los objetivos de negocio.





**Responsabilidades principales**



1\. **Diseño Web \& UX/UI**


* Diseñar nuevas secciones, páginas y componentes para la web corporativa (WordPress).
* Dar soporte gráfico y conceptual a landings orientadas a performance y campañas paid.
* Velar por la consistencia visual y la experiencia de usuario en desktop, tablet y mobile.
* Coordinar con proveedores técnicos externos para asegurar una correcta implementación.
* Adaptar materiales de marketing al ecosistema digital, manteniendo coherencia visual entre campañas, site y redes sociales en un contexto de presencia phygital de la escuela.

* **Producción Creativa \& Performance Digital**


* Diseñar y adaptar piezas gráficas para campañas digitales: posts, stories, banners, cabeceras, thumbnails, mailings, carruseles LinkedIn, etc.
* Ejecutar una producción mensual elevada de piezas de performance estáticas, con agilidad y precisión.
* Mantener estándares de calidad visual alineados con los objetivos de captación y notoriedad de marca.
* Optimizar y sistematizar la producción, creando plantillas y librerías gráficas reutilizables.




* **Diseño Editorial y de Eventos**


* Maquetar catálogos, folletos, flyers, presentaciones y otros materiales editoriales corporativos.
* Crear key visuals y materiales gráficos para eventos institucionales, académicos y de marca (roll\-ups, pantallas, photocalls, acreditaciones, etc.).
* Adaptar diseños a múltiples formatos físicos y digitales simultáneamente.
* Coordinar producción e impresión asegurando cumplimiento de plazos y calidad final.




* **Brand Guardian y Coordinación Interna**


* Garantizar la correcta aplicación de la identidad visual de The Core en todos los canales.
* Colaborar con Producto, Social Media y Comunicación para asegurar coherencia entre mensajes, visuales y objetivos estratégicos.
* Proponer evoluciones creativas, optimizaciones de diseño y nuevas ideas visuales que potencien el posicionamiento de la marca.
* Actuar como referente interno en cuestiones gráficas, resolviendo dudas de otros equipos y marcando criterios.

  

**Formación y experiencia**


* Titulación superior en Diseño Gráfico, Comunicación Visual, Publicidad o similar.
* 2\-4 años de experiencia en puestos similares, preferiblemente en departamentos de marketing o agencias creativas.
* Se valorará positivamente experiencia en diseño en instituciones educativas o colaborando con las mismas.
* Experiencia demostrable en diseño digital UX/UI y producción editorial.
* Haber trabajado con múltiples interlocutores y ritmos de entrega exigentes.




**Competencias técnicas**


* Dominio avanzado de **Adobe Creative Cloud** (Illustrator, Photoshop, InDesign).
* Conocimientos de:
* + **Canva**
	+ **Freepik AI**
	+ Maquetación editorial y diseño para impresión.
	+ **Figma** y/o herramientas de prototipado digital.
	+ **WordPress** para interlocución técnica y maquetación básica.




**Competencias personales**


* Alta capacidad de organización, autonomía y priorización de tareas.
* Sensibilidad visual y criterio estético sólido.
* Agilidad y precisión en la ejecución bajo presión.
* Capacidad para trabajar de forma transversal con distintos equipos internos y proveedores externos.
* Proactividad para detectar oportunidades de mejora creativa.




**Impacto esperado del rol**


* Centralizar y profesionalizar la producción gráfica de The Core.
* Ganar velocidad de respuesta sin comprometer la calidad visual.
* Reforzar el posicionamiento de marca con una identidad visual potente y consistente.
* Liberar recursos externos y optimizar costes estructurales en marketing.


asdasdasdasdasd





**Ofrecemos**


* Contrato estable: indefinido y a jornada completa en horario de back office.
* Podrás desarrollarte profesionalmente gracias a nuestros planes de formación y desarrollo de talento interno.
* Descuentos y promociones exclusivas para nuestros empleados (másteres y posgrados, sellos editoriales, coleccionables, Casa del Libro…).
* Un atractivo paquete de beneficios sociales a través del plan de retribución flexible que incluye: tarjeta transporte, tarjeta restaurante, cheque guardería, seguro médico, etc.
* Disponibilidad de lanzaderas desde Madrid centro hasta The Core.




Si eres una persona con capacidad de trabajo en equipo, responsable, dinámica y con ganas de crecer dentro de una gran empresa, ¡esta es tu oportunidad!





*En Grupo Planeta ofrecemos igualdad de oportunidades. Nos comprometemos a tratar todas las candidaturas por igual en función de sus capacidades, logros y experiencia independientemente de su raza, nacionalidad, sexo, edad, discapacidad, orientación sexual, identidad de género o cualquier otra clasificación protegida por la ley.*"
marketing editorial,Spain,indeed,Social Media Manager - ATREVIA Barcelona,Atrevia,"Barcelona, CT, ES",2026-04-24,,,,https://es.indeed.com/viewjob?jk=2ad4eca43b3164ff,"Somos ATREVIA, una consultora estratégica de Atracción, Influencia, Transformación y Anticipación, líder iberoamericana en Comunicación, Marketing y Asuntos Públicos, con presencia propia en 15 territorios y partners en otros 45 países. Contamos con más de 640 profesionales de 30 nacionalidades y una manera única de abordar la comunicación: combinando escucha, estrategia, creatividad y la magia de las mezclas.


Acompañamos a las empresas en la resolución de desafíos complejos, activando movimientos, generando diálogo y guiando decisiones con un enfoque humano y sostenible. Creemos en el poder del compromiso y en un crecimiento que se construye desde la actitud, el propósito y la innovación constante.


ATREVIA. Crecer, creciendo.


Buscamos un/a **Social Media Manager** para los apasionados del mundo digital. Si tienes un mínimo de **4\-5 años de experiencia**, te gustan los retos y la gestión de equipo y proyectos, esta oportunidad es para ti.

**¿Qué harás?**

* Gestión y seguimiento del trabajo diario con cliente y equipos internos, con foco en la gestión de **redes sociales y campañas digitales**.
* Planificación, coordinación y control de **calendarios editoriales y de campañas**: organización de tareas, flujos de aprobación, hitos y entregas para el buen desarrollo del proyecto en social media.
* Redacción de **briefings** digitales (principalmente social media, contenidos y campañas paid), asegurando claridad de objetivos, audiencias, mensajes y requisitos.
* Supervisión de **propuestas creativas y piezas** para redes sociales y campañas digitales, garantizando coherencia con el briefing, la estrategia y el tono de marca, y gestionando rondas de cambios con criterio.
* Soporte continuo al director del área en la definición de **estrategias de social media y paid media**, participando en la planificación y optimización de acciones en canales sociales.
* Coordinación y supervisión de **campañas de Social Ads** (Meta, LinkedIn, X): definición de planteamientos, seguimiento de resultados y optimización en colaboración con el equipo paid.
* Gestión y coordinación de **equipos multidisciplinares** (creativos, contenido y paid media), asegurando la correcta ejecución de las estrategias en redes sociales.
* Control básico de **presupuestos y seguimiento de proveedores** (cuando aplique): estimaciones, control de costes y coordinación de entregables, especialmente en campañas de social y paid.
* Elaboración de **benchmarks y análisis de actividad** en redes sociales (tendencias, competidores, buenas prácticas).
* Apoyo en **reporting**: recopilación de resultados, análisis de KPIs en social media y Social Ads, aprendizajes y propuestas de optimización (en coordinación con el equipo especialista).
**¿Qué buscamos?**

* Experiencia mínima de **4\-5 años gestionando cuentas digitales**, con foco en social media y campañas paid, de los cuáles, mínimo 2 han de ser en agencia.
* Experiencia en gestión de personas y coordinación de equipos de trabajo.
* Conocimientos en **estrategias de social media y ecosistema digital**: canales own, earned y paid, con foco en redes sociales.
* Experiencia en planificación, ejecución y optimización de campañas de **Social Ads** (Meta Ads, LinkedIn Ads, TikTok Ads), orientadas a resultados y performance.
* Dominio de herramientas para la gestión y optimización de social media y medición de resultados: definición de KPI’s, monitorización y reporting.
* Conocimientos en creación y ejecución de estrategias de Social Media y Community Management: Metricool, Meta (IG/FB), LinkedIn, TikTok, X.
* Dominio de **herramientas colaborativas**: Google Drive, Microsoft One, PMO Tools (Trello, Asana).
* Capacidad analítica: comprensión de datos, interpretación de resultados y propuesta de mejoras enfocadas a rendimiento en redes sociales y campañas paid.
* Nivel medio\-alto de inglés (hablado y escrito).
* Habilidades sociales y de comunicación: capacidad para defender propuestas estratégicas y coordinar equipos y clientes con criterio.
**¿Qué ofrecemos?**

* Contratación indefinida.
* Plan de compensación competitivo y flexible.
* Flexibilidad, teletrabajo y jornada intensiva en verano y todos los viernes del año.
* Incorporación a un equipo en crecimiento.
* Formar parte de una compañía reconocida entre las 100 mejores empresas para trabajar, y premiada por su compromiso con el talento femenino.

Buscamos la diferencia, pues en ella está la creatividad y damos la bienvenida a todas las candidaturas con independencia de edad, sexo, raza, creencias, etc. Creemos firmemente que contar con un equipo diverso nos hace ser mejores, por lo que, en los procesos de selección, tomamos las decisiones en base a la experiencia y capacidades de los candidatos/as.


Si crees que este reto puede ser tu próximo paso y te apetece formar parte de un equipo que crece contigo, envíanos tu candidatura.

  

Nos encanta descubrir talento que quiera aprender, proponer y transformar."
marketing editorial,Spain,indeed,Digital Marketing Specialist,Venair,"Terrassa, CT, ES",2026-04-24,,,,https://es.indeed.com/viewjob?jk=871b00f6974e8b6c,"**SOBRE VENAIR**


Venair es una empresa de ingeniería fundada en Barcelona en 1986, especializada en el diseño, fabricación y soporte de soluciones de transferencia de fluidos en silicona. Con presencia internacional y tres divisiones estratégicas — Manufacturing Solutions, Life Science Solutions y Consumer Goods Solutions — trabajamos con las empresas más exigentes del mundo en sectores como pharma, biotech, automoción, alimentación y sistemas eléctricos.


**Ubicación y modalidad de trabajo**  

La posición está basada en nuestras oficinas centrales de Terrassa (Barcelona) y requiere presencialidad diaria (100% onsite).  

Buscamos preferiblemente perfiles residentes en el Vallès Occidental o zonas cercanas con facilidad de desplazamiento diario.

**RESPONSABILIDADES**

**Gestión web y contenidos**

* Gestionar y mantener venair.com: estructura, contenidos, landing pages y páginas de producto.
* Publicar y actualizar contenido técnico en coordinación con los equipos de producto y ventas.
* Garantizar que la web refleja fielmente la identidad y el tono de marca de Venair.
* Supervisar la experiencia de usuario (UX) e identificar oportunidades de mejora continua.

**SEO — Posicionamiento orgánico**

* Definir y ejecutar la estrategia SEO on\-page y off\-page, con foco en tráfico cualificado B2B.
* Realizar auditorías técnicas SEO periódicas y coordinar su implementación con el equipo técnico.
* Investigar palabras clave por segmento (High Performance, Biopharm, Nutrition \& Personal Care, E\&E Systems).
* Monitorizar rankings, tráfico orgánico y conversiones con herramientas analíticas.

**SEM — Publicidad de pago**

* Planificar, ejecutar y optimizar campañas en Google Ads (Search, Display, Shopping si aplica).
* Gestionar presupuestos de paid media con criterio de ROI.
* Realizar tests A/B de anuncios y landing pages para mejorar tasas de conversión.
* Reportar resultados y proponer ajustes de estrategia mensualmente.

**Redes sociales y comunicación digital**

* Gestionar los canales sociales de Venair (LinkedIn principalmente, y otros canales relevantes para el sector).
* Definir el calendario editorial y producir contenido alineado con la estrategia de marca.
* Hacer seguimiento de métricas de engagement, alcance y conversión en redes.
* Coordinar con el equipo de Marketing la coherencia entre comunicación online y offline.

**PERFIL BUSCADO**

**Experiencia y formación**

* Mínimo 3 años de experiencia en posiciones similares de marketing digital.
* Experiencia demostrable en empresas B2B industriales, de ingeniería o manufactura (imprescindible).
* Formación en Marketing, Comunicación, ADE o disciplinas afines.
* Residencia en Vallès Occidental.

**Conocimiento técnico de herramientas**

* CMS: WordPress u otros gestores de contenido web.
* SEO: SEMrush, Ahrefs o similar. Google Search Console. Google Analytics 4\.
* SEM: Google Ads (certificación Google valorada).
* Redes: LinkedIn Campaign Manager y herramientas de programación/analítica social.
* Reporting: capacidad de construir dashboards y leer datos con criterio.

**Competencias clave**

* Pensamiento analítico: tomas decisiones con datos, no con intuiciones.
* Orientación a resultados: un buen informe no te interesa si los números no mejoran.
* Capacidad de comunicar conceptos técnicos de forma clara — tanto en textos web como en posts.
* Autonomía y proactividad: no esperas que te digan qué optimizar.
* Trabajo en equipo con departamentos transversales (ventas, producto, técnico).

**Idiomas**

* Español: nivel nativo o profesional.
* Inglés: nivel alto (B2/C1\) imprescindible — Venair opera en mercados internacionales.
* Otros idiomas europeos: valorados.

**LO QUE OFRECEMOS**

* Contrato indefinido.
* Salario competitivo acorde a la experiencia aportada por el candidato.
* Plan de carrera y desarrollo profesional.
* Horario flexible de lunes a jueves (8:00\-9:00 a 16:45\-17:45\) y jornada intensiva los viernes (8:00 a 14:30\).
* Seguro médico privado con bonificación del 80% por parte de la empresa.
* Clases de inglés con profesor nativo.
* Formación continua en idiomas, producto, herramientas y negocio.
* Eventos corporativos.
* Ambiente de trabajo joven, dinámico y multicultural.

**PROCESO DE SELECCIÓN**


Si tu perfil encaja, el proceso es directo y sin burocracia innecesaria. Revisamos candidaturas, hacemos una primera llamada de contacto, y si avanzamos, una entrevista con el equipo de Marketing y RRHH. En algunos casos podemos pedir una prueba técnica breve."
coordinadora editorial,Colombia,indeed,Coordinador editorial - digital,Axioma Comunicaciones,"Bogotá, CUN, CO",2026-04-23,,,,https://co.indeed.com/viewjob?jk=3fd9bc2a6082852c,"¿Te apasiona el SEO, la analítica y el crecimiento digital?

En Axioma buscamos un/a **Coordinador/a de Contenido Digital** para fortalecer la ejecución del área y potenciar el rendimiento del contenido basado en datos.

**¿Qué harás?**

* Medir y analizar el desempeño del contenido (tráfico, posicionamiento y resultados)
* Gestionar herramientas SEO como Semrush y Ahrefs
* Realizar investigación de keywords y detectar oportunidades de contenido
* Construir reportes de tráfico orgánico, rankings y performance
* Identificar mejoras en contenido existente y proponer acciones
* Asegurar lineamientos SEO y apoyar la optimización continua
* Trabajar de la mano con el equipo de contenido y Head of Growth

**¿Qué buscamos?**

* 2 a 5 años de experiencia en SEO, analítica digital o marketing digital
* Manejo de herramientas como GA4, Search Console, Semrush o Ahrefs
* Capacidad para interpretar datos y convertirlos en acciones
* Perfil analítico, organizado, proactivo y orientado a resultados
* Experiencia trabajando con contenido enfocado en tráfico

Contrato por prestación de servicios (con posibilidad de contrato directo según desempeño)

Salario a convenir

Horario lunes a viernes

Tipo de puesto: Tiempo completo, Freelance

Lugar de trabajo: Empleo remoto"
marketing editorial,Spain,indeed,Strategy & Content Planner,INNOCV SOLUTIONS,"Madrid, MD, ES",2026-04-23,,,,https://es.indeed.com/viewjob?jk=141d2a34e88e85d4,"### ***Who are we?***


We are an international digital consulting firm specialized in driving the evolution of the business models of large and mid\-sized companies. We help our clients improve their competitiveness by connecting strategy, communication, design, technology, and data—always with a practical, impact\-oriented approach.


With more than 2,000 people across different countries, we work on end\-to\-end projects: from strategic definition to implementation, measurement, and continuous optimization. Our focus is on turning data into real business decisions, not just producing reports.

### ***About the role***


We are looking for a **Strategy \& Content Planner** to lead the development and execution of content strategies aligned with business and marketing goals.


You will play a key role in identifying audience needs, planning impactful content, and ensuring consistent delivery across all channels, working closely with cross\-functional teams.

### ***What do we value?***

* 3–4 years of experience in **content planning, digital strategy, or marketing roles.**
* Strong understanding of content strategy, SEO, and digital channels.
* Experience with **analytics tools (**Google Analytics, SEMrush, etc.).
* Strategic mindset with a focus on **performance and KPIs.**
* Strong organizational, communication, and teamwork skills.

### ***What you will do***

* **Define and execute content strategies** aligned with business goals.
* Plan and manage the editorial **calendar** across digital channels.
* Optimize content performance through **SEO and data analysis.**
* **Track KPIs** and continuously improve results based on insights.
* **Collaborate** with internal teams and external partners to deliver high\-quality content.
* **Identify trends and new content opportunities.**

###### **Tools \& Skills**

* **Content \& Strategy:** Editorial planning, storytelling, content strategy.
* **SEO \& Analytics:** Keyword research, performance tracking.
* **Tools:** Google Analytics, SEMrush, CMS platforms.
* **Skills:** Strategic thinking, analytical mindset, communication, organization.

### ***What do we offer you?***


At Alkemy, we work to help people develop their talent in a collaborative, demanding, and stimulating environment where ideas become reality.

* Projects with major national and international brands.
* A data\-driven environment where analytics, BI, media, and technology work in an integrated way.
* Flexibility and a hybrid work model.
* A team culture based on collaboration, autonomy, and continuous learning.


Active participation in the evolution of our services toward more intelligent, automated, and differentiated models, with AI applied to business.

**Would you like to grow with us?**  

If you’re looking for an environment where analytics plays a strategic role, innovation is applied with sound judgment, and data generates real impact…


We look forward to meeting you at Alkemy.

**Loyal to our commitment with diversity and inclusion, we encourage everybody to apply, especially those belonging to underrepresented groups such as LGTBIQ\+ members and those with disabilities..**"
marketing editorial,Spain,indeed,Junior Social Ads Specialist,Grupo Planeta,"Barcelona, CT, ES",2026-04-23,,,,https://es.indeed.com/viewjob?jk=13b925f74285261f,"Desde **Grupo Planeta** estamos buscando incorporar a un/a **Junior Social Ads Specialist** para incorporarse en el equipo del área Digital y RRSS, de una de nuestras divisiones del Grupo.





¿Cuáles serían tus principales funciones?





* Captación de leads para usuarios interesados en realizar un máster o cursos superiores.
* Creación, diseño, implementación, gestión, optimización y seguimiento de campañas en Social Ads (Meta, LinkedIn, TikTok, Pinterest…).
* Elaboración de informes periódicos de resultados, así como estudios y benchmarks de competencia.
* Mantenimiento y dinamización del contenido de la web.
* Apoyo en la definición y consecución del plan de marketing digital.

  

¿Qué nos gustaría ver en tu CV?





* Formación universitaria de grado medio o superior preferiblemente en Marketing, Empresariales, Economía, Publicidad o similares.
* Nivel avanzado en ofimática, especialmente Excel (tablas dinámicas).
* Dominio de Canva para la creación de creatividades, tanto estáticas (imágenes) como dinámicas (vídeos para IG Reels y TikTok).
* Se valora positivamente la experiencia en implementación de campañas de Social Ads (Meta, LinkedIn, TikTok, Pinterest, etc.) con clara orientación a resultados.
* Es deseable el manejo de herramientas de IA y conocimientos de inglés.




Encajarías con nosotros/as si te consideras una persona con...





* Proactividad.
* Capacidad de análisis.
* Habilidades comunicativas.
* Innovación.
* Organización.




¿Qué ofrecemos?





* Contrato indefinido y a jornada completa.
* Podrás desarrollarte profesionalmente gracias a nuestros planes de formación y desarrollo de talento interno.
* Descuentos y promociones exclusivas para nuestros empleados (másters y posgrados, sellos editoriales, coleccionables, Casa del Libro…).
* Un atractivo paquete de beneficios sociales a través del plan de retribución flexible que incluye: tarjeta transporte, tarjeta restaurante, cheque guardería, seguro médico, etc.
* Un ambiente de trabajo dinámico y colaborativo donde podrás poner en práctica tus habilidades y conocimientos.




**Si crees que es tu oportunidad laboral, ¡Te animamos a inscribirte y formar parte de nuestro equipo!**





*En Grupo Planeta ofrecemos igualdad de oportunidades. Nos comprometemos a tratar todas las candidaturas por igual en función de sus capacidades, logros y experiencia* *independientemente de su raza, nacionalidad, sexo, edad, discapacidad, orientación sexual, identidad de género o cualquier otra clasificación protegida por la ley.*"
marketing editorial,Spain,indeed,Prácticas Comunicación | Temas de Hoy,Grupo Planeta,"Barcelona, CT, ES",2026-04-23,,,,https://es.indeed.com/viewjob?jk=c119b312cdd85e36,"Desde **Grupo Planeta** estamos buscando un/a estudiante con interés en el sector editorial para realizar **Prácticas** **de Comunicación** en el equipo de **Temas de Hoy****.**


¿Cuáles serían tus principales funciones?





La persona dará soporte al equipo de prensa y de marketing en tareas como:


* Seguimiento de clipping y creación de la revista de prensa diaria.
* Envío de ejemplares a prensa e influencers.
* Apoyo en la creación de contenidos para redes.
* Redacción y elaboración de notas de prensa.
* Corrección de textos para publicar en prensa.
* Seguimiento de agendas de prensa.

  

¿Qué nos gustaría ver en tu CV?


* Formación en Periodismo, Comunicación, Publicidad o áreas afines.
* Interés por el sector editorial.
* Se valorarán conocimientos del paquete Office y el manejo de herramientas de clipping, Canva o de edición de vídeo.

Encajarías con nosotros/as si te consideras...


* Proactivo/a.
* Resolutivo/a.
* Creativo/a.
* Dinámico/a.
* Flexible.
* Con ganas de aprender.




Si crees que esta es tu oportunidad, ¡no dudes en inscribirte!



¡Te estamos esperando!





*En Grupo Planeta ofrecemos igualdad de oportunidades. Nos comprometemos a tratar todas las candidaturas por igual en función de sus capacidades, logros y experiencia independientemente de su raza, nacionalidad, sexo, edad, discapacidad, orientación sexual, identidad de género o cualquier otra clasificación protegida por la ley.*"
marketing editorial,Spain,indeed,Técnico/a de márketing,Domestiko,"Barcelona, CT, ES",2026-04-22,,,,https://es.indeed.com/viewjob?jk=9d483ccfd41c1134,"Se busca a alguien para encargarse de las estrategias de difusión de una editorial ubicada en Barcelona. La persona seleccionada trabajará a jornada completa, con 40 horas semanales distribuidas de lunes a viernes en horario de mañana, entre las 08:30 y las 18:30, respetando siempre los descansos legales.
  
  

El trabajo consiste en dar a conocer la marca tanto en España como en Latinoamérica, analizando los datos del mercado y creando campañas publicitarias eficaces. Además, se llevará la gestión del marketing digital, creando contenidos para redes sociales, manteniendo la página web y ocupándose de la presencia en otros medios.
  
  

También se realizará marketing presencial, representando a la editorial en ferias, eventos y presentaciones de libros, manteniendo un trato fluido con proveedores y distribuidores para asegurar el buen funcionamiento del negocio.
  
  

* Experiencia previa entre 2 y 3 años trabajando en un equipo de marketing.
* Buscamos a una persona dinámica y proactiva.
* Valorable residencia cercana al puesto de trabajo.


.
  
  

GS en Marketing y Publicidad o similar."
marketing editorial,Spain,indeed,Project Dissemination Officer,Barcelona Supercomputing Center (BSC),"Barcelona, CT, ES",2026-04-22,,,,https://es.indeed.com/viewjob?jk=3198e02047de22ab,"**Job Reference**
-----------------


83\_26\_MNG\_C\_PDO
**Position**
------------


Project Dissemination Officer
**Closing Date**
----------------


Thursday, 07 May, 2026
**Reference:** 83\_26\_MNG\_C\_PDO
**Job title:** Project Dissemination Officer  

  

**About BSC**  

  

The Barcelona Supercomputing Center \- Centro Nacional de Supercomputación (BSC\-CNS) is the leading supercomputing center in Spain. It houses MareNostrum, one of the most powerful supercomputers in Europe, was a founding and hosting member of the former European HPC infrastructure PRACE (Partnership for Advanced Computing in Europe), and is now hosting entity for EuroHPC JU, the Joint Undertaking that leads large\-scale investments and HPC provision in Europe. The mission of BSC is to research, develop and manage information technologies in order to facilitate scientific progress. BSC combines HPC service provision and R\&D into both computer and computational science (life, earth and engineering sciences) under one roof, and currently has over 1000 staff from 60 countries.  

  

Look at the BSC experience:  

BSC\-CNS YouTube Channel  

Let's stay connected with BSC Folks!  

  

We are particularly interested for this role in the strengths and lived experiences of women and underrepresented groups to help us avoid perpetuating biases and oversights in science and IT research. In instances of equal merit, the incorporation of the under\-represented sex will be favoured.  

  

We promote Equity, Diversity and Inclusion, fostering an environment where each and every one of us is appreciated for who we are, regardless of our differences.
  

  

If you consider that you do not meet all the requirements, we encourage you to continue applying for the job offer. We value diversity of experiences and skills, and you could bring unique perspectives to our team.  

  

**Context And Mission**  

  

We are looking for a native English speaker (or equivalent) to work on the dissemination of European collaborative research projects and other dissemination\-related activities. The chosen candidate will work within the BSC’s project dissemination unit in collaboration with the other team members within the Management department, collaborating with another member of the team, researchers and external partners. The mission of the role will be to create scientific communication actions regarding relevant research activities and results achieved to the scientific community, industry and general public.  

  

**Key Duties**  

  

* Organization of project events (conferences, summer schools, networking events, etc.)
* Maintain close contact with project management team/researchers through regular meetings and teleconferences
* Scientific result identification and its dissemination
* Creation of content for the project dissemination materials (website, social media, newsletters, press releases, videos, magazines, posters, leaflets) and ensure these are distributed at appropriate venues
* Identify suitable fora in which disseminate the projects, develop and extend press strategies
* Coordinate the work of multiple partners
* Establish and monitor Key Performance Indicators
* Compilation of reporting information, drafting and editing of project reports
* Liaise with relevant representatives from funding bodies and related projects
* Represent BSC and its projects in meetings (including project reviews)
  

  

**Requirements**  

  

* Education
	+ Preferably Bachelor’s degree in communication, journalism, English or related fields (marketing, advertising, public relations etc.)
	+ Expirience in scientific communication or similar and specific courses a plus
* Essential Knowledge and Professional Experience
	+ At least 2 years experience in science communication, or management of research projects, or science degree holders with interest/experience in communication
	+ Professional proficiency in English; Spanish/Catalan considered an advantage
	+ Willingness to occasionally travel in Europe
* Competences
	+ Excellent written and verbal communication skills, including good editorial skills
	+ Ability to take the initiative, prioritise and work to deadlines
	+ Ability to work both independently and to coordinate closely with a team
	+ Outgoing personality
	+ Ability to understand scientific messages and effectively transmit them to a variety of different audiences
	+ Good organisational skills and the ability to simultaneously manage multiple projects
	+ Capacity to interact and build strong relations with a diverse member/stakeholder/staff base
	+ Creativity and the ability generate innovative communication tools (print/online)

  

**Conditions**  

  

* The position will be located at BSC within the Directors Department
* We offer a full\-time contract (35h/week), a good working environment, a highly stimulating environment with state\-of\-the\-art infrastructure, flexible working hours, extensive training plan, restaurant tickets, private health insurance, support to the relocation procedures
* Duration: Open\-ended contract due to technical and scientific activities linked to the project and budget duration
* Holidays: 22 days of holidays \+ 6 personal days \+ 24th and 31st of December per our collective agreement
* Salary: we offer a competitive salary commensurate with the qualifications and experience of the candidate and according to the cost of living in Barcelona
* Starting date: asap
  

  

**Applications procedure and process**  

  

All applications must be submitted via the BSC website and contain:  

  

* A full CV in English including contact details
* A cover/motivation letter with a statement of interest in English, clearly specifying for which specific area and topics the applicant wishes to be considered. Additionally, two references for further contacts must be included. Applications without this document will not be considered.

  

**Development of the recruitment process**

  

The selection will be carried out through a competitive examination system (""Concurso\-Oposición""). The recruitment process consists of two phases:  

  

* **Curriculum Analysis:** Evaluation of previous experience and/or scientific history, degree, training, and other professional information relevant to the position. \- ***40 points***
* **Interview phase:** The highest\-rated candidates at the curriculum level will be invited to the interview phase, conducted by the corresponding department and Human Resources. In this phase, technical competencies, knowledge, skills, and professional experience related to the position, as well as the required personal competencies, will be evaluated. \- ***60 points.*** *A minimum of 30 points out of 60 must be obtained to be eligible for the position.*

  

The recruitment panel will be composed of at least three people, ensuring at least 25% representation of women.

  

In accordance with OTM\-R principles, a gender\-balanced recruitment panel is formed for each vacancy at the beginning of the process. After reviewing the content of the applications, the panel will begin the interviews, with at least one technical and one administrative interview. At a minimum, a personality questionnaire as well as a technical exercise will be conducted during the process.

  

The panel will make a final decision, and all individuals who participated in the interview phase will receive feedback with details on the acceptance or rejection of their profile.

  



  

  

At BSC, we seek continuous improvement in our recruitment processes. For any suggestions or comments/complaints about our recruitment processes, please contact recruitment \[at] bsc \[dot] es.  

For more information, please follow this link.

  

  

**Deadline**  

  

The vacancy will remain open until a suitable candidate has been hired. Applications will be regularly reviewed and potential candidates will be contacted.  

  

**OTM\-R principles for selection processes**  

  

BSC\-CNS is committed to the principles of the Code of Conduct for the Recruitment of Researchers of the European Commission and the Open, Transparent and Merit\-based Recruitment principles (OTM\-R). This is applied for any potential candidate in all our processes, for example by creating gender\-balanced recruitment panels and recognizing career breaks etc.  

BSC\-CNS is an equal opportunity employer committed to diversity and inclusion. We are pleased to consider all qualified applicants for employment without regard to race, color, religion, sex, sexual orientation, gender identity, national origin, age, disability or any other basis protected by applicable state or local law.  

For more information follow this link"
marketing editorial,Spain,indeed,Persona en Prácticas- Area Comunicación,,"Madrid, MD, ES",2026-04-22,,,,https://es.indeed.com/viewjob?jk=17a35501348ee216,"AECIM, como asociación empresarial más representativa del sector industrial en la Comunidad de Madrid, apuesta por la incorporación del talento joven para reforzar su área de Comunicación.


**Tareas**
----------



Gestión de varias webs y RR.SS de distintas asociaciones.


* Redacción: contenidos para noticias, copys para redes y notas de prensa.
* Estrategia: redacción orientada a la conversión y elaboración de calendarios editoriales.
* Institucional: Relación con medios de comunicación.

**Requisitos**
--------------


* Formación en Periodismo y/o Master Marketing y Comunicación.
* Competencias y habilidades deseables: Redes sociales: conocer el entorno de Linkedin, páginas de empresa (gestión de mensajes y comunidad) – nivel medio
* Web: conocer el entorno de wordpress – gestión de contenidos (entradas y páginas) \-nivel medio – nivel medio
* Diseño: Canva (básico\-medio) – conocer el entorno y gusto e interés por la estética – nivel medio.
* Valorable: Conocimientos en edición de vídeos.


Habilidades:


* Trabajo en equipo
* Proactividad
* Visión editorial

**Beneficios**
--------------



Ayuda económica



Jornada intensiva Julio\- agosto.



Jornada intensiva los viernes.



Duración de las prácticas: Incorporación Inmediata y hasta finales de Diciembre.



Aprovecha la oportunidad de realizar prácticas en un entorno dinámico de empresa, realizando tareas supervisadas que formarán parte de tu curriculum. Será el momento de poner en práctica los conocimientos adquiridos durante el periodo académico."
marketing editorial,Spain,indeed,Junior Content Manager - Health,VML The Cocktail,"Madrid, MD, ES",2026-04-21,,,,https://es.indeed.com/viewjob?jk=db449b236fccecf7,"The Cocktail es una consultora tecnológica multinacional cuya misión es acelerar el crecimiento sostenible de nuestros clientes. Movilizamos grandes organizaciones para mejorar la relación entre las marcas y personas mediante el diseño, los datos y la tecnología. Entendemos lo que nuestros clientes necesitan y orquestamos capacidades para lograr esos objetivos a una velocidad de vértigo.



Nuestra cultura se basa en la diversidad, creatividad y en la mezcla de especialistas (estrategia, diseño, tecnología, data, investigación…) Nuestras carreras se caracterizan por un crecimiento profesional exponencial, y por la participación en proyectos con impacto real en grandes clientes.



Formar parte de The Cocktail implica rodearse de un equipo inspirador del que aprender y que te ayudará a crecer. Trabajamos bajo la máxima de que es mejor pedir perdón que permiso, por eso, esperamos de ti una visión disruptiva y challenger, inconformismo y pasión por la excelencia y los desafíos.



Si quieres moverte en un entorno retador, crear proyectos innovadores y hacer que las cosas pasen, The Cocktail es para ti.


**Sobre** **WPP**



WPP es el partner de confianza para el crecimiento de las marcas líderes a nivel mundial. Unimos inteligencia de medios y soluciones de datos de vanguardia, creatividad de primer nivel, producción de última generación, soluciones empresariales transformadoras y asesoramiento estratégico puntero en una sola empresa, impulsada por un talento excepcional y nuestra plataforma de agentic marketing, WPP Open, para ayudar a nuestros clientes a navegar por el cambio, aprovechar las oportunidades y lograr un crecimiento transformador. Para obtener más información, visite WPP.com.

**Sobre WPP**



WPP es el socio de crecimiento de confianza para las marcas líderes del mundo. Unimos inteligencia de medios de vanguardia y soluciones de datos, creatividad de clase mundial, producción de próxima generación, soluciones empresariales transformadoras y asesoramiento estratégico experto en una única empresa, impulsada por talento excepcional y nuestra plataforma de marketing agencial, WPP Open, para ayudar a nuestros clientes a navegar el cambio, capturar oportunidades y generar un crecimiento transformador. Para más información, visite WPP.com.



\[INSERTE LA DESCRIPCIÓN DEL PUESTO AQUÍ]



En VML, estamos comprometidos a fomentar un entorno laboral totalmente inclusivo que sea gratificante y propicie el desarrollo profesional. Creemos en la creación de un entorno de trabajo dinámico que valore la diversidad y la inclusión, y nos esforzamos por reclutar una lista diversa de candidatos para ayudarnos a lograr ese objetivo. Estaremos encantados de proporcionar acomodos razonables a las personas con discapacidades que necesiten un acomodo para usar o acceder al sitio de carreras de VML o para participar plenamente en el proceso de solicitud. Si necesita un acomodo para completar su solicitud u otro aspecto de nuestro proceso de reclutamiento debido a una discapacidad, comuníquese con nuestro departamento de Recursos Humanos o envíe un correo electrónico a (contacto de RR. HH.) para solicitarla.



Al hacer clic en ""Enviar solicitud"", la información que ingrese a continuación se enviará a VML. Antes de continuar, le sugerimos que revise nuestra Política de Privacidad de Reclutamiento. Los residentes de California deben revisar nuestro Aviso de Privacidad de Reclutamiento de California. En estos documentos se explica cómo utilizamos sus datos personales cuando solicita un puesto con nosotros, así como la forma en que puede actualizar o eliminar la información que nos ha proporcionado.

  


**Así somos:**  



**VML Health** (integrada dentro de **VML The Cocktail**) es una agencia de innovación y crecimiento en un mundo en constante evolución, reconocida como Agencia Health del año en nuestro país por 5º año consecutivo. Contamos con un legado de un siglo de experiencia combinada, donde la creatividad se une a la tecnología para potenciar la inspiración. Nuestra experiencia abarca todo el recorrido del cliente, ofreciendo profundos conocimientos en comunicación, comercio, consultoría, CRM, CX, datos, producción y tecnología. Proporcionamos soluciones integrales que resultan en proyectos revolucionarios, además contamos con un equipo global de más de 30\.000 empleados en más de 150 oficinas en mercados, cada uno contribuyendo a una cultura que valora la conexión, el sentido de pertenencia y el poder de las diferencias.  


### **Responsabilidades:**


* Gestión y publicación de contenidos en plataformas digitales y entornos web.
* Subida y maquetación de contenidos en los principales CMS del mercado (Drupal, WordPress u otros), utilizando bloques y estructuras predefinidas.
* Programación y planificación editorial de contenidos en redes sociales.
* Apoyo en la gestión de calendarios de contenido y coordinación con equipos de social media y cuentas.
* Gestión y actualización de plataformas de contenido para eventos digitales y streamings (por ejemplo, SpotMe u otras herramientas similares).
* Asegurar la correcta implementación de contenidos siguiendo guías de marca, estándares de calidad y requisitos del sector healthcare.
* Colaboración con equipos multidisciplinares (contenido, tecnología, diseño y cuentas).

### **Requisitos:**


* Formación en Comunicación, Marketing Digital, Publicidad o similar.
* Experiencia junior (prácticas o 1–2 años) en roles de Content Manager, Content Editor o Digital Content.
* Conocimientos prácticos en CMS como Drupal, WordPress u otras plataformas similares.
* Experiencia en subida y gestión de contenidos a partir de estructuras y bloques predefinidos.
* Conocimientos básicos de planificación y programación de contenidos en redes sociales.
* Experiencia o interés en la gestión de plataformas de contenido para eventos digitales y/o streamings (SpotMe u otras).
* Perfil organizado, metódico y con atención al detalle

  




Beneficios de trabajar con nosotros:


* Flexibilidad horaria
* Modelo híbrido, en Madrid
* Plan de carrera personalizado y formación continua
* No tenemos dress code. Ven como quieras a trabajar.
* ️ Descuentos exclusivos y tiempo para tu crecimiento.
* Acceso a retribución flexible
* Iniciativas de apoyo a la maternidad y políticas de igualdad y diversidad.


En VML, estamos comprometidos a fomentar un entorno laboral totalmente inclusivo que sea gratificante y propicie el desarrollo profesional. Creemos en la creación de un entorno de trabajo dinámico que valore la diversidad y la inclusión, y nos esforzamos por reclutar una lista diversa de candidatos para ayudarnos a lograr ese objetivo. Estaremos encantados de proporcionar acomodos razonables a las personas con discapacidades que necesiten un acomodo para usar o acceder al sitio de carreras de VML o para participar plenamente en el proceso de solicitud. Si necesita un acomodo para completar su solicitud u otro aspecto de nuestro proceso de reclutamiento debido a una discapacidad, comuníquese con nuestro departamento de Recursos Humanos o envíe un correo electrónico a (contacto de RR. HH.) para solicitarla.



Al hacer clic en ""Enviar solicitud"", la información que ingrese a continuación se enviará a VML. Antes de continuar, le sugerimos que revise nuestra Política de Privacidad de Reclutamiento. Los residentes de California deben revisar nuestro Aviso de Privacidad de Reclutamiento de California. En estos documentos se explica cómo utilizamos sus datos personales cuando solicita un puesto con nosotros, así como la forma en que puede actualizar o eliminar la información que nos ha proporcionado.

  



We believe the best work happens when we're together, fostering creativity, collaboration, and connection. That's why we've adopted a hybrid approach, with teams in the office an average of four days a week. If you require accommodations or flexibility, please discuss this with the hiring team during the interview process.



WPP (VML) is an equal opportunity employer and considers applicants for all positions without discrimination or regard to characteristics. We are committed to fostering a culture of respect in which everyone feels they belong and has the same opportunities to progress in their careers.



VML is a WPP agency (NYSE: WPP). For more information, please visit www.vml.com, and follow along on Instagram, LinkedIn, and X.



When you click ""Submit Application"", this will send any information you add below to VML. Before you do this, we think it's a good idea to read through our Recruitment Privacy Policy. California residents should read our California Recruitment Privacy Notice. This explains what we do with your personal data when you apply for a role with us, and, how you can update the information you have provided us with or how to remove it.

  


Creemos que el major trabajo se realiza cuando estamos juntos, fomentando la creatividad, la colaboración y la conexión. Por eso hemos adoptado un enfoque híbrido, con equipos en la oficina una media de cuatro días a la semana. Si necesitas adaptaciones o flexibilidad, coméntalo con el equipo de contratación durante el proceso de entrevista.



WPP (The Cocktail at VML) es una empresa que ofrece igualdad de oportunidades y considera a los candidatos para todos los puestos sin discriminación ni consideración de características. Nos comprometemos a fomentar una cultura de respeto en la que todos se sientan parte de la empresa y tengan las mismas oportunidades de progresar en sus carreras.



Al hacer clic en ""Enviar solicitud"", se enviará a VML toda la información que añada a continuación. Antes de hacerlo, le recomendamos que lea nuestra Política de privacidad de contratación. Los residentes en California deben leer nuestro Aviso de privacidad de contratación en California. En él se explica qué hacemos con sus datos personales cuando solicita un puesto en nuestra empresa y cómo puede actualizar la información que nos ha proporcionado o cómo eliminarla."
marketing editorial,Spain,indeed,Coordinador/a Académico/a (FP),Grupo Planeta,"l'Hospitalet de Llobregat, CT, ES",2026-04-21,,,,https://es.indeed.com/viewjob?jk=cba9fd30389eaed8,"Desde Grupo Planeta nos encontramos en la búsqueda de un/a **Coordinador/a Académico/a** para Barcelona Culinary Hub, perteneciente a la división de Planeta Formación y Universidades.





¿Cuáles serían tus principales funciones?


**Acompañamiento al estudiante**


* Gestionar el proceso de acompañamiento del estudiante y ser su punto de referencia en el proceso formativo.
* Gestión y resolución de dudas e incidencias.
* Apoyo al seguimiento de la incorporación del estudiante.

**Soporte a profesores y directores de programa**


* Dar soporte y formación técnica al claustro.
* Dar soporte al claustro en la gestión de los materiales docentes.
* Contabilización y seguimiento de las horas de docencia impartidas por los profesores.
* Gestión y resolución de incidencias.

**Seguimiento de programas**


* Coordinar los componentes logísticos de los programas (calendarización, recursos, espacios, videoconferencias, etc.)
* Seguimiento de la matriculación de los estudiantes en el sistema
* Actualización y modificación de profesores y horarios
* Realización de comunicaciones, anuncios y notificaciones
* Seguimiento del claustro en las evaluaciones
* Elaboración de las actas de las reuniones de delegados con el director del programa

**Apoyo a otras áreas de la escuela y tareas de carácter general**


* Soporte a las actividades académicas fuera del aula (residenciales, eventos, etc.)
* Apoyo e interrelación con el resto de áreas de la escuela para la resolución de incidencias y gestión de alumnos
* Reporte de la gestión de bajas y abandonos de estudiantes a administración comercial
* Otras funciones que se consideren oportunas para su puesto de trabajo.

  

¿Qué nos gustaría ver en tu CV?


* Formación universitaria.
* Dominio del Paquete Office.
* Experiencia profesional, mínima de 2 años coordinando ciclos formativos.
* Valorable formación y conocimientos en Psicología, Comunicación o Marketing.
* Valorable inglés.
* Valorable conocimientos deQBIT y RALC.

Encajarías con nosotros/as si te consideras una persona:


* Proactiva.
* Con capacidad analítica.
* Organizada, planificada y con dotes de gestión.
* Resiliente y con capacidad de negociación.




¿Qué ofrecemos?


* Contrato estable: Indefinido y a jornada completa.
* Descuentos y promociones exclusivas para nuestros empleados (masters y posgrados, sellos editoriales, coleccionables, Casa del Libro...).
* Un atractivo paquete de beneficios sociales a través del plan de retribución flexible que incluye: tarjeta transporte, tarjeta restaurante, cheque guardería, seguro médico, etc.




Si crees que es tu oportunidad laboral, ¡Te animamos a inscribirte y formar parte de nuestro equipo!


*En Grupo Planeta ofrecemos igualdad de oportunidades. Nos comprometemos a tratar todas las candidaturas por igual en función de sus capacidades, logros y experiencia* *independientemente de su raza, nacionalidad, sexo, edad, discapacidad, orientación sexual, identidad de género o cualquier otra clasificación protegida por la ley.*"
marketing editorial,Spain,indeed,Prácticas Marketing y Comunicación | Área ESPASA,Grupo Planeta,"Madrid, MD, ES",2026-04-21,,,,https://es.indeed.com/viewjob?jk=7d19ff28b91a1c0f,"Desde **Grupo Planeta** estamos buscando a un/a estudiante que quiera realizar unas **prácticas de Marketing y Comunicación** para el **Área ESPASA** en nuestra Editorial de Madrid.


¿En qué consistirá tu día a día?



La persona en prácticas dará soporte al Departamento de Marketing y Comunicación en el Área de literatura juvenil en diferentes funciones:


* Dará apoyo en la gestión y creación de contenidos para redes sociales.
* Colaborará en la organización de eventos del departamento (presentaciones de libros, firmas, etc.).
* Participará en acciones digitales: envío de ejemplares a bookstagrammers, coordinación de unboxings y colaboraciones promocionales.
* Aprenderá sobre acciones relacionadas con el punto de venta.
* Dará apoyo en la creación de creatividades del departamento.
* Colaborará en iniciativas de comunicación como cierre de entrevistas, podcasts y otras acciones de difusión.




¿Qué ofrecemos?


* Beca remunerada.
* Jornada parcial, de 9h a 14h, con flexibilidad en la entrada y salida.
* Modalidad 100% presencial en nuestras oficinas de Madrid.
* Aprendizaje continuo en un equipo dinámico, profesional y experto en la materia.

  

¿Qué nos gustaría ver en tu CV?


* Formación en Marketing, Marketing Digital o áreas afines.
* Buen manejo del paquete Office.
* Se valorarán conocimientos en herramientas de diseño de imagen y vídeo como Canva, CapCut o similares.
* Interés por las redes sociales y el entorno digital.




Encajarías con nosotros/as si te consideras una persona…


* Con pasión por la lectura.
* Interés por entornos digitales.
* Organizada y resolutiva.
* Con habilidades comunicativas.
* Creativa.
* Con espíritu de trabajo en equipo.
* Con muchas ganas de aprender.

Si crees que es tu oportunidad, ¡Te animamos a inscribirte y formar parte de nuestro equipo!





*En Grupo Planeta ofrecemos igualdad de oportunidades. Nos comprometemos a tratar todas las candidaturas por igual en función de sus capacidades, logros y experiencia independientemente de su raza, nacionalidad, sexo, edad, discapacidad, orientación sexual, identidad de género o cualquier otra clasificación protegida por la ley.*"
marketing editorial,Spain,indeed,Marketing Intern – Prácticas para estudiantes,Miiro Borneta Hotel,"Barcelona, CT, ES",2026-04-20,,,,https://es.indeed.com/viewjob?jk=e86b1228829d4680,"**About Miiro Borneta Hotel**  

Located in the charming Born district, at the very heart of Barcelona’s Ciutat Vella, Miiro Borneta Hotel offers 92 stylish rooms, an open\-kitchen restaurant, a cocktail bar, and a spectacular rooftop terrace with breathtaking views of the city center. We are a hotel full of personality, style, and a dynamic atmosphere, where teamwork and both guest and employee experiences are equally valued.


**About the Position**  

We are looking for a highly organized and proactive **Marketing \& Content Intern** to support marketing execution, asset delivery, and content production across digital and on\-site channels. You will help manage websites, newsletters, events promotion, content creation, and guest communications, ensuring strong collaboration, brand consistency, and timely delivery across all touchpoints.


This is a **hands\-on internship** designed for **students who can sign a university internship agreement (convenio de prácticas)**. Please note, this is **not a labor contract**, but a learning opportunity. A **study allowance of €450/month** is provided.


**Main Responsibilities**


**Website \& Digital**


* Support the marketing junior with website updates, menus, events pages, and new or seasonal landing pages.
* Coordinate and update website content with previews before publishing.
* Assist with development of new pages and expansion opportunities.

**Newsletters \& Campaigns**


* Help plan, create, and distribute newsletters.
* Support campaign coordination, content preparation, and asset alignment.

**Events \& Visibility**


* Support promotion of recurring and special events across social media, platforms, and websites.
* Coordinate marketing assets with partners.
* Maintain weekly programming visibility tools and monthly calendars for internal guests.
* Research partnerships, activations, and bar takeover opportunities.

**Marketing Materials**


* Assist with brochures and promotional materials (content, layout, assets).

**PR, Social \& Community**


* Support social media community management.
* Assist PR agency with influencer collaborations and hosted stays.
* Contribute to developing the brand’s presence on TikTok.

**Content \& Assets**


* Support production and organization of visuals, videos, and captions. Update weekly lunch menus and seasonal “A la carte” Menus.
* Assist with editorial and local experience content.

**Guest Communication**


* Update guest\-facing information and support initiatives that enhance on\-site engagement.

**Requirements \& Skills**


* Studying or recently graduated in Marketing, Communications, Hospitality, or similar.
* Strong organization and attention to detail.
* Solid knowledge of digital marketing, social media, and community management.
* Strong communication skills and ability to multitask.
* Creative mindset and interest in lifestyle and events.
* Ability to use Canva, Illustrator, and InDesign are a plus.
* Proactive, collaborative, and eager to learn in a fast\-paced environment.

**What You’ll Gain**


* Hands\-on experience in digital marketing, content production, and event promotion.
* Exposure to real campaigns and cross\-functional collaboration.
* Practical insight into lifestyle hospitality marketing.
* And most importantly, the opportunity to work in one of the best luxury hotels in Barcelona (elected by The Times), with a fantastic and diverse team where lifestyle and people are truly at the heart of everything we do.
* A study allowance of €450/month."
marketing editorial,Spain,indeed,Becario/a de Marketing,Criteria Recursos Humanos,"Barcelona, CT, ES",2026-04-20,,,,https://es.indeed.com/viewjob?jk=91af93ef93ce05cf,"En Criteria Recursos Humanos somos especialistas en aportar soluciones para potenciar el capital humano de nuestras empresas cliente, entendiendo sus necesidades y ayudándolas a sacar el máximo potencial a sus capacidades.


Somos un grupo de profesionales comprometidos y comprometidas, que trabajamos cada día con ilusión. Hacemos nuestros los objetivos de nuestras empresas cliente y nos esforzamos con entusiasmo para conseguirlos, ¿Te unes a nuestro equipo?.


Buscamos incorporar un/a **Becario/a de Marketing en modalidad presencial en Barcelona o Madrid** para dar soporte al departamento en la ejecución de acciones de comunicación, contenido y eventos. La persona seleccionada trabajará junto al Técnico de Marketing y tendrá la oportunidad de participar en proyectos variados en un entorno dinámico.


##### **¿Cómo será tu día a día?**

**Creatividades y diseño gráfico**


– Elaboración de piezas gráficas para redes sociales, campañas y materiales promocionales (principalmente con Canva).


– Apoyo en la creación de presentaciones corporativas y materiales de venta.

**Redes sociales**


– Gestión y publicación de contenido en LinkedIn y otras plataformas.


– Elaboración del calendario editorial y seguimiento de métricas básicas.


– Redacción de copies adaptados al tono y posicionamiento de la marca.

**Email marketing**


– Apoyo en el diseño y envío de campañas de emailing a la base de datos de clientes y leads.


– Seguimiento de métricas (aperturas, clics) y elaboración de informes básicos.

**Webinars y eventos online**


– Coordinación operativa de webinars: convocatoria, comunicaciones previas, soporte técnico el día del evento y seguimiento posterior.


– Apoyo en la preparación de materiales y presentaciones para los ponentes.

**Eventos presenciales**


– Apoyo logístico en la organización de eventos formativos y jornadas presenciales.


– Gestión de comunicaciones con asistentes y seguimiento de inscripciones.

**Requisitos Obligatorios**


Conocimientos y habilidades  

– Manejo de Canva o herramientas similares de diseño.  

– Soltura en redes sociales profesionales, especialmente LinkedIn.  

– Capacidad de redacción clara y correcta en castellano.  

– Organización y atención al detalle.  

– Actitud proactiva y ganas de aprender.

**Otros aspectos valorables**


– Conocimientos básicos de herramientas de email marketing (Mailchimp, HubSpot o similares).  

– Experiencia o prácticas previas en marketing o comunicación.  

– Familiaridad con el entorno B2B o el sector de formación y RRHH.


En Criteria Recursos Humanos, sabemos que las personas son lo más importante.


Nuestra misión es ayudarte a conseguir el trabajo que realmente deseas, uno en el que puedas crecer y desarrollar todo tu potencial. Criteria es una empresa comprometida con la igualdad de oportunidades entre mujeres y hombres y la diversidad, por lo que asegura que la totalidad de los procesos se realizan asegurando la transparencia e igualdad y libres de cualquier estereotipo o prejuicio de género y garantizando la inclusión de todas las personas.


Gracias a nuestra experiencia y conocimiento del mercado laboral, te guiaremos durante todo el proceso, ofreciéndote el apoyo necesario para que destaques como la mejor elección. Nos tomamos el tiempo para conocerte a fondo y asegurarnos de que el puesto encaje contigo.


¿Estás listo/a para aceptar un nuevo reto?"
marketing editorial,Spain,indeed,E-CONTENT SPECIALIST (Portugues Native),Sephora,"Madrid, MD, ES",2026-04-18,,,,https://es.indeed.com/viewjob?jk=1339e308dce741f3,"At Sephora, beauty is about feeling seen, valued, and empowered, both individually and collectively. It’s about connecting deeply with others, celebrating diversity and inclusion, unlocking your potential, and making a difference every day. Together, we are part of something beautiful. Since its creation in 1969 in Limoges, France, and as part of the LVMH Group since 1997, Sephora has been redefining the prestige beauty retail industry. Today, Sephora continues to break conventions to drive its mission: to champion a world of inspiration and inclusion where everyone can celebrate their beauty.

### **RESPONSIBILITIES:**


Collaborate in the planning of the editorial and promotional calendar across Web \& App


Plan, execute, and update daily content on the website and app, ensuring correct implementation of campaigns and animations


Contribute to blog and editorial content with SEO optimization


Coordinate with brands to establish animation calendars and develop their digital presence and brand spaces


Brief and manage the creative agency: briefing, follow\-up on proposals, and execution of digital assets (banners, landings, emails)


Coordinate the implementation of Sampling and GWPs


Promote new animations and initiatives to engage customers and drive ecommerce performance

### 

### **INTERNAL RELATIONSHIPS:**


CRM, Digital, Marketing, Commercial, Offer, Supply Chain


Central teams – daily interaction

### **EXTERNAL RELATIONSHIPS:**


Creative agencies


Brands

### **TECHNICAL SKILLS:**


Communication and creativity


Organizational skills: ability to prioritize


Customer\-oriented mindset


Trend scouting and knowledge of best practices


Analytical capacity and results\-driven mindset

### **TOOLS:**


CMS (Salesforce Commerce Cloud is a must)


Google Analytics (reporting, Tag Manager, etc.)


Microsoft Office


Digital content tools (HTML, banners, display, landings)

### 

### **LOCATION:**


Spain

### **EXPERIENCE:**


Experience in Content Management Systems is required (Salesforce highly valuable)

### **LANGUAGES:**


 Portuguese Native, Fluenty in English and Spanish

### 

### **WHAT WE OFFER**

* The opportunity to contribute to strategic decisions that drive ecommerce growth
* A culture that values authenticity, diversity, and inclusion
* An environment of empowerment, learning, and growth with opportunities to innovate and lead
* The chance to be part of the world’s leading luxury beauty retailer – LVMH

  

Join us and be part of something beautiful.


At Sephora, we celebrate diversity and are committed to creating and fostering an inclusive environment for all."
marketing editorial,Spain,indeed,Social Media Manager (Corporate Digital Focus),Daniel J. Edelman Holdings,"Barcelona, CT, ES",2026-04-17,,,,https://es.indeed.com/viewjob?jk=9cb91cff070cf59b,"Edelman is a voice synonymous with trust, reimagining a future where the currency of communication is action. Our culture thrives on three promises: boldness is possibility, empathy is progress, and curiosity is momentum.


At Edelman, we understand diversity, equity, inclusion and belonging (DEIB) transform our colleagues, our company, our clients, and our communities. We are in relentless pursuit of an equitable and inspiring workplace that is respectful of all, reflects and represents the world in which we live, and fosters trust, collaboration and belonging.  



  

We are looking for a Social Media Manager to join our growing Digital team in Spain, with a strong focus on LinkedIn and executive positioning.


**What** **you’ll** **do**

* Manage social media accounts end\-to\-end (strategy, execution, reporting)
* Develop content plans and editorial calendars
* Create and adapt content aligned to client objectives
* Deliver reporting with actionable insights and recommendations
* Act as a day\-to\-day client contact
* Conduct trend analysis and benchmarking
* Collaborate with cross\-functional teams
* Support new business and internal initiatives
**What** **we’re** **looking for**

* 2–4 years of experience in social media or digital marketing
* Experience managing accounts independently (agency preferred)
* Strong understanding of corporate social media (LinkedIn mainly)
* Strong writing and content creation skills
* Ability to translate business goals into strategy
* Analytical mindset with reporting experience
* Strong organization and communication skills
* Fluent English; Spanish required ; Catalan is a plus
**What will set you apart**

* Experience in healthcare or pharma
* Executive positioning experience
* Proactive and ideas\-driven mindset
* Interest in AI and innovation
**Why join Edelman**

* Work with global clients and large\-scale projects
* Join a fast\-growing digital team
* Exposure to international collaboration
* Clear path toward a Digital Consultant role
* Culture of curiosity, collaboration, and learning
We are dedicated to building a diverse, inclusive, and authentic workplace, so if you’re excited about this role but your experience doesn’t perfectly align with every qualification, we encourage you to apply anyway. You may be just the right candidate for this or other roles."
marketing editorial,Spain,indeed,Content Marketing Manager,Air Apps,"Madrid, MD, ES",2026-04-17,,,,https://es.indeed.com/viewjob?jk=9073e2d5cfefd101,"**About Air Apps**
==================


At Air Apps, we believe in thinking bigger—and moving faster. We’re a family\-founded company on a mission to create the world’s first AI\-powered Personal \& Entrepreneurial Resource Planner (PRP), and we need your passion and ambition to help us change how people plan, work, and live. Born in Lisbon, Portugal in 2018—and now with offices in both Lisbon and San Francisco—we’ve remained self\-funded while reaching over 100 million downloads worldwide.


Our long\-term focus drives us to challenge the status quo every day, pushing the boundaries of AI\-driven solutions that truly make a difference. Here, you’ll be a creative force, shaping products that empower people across the globe.


Join us on this journey to redefine resource management—and change lives along the way.

**The Role**
============


As a **Content Marketing Manager** at Air Apps, you will be responsible for **developing and executing a content strategy** that positions us as a thought leader in the industry. You will create **engaging, high\-quality content** such as **blog posts, whitepapers, case studies, and email campaigns** to educate and attract users.


This role requires a mix of **storytelling, SEO expertise, and data\-driven decision\-making** to grow our audience and increase brand visibility.

* This is a **fully onsite position**, based at our office in Lisbon, where you will collaborate closely with cross\-functional teams in person and contribute to a dynamic and fast\-paced environment. **We are open to support with relocation efforts.**

**Responsibilities**
====================

* Develop and execute a **content strategy** that aligns with business goals and target audiences.
* Write, edit, and manage high\-quality **blog posts, whitepapers, case studies, eBooks, and email campaigns**.
* Conduct **keyword research and SEO optimization** to improve content visibility and search rankings.
* Collaborate with **designers, developers, and product teams** to create compelling content assets.
* Manage the **content calendar** to ensure consistent publication and engagement.
* Analyze **content performance metrics** and optimize for engagement, lead generation, and conversions.
* Develop **brand messaging and storytelling** that resonates with our audience.
* Research industry trends, competitor content, and best practices to refine strategy.
* Work with **guest bloggers, influencers, and external writers** to expand content reach.

**Requirements**
================

* Around **4\+ years** of experience in **content marketing, copywriting, or editorial roles**.
* Exceptional writing and editing skills with a strong command of **storytelling and brand voice**.
* Experience with **SEO tools** (Google Search Console, Ahrefs, SEMrush, Moz) and content optimization techniques.
* Strong understanding of **digital marketing, inbound marketing, and content distribution**.
* Ability to **analyze content metrics** and adapt strategies based on data insights.
* Experience managing **content calendars, editorial workflows, and content management systems (CMS)** like WordPress.
* Familiarity with **email marketing tools** (e.g., Mailchimp, HubSpot) is a plus.
* Ability to work independently in a **fast\-paced, remote\-first environment**.
* A portfolio of published work showcasing **blog posts, whitepapers, or case studies**.

**What benefits are we offering?**
==================================

* **Apple hardware** ecosystem for work.
* **Annual Bonus**
* **Top\-tier Health and Life Insurance** for peace of mind.
* **Transportation Budget** to support your commute needs.
* **Coverflex** benefits package for meal allowances, well\-being, and more.
* **Childcare** support.
* **Air Conference** \- an opportunity to meet the team, collaborate, and grow together.
* **Pension Fund** to support your long\-term financial planning.
* **Urban Sports Club** membership to keep you active.
* **Meals 100% free** at the hub.

**Diversity \& Inclusion**
==========================


At Air Apps, we are committed to fostering a diverse, inclusive, and equitable workplace. We enthusiastically welcome applicants from all backgrounds, experiences, and perspectives. We celebrate diversity in all its forms and believe that varied voices and experiences make us stronger.

**Application Disclaimer**
==========================


At Air Apps, we value transparency and integrity in our hiring process. Applicants must submit their own work without any AI\-generated assistance. Any use of AI in application materials, assessments, or interviews will result in disqualification."
marketing editorial,Spain,indeed,Editor/a No Ficción,Grupo Planeta - División Editorial,"Barcelona, CT, ES",2026-04-17,,,,https://es.indeed.com/viewjob?jk=fee3e0f3de4607e8,"Desde la división Editorial de Grupo Planeta, en concreto para el sello Planeta, buscamos un/a editor/a para el área de no ficción.





**¿Qué hacemos?**



Planeta es la editorial líder en lengua española, tanto en las áreas de ficción como de no ficción, en España y en Latinoamérica, gracias a un grupo amplio de autores de gran relevancia que copan las listas de ventas y que son una referencia en sus respectivos campos. Por lo que respecta a la no ficción, abordamos todos los géneros, desde la gastronomía hasta la biografía, el bienestar o la salud y contamos con autores como Karlos Arguiñano, Lucía Galán, Ángel Martín, Javier Sierra, Boticaria García; entre otros/as.





**¿Cuál será tu misión?**



Impulsar y desarrollar el catálogo de no ficción comercial de Planeta, combinando criterio editorial, visión de mercado para identificar tendencias y nuevos autores.





**¿En qué consistirá tu día a día?**


* Prospección activa de talento y tendencias en la no ficción nacional.
* Captación y contratación editorial.
* Acompañamiento al autor en el desarrollo del texto.
* Coordinación del proceso editorial con los distintos departamentos: derechos de autor, diseño, marketing y comunicación.
* Participación en comités editoriales y planificación del catálogo.
* Presentación de proyectos en reuniones.
* Asistencia a presentaciones.




**¿Qué ofrecemos?**


* Formar parte de un equipo editorial profesional, dinámico y comprometido.
* Contrato indefinido y jornada completa.
* Descuentos y promociones exclusivas para nuestros empleados (masters y posgrados, sellos editoriales, coleccionables, Casa del Libro...)
* Un atractivo paquete de beneficios sociales a través del plan de retribución flexible que incluye: tarjeta transporte, tarjeta restaurante, cheque guardería, seguro médico, etc.”

  

* Estudios universitarios: periodismo, ciencias políticas, humanidades, comunicación audiovisual.
* Valorable posgrado en edición y formación editorial.
* Una experiencia mínima de 3 años como editor/a.
* Inglés.
* Creatividad y curiosidad.
* Capacidad para trabajar en simultáneo en varios proyectos.
* Habilidades para trabajar en equipo y delegar.
* Disponibilidad para viajar."
marketing editorial,Spain,indeed,"Senior Scheduler, Kids Hub",The Walt Disney Company,"Madrid, MD, ES",2026-04-17,,,,https://es.indeed.com/viewjob?jk=eb21b0d5c67ef53d,"The Walt Disney Company is a leading global entertainment and media organisation, with stories, characters, and experiences that reach audiences in every corner of the world. With operations in more than 40 countries, our teams collaborate across markets to deliver entertainment that is both globally consistent and locally relevant  

You’ll join a team grounded in our Disney values — acting with Integrity, welcoming everyone through Inclusion, embracing boundless Creativity, working together through Collaboration and caring deeply for our Community. These values shape how we work and how we support one another every day.


We are looking for a Scheduler to join the Media Planning \& Scheduling team, supporting Disney Channel. This role plays a key part in delivering high‑quality linear TV schedules, ensuring accurate, on‑time playlists that meet brand, editorial, and regulatory standards.

  

You will work closely with a wide range of stakeholders across Programming, Marketing, Scheduling Operations, Creative Services, and Ad Sales, contributing to the effective planning, promotion, and performance of the channel.

  

This is a permanent position based in our office in Madrid with the possibility of working one day per week from home.

  

Key responsibilities:

* Create, finalise, and deliver daily TV linear playlists for Disney Channel using What’s On (broadcast scheduling software), ensuring timely handover to Playout
* Build and schedule monthly promotional campaigns for the channel within What’s On
* Input EDM (Edit Material) details, including video and audio components, into the monthly makelist to support Creative Services asset preparation
* Review the monthly makelist regularly with the Media Planning \& Scheduling Manager to ensure all promotional and communication elements are ready for broadcast
* Approve promotional campaigns in Mediator, checking all on‑air versions for accuracy and consistency of messaging
* Prepare autoslotters, style sheets, continuity planning, and insert secondary events such as static and animated on‑screen graphics, in line with the agreed strategy
* Monitor daily channel output to ensure scheduled content is transmitted as planned
* Work closely with Programming, Scheduling Operations, and Ad Sales teams to provide feedback on commercial occupancy and resolve operational issues
* Contribute ideas to team brainstorms, including YouTube and social media strategy, and support campaign and launch planning for new series
* Coordinate monthly with Marketing and Local teams to support promotional requirements for off‑air and communication campaigns, including cross‑LOB and franchise initiatives
* Analyse audience data and competitor information to identify trends and support media planning recommendations
* Produce transmission and performance reports for the Media Planning \& Scheduling Manager as required

  

Who you are

* Highly detail‑oriented with a strong focus on accuracy
* Able to manage time and priorities effectively across multiple tasks
* Proactive, resilient, and comfortable working under pressure
* Confident in identifying and solving operational issues
* A strong team player with the ability to collaborate across functions

  

Experience required

* A first experience within editorial, media planning, or TV media teams
* Experience in media planning and presentation scheduling is an advantage
* Previous exposure to kids programming or scheduling is a plus
* Digital and social media experience is beneficial

  

Skills, qualifications, and knowledge

* Experience using What’s On (WON) broadcasting software is an advantage
* Degree‑level education in Communications or a related field
* Good product knowledge and technical understanding relevant to broadcast environments
* Strong computer skills, including Microsoft Office
* Fluent in Spanish and English

The Walt Disney Company is an Equal Opportunity Employer. We strive to be a diverse workforce that is representative of our audiences, and where all can thrive and belong. Disney is committed to forming a team that includes and respects a variety of voices, identities, backgrounds, experiences and perspectives.


We will ensure that individuals with disabilities are provided the necessary accommodations to participate in the job application or interview process, to perform essential job functions, and to receive all benefits of employment. Please contact us to request accommodation."
marketing editorial,Spain,indeed,Técnico/a de Marketing Digital y Diseño Multimarca,MISTERHOUSE EUROPE,"Las Rozas de Madrid, MD, ES",2026-04-17,,,,https://es.indeed.com/viewjob?jk=737171fef02e6352,"**Técnico/a de Marketing Digital y Diseño Multimarca**

Buscamos incorporar un/a **Técnico/a de Marketing Digital y Diseño** para apoyar la gestión de la comunicación y el desarrollo visual de las distintas marcas.

Necesitamos una persona **seria, responsable, ágil y resolutiva**, con dominio de múltiples herramientas digitales y capacidad para ejecutar tareas con rapidez y calidad.

**Misión del Puesto**

Ejecutar las acciones de marketing digital y diseño de las diferentes marcas del grupo, garantizando coherencia visual, rapidez en la entrega de materiales y apoyo continuo al coordinador de marketing.

**Funciones Principales**

* Gestión de redes sociales (LinkedIn, Instagram, TikTok, Facebook y Google My Business) de varias marcas.
* Creación de contenido visual: fotografía, vídeo, reels y calendario editorial.
* Diseño gráfico profesional: flyers, cartelería, dosieres, presentaciones, banners y material corporativo.
* Preparación de artes finales para imprenta y coordinación con proveedores.
* Gestión y actualización de páginas web en **WordPress** y creación de **landing pages**.
* Diseño digital y prototipado en **Figma**.
* Optimización visual y **SEO básico**.
* Apoyo en campañas de publicidad digital (Meta Ads y Google Ads).
* Desarrollo y mantenimiento de la identidad corporativa de las diferentes marcas.
* Apoyo visual y creativo a los distintos departamentos del grupo.

**Requisitos**

* Experiencia mínima de **3 años** en marketing digital y diseño gráfico.
* Dominio de **Adobe Photoshop** (valorable Illustrator e InDesign).
* Manejo avanzado de **Canva**.
* Experiencia en **WordPress** (imprescindible).
* Conocimientos de **Figma**.
* Edición de vídeo (CapCut, Premiere o similar).
* Capacidad para trabajar con **múltiples herramientas digitales** y adaptarse a diferentes proyectos.
* Experiencia en la gestión de varias marcas o sectores (muy valorable).
* Perfil **rápido, organizado y resolutivo**.

**Competencias Clave**

* Seriedad y responsabilidad en la ejecución del trabajo.
* Agilidad y eficiencia en la entrega de tareas.
* Capacidad multitarea.
* Proactividad e iniciativa.
* Organización y planificación.
* Atención al detalle.
* Trabajo en equipo y habilidades de comunicación.

**Condiciones del Puesto**

* **Jornada:** Completa y presencial.
* **Ubicación:** Las Rozas (Madrid).
* **Salario:** 18\.000 – 23\.000 € brutos anuales, según experiencia.
* **Entorno:** Participación en proyectos de múltiples sectores dentro de un grupo empresarial en expansión.

**¿Te interesa?**

Si cumples con el perfil y te motiva trabajar en un entorno dinámico y multidisciplinar, envíanos tu **CV** 

Sueldo: 18\.000,00€\-23\.000,00€ al año

Ubicación del trabajo: Empleo presencial"
diseño editorial remoto,Colombia,indeed,Ejecutivo de Marketing - Línea Agrícola,Agrohunters,"Bogotá, CUN, CO",2026-04-17,,,,https://co.indeed.com/viewjob?jk=66c5e1a6fc14d89a,"Buscamos un profesional apasionado por el marketing y el sector agro para liderar el posicionamiento de marca como líder en mejoradores de suelos en Colombia. Su misión será generar información estratégica para optimizar las ventas y el crecimiento sostenido del negocio.

¿Qué harás en el rol?:

* Estrategia Digital: Planificar y optimizar campañas en LinkedIn, Meta y canales web.
* Gestión de Contenido: Diseñar piezas gráficas y audiovisuales, además de gestionar el calendario editorial y la identidad visual de la marca.
* Análisis y Reportes: Monitorear métricas clave y proponer mejoras basadas en resultados.
* Soporte Técnico\-Comercial: Apoyar la gestión comercial y asegurar la precisión técnica en la comunicación de productos (suelos, nutrición vegetal y protección de cultivos).

Requisitos:

* Formación: Profesional en Administración de Negocios, Mercadeo o Ingeniería Agronómica.
* Postgrado: Especialización en Mercadeo o áreas afines.
* Experiencia: Mínimo 2 años en cargos similares dentro de la industria agro.
* Habilidades Técnicas: Manejo de Adobe Suite, Canva y programas de diseño multimedia.
* Disponibilidad: Residir en ciudades principales de Colombia y tener disponibilidad para viajar a nivel nacional.

Compensación:

* Sueldo Básico: $3\.800\.000\.
* Horario Laboral: Lunes a jueves (7:00 am a 5:30 pm) y viernes (7:00 am a 4:00 pm).
* Trabajo principalmente remoto con viajes frecuentes a nivel nacional.

Tipo de puesto: Tiempo completo

Lugar de trabajo: Empleo presencial"
diseño editorial remoto,Spain,indeed,"Coordinador/a de Proyectos de Formación, Convocatorias y Licitaciones",Eurecat - Technology Centre of Catalonia,"Cerdanyola del Vallès, CT, ES",2026-04-16,,,,https://es.indeed.com/viewjob?jk=efcb2daecfd16f6d,"**EURECAT**
-----------


Eurecat es el segundo centro tecnológico de España y una de las organizaciones de investigación aplicada y transferencia tecnológica más grande del sur de Europa. Aglutina la experiencia de más de **800 profesionales** que generan un volumen de ingresos de **69 millones de euros anuales** y presta servicio a cerca de **2\.000 empresas. I\+D aplicado, servicios tecnológicos, formación de alta especialización, consultoría tecnológica o valorización y explotación de la propiedad industrial** son algunos de los servicios que Eurecat ofrece tanto para grandes como para pequeñas y medianas empresas de todos los sectores. El centro tecnológico participa en más de **200 grandes proyectos consorciados de I\+D\+i** nacionales e internacionales de alto valor estratégico y cuenta con **230 patentes y 10 spin\-off**. Eurecat cuenta con once centros en Cataluña y presencia en Madrid, Málaga y Chile.

  




**Descripción de la oferta**
----------------------------


**Resumen de la posición**



Eurecat busca incorporar un/a **Coordinador/a de Proyectos de Formación** con experiencia en licitaciones y/o proyectos públicos para reforzar el Área de Formación Corporativa y apoyar el crecimiento del departamento.



La persona seleccionada participará en la captación, diseño, gestión y ejecución de programas formativos, tanto privados, dirigidos a empresas y personas trabajadoras, como financiados, especialmente vinculados a convocatorias públicas.

  


**Descripción del puesto de trabajo**



La persona incorporada se encargará de la gestión y coordinación de proyectos de formación, desde el diseño y la planificación hasta la ejecución y el seguimiento de las acciones formativas.



Participará en la solicitud y gestión de convocatorias, así como en su seguimiento y justificación, además de colaborar en proyectos formativos de carácter privado. Asimismo, coordinará los recursos necesarios para el desarrollo de la actividad formativa.



Se integrará en un equipo con experiencia consolidada en la gestión y coordinación de programas formativos estratégicos.

  


**Responsabilidades principales**


**Coordinación y ejecución de programas de formación**


* Diseñar, planificar y coordinar cursos y proyectos de formación dirigidos a empresas y personas trabajadoras.
* Gestionar los recursos necesarios para la ejecución de las acciones formativas: docentes, aulas, calendarios, materiales y herramientas.
* Hacer seguimiento de los programas formativos y asegurar la calidad de la formación impartida.

**Gestión de convocatorias y programas subvencionados**


* Monitorizar, preparar y presentar solicitudes de convocatorias y licitaciones de formación.
* Dar apoyo en las tareas administrativas vinculadas a la solicitud de convocatorias públicas.
* Gestionar la certificación de los proyectos, así como su seguimiento y justificación técnica.
* Dar soporte en la justificación económica de los programas subvencionados.
* Elaborar las memorias justificativas requeridas por los organismos financiadores.

  


**Qué ofrecemos**


* Horario flexible y trabajo híbrido (hasta 3 días en remoto).
* Jornada laboral intensiva los viernes y horario de verano.
* Paquete de retribución flexible (seguro médico, transporte, ticket restaurante, formación, guardería y alquiler de coches) y otros beneficios como la plataforma de Bienestar y la plataforma de Cashback.
* Formación:
+ Cursos de la Eurecat Academy.
+ Sesiones temáticas semanales para conocer las áreas de conocimiento de Eurecat.
+ Participación en acciones de formación especializada.
+ Formación en idiomas (inglés, catalán y castellano).

  


**Condiciones**


* **Jornada:** completa.
* **Ubicación:** preferentemente Barcelona, Mataró o Cerdanyola del Vallès.
* **Movilidad:** desplazamientos entre sedes de Eurecat.
* **Viajes:** viajes ocasionales en el marco de algún proyecto.
**Requisitos**
--------------


**Requisitos del perfil**


* Formación preferentemente vinculada a las ciencias sociales y/o al ámbito tecnológico.
* Experiencia mínima de 5 años en gestión de proyectos de formación.
* Experiencia mínima de 2 años en convocatorias, licitaciones y programas públicos de ayudas vinculados a la formación.
* Conocimiento del ecosistema de la formación
* Dominio de herramientas ofimáticas y de gestión.
* Catalán y castellano nivel avanzado.
* Buen nivel de inglés (valorable).

  
**Posición:** Técnico/a especialista**Departamento:** Formación**Ubicación:** Cerdanyola del Vallès (España)**Tipo de Contrato:** Indefinido**Jornada laboral:** Jornada completa**Sector:** Editorial, Educación y Formación**Vacantes:** 1**Disciplina:** I\+D**Modalidad de trabajo:** Híbrida"
marketing editorial,Spain,indeed,"Senior Scheduler, Kids Hub",The Walt Disney Company,"Madrid, MD, ES",2026-04-16,,,,https://es.indeed.com/viewjob?jk=37cad54a710367f8,"**Job ID** 10147134 **Location** Madrid, Spain **Business** The Walt Disney Company (EMEA) **Date posted** Apr. 16, 2026
#### **Job Summary:**


The Walt Disney Company is a leading global entertainment and media organisation, with stories, characters, and experiences that reach audiences in every corner of the world. With operations in more than 40 countries, our teams collaborate across markets to deliver entertainment that is both globally consistent and locally relevant  

You’ll join a team grounded in our Disney values — acting with Integrity, welcoming everyone through Inclusion, embracing boundless Creativity, working together through Collaboration and caring deeply for our Community. These values shape how we work and how we support one another every day.


We are looking for a Scheduler to join the Media Planning \& Scheduling team, supporting Disney Channel. This role plays a key part in delivering high‑quality linear TV schedules, ensuring accurate, on‑time playlists that meet brand, editorial, and regulatory standards.

  

You will work closely with a wide range of stakeholders across Programming, Marketing, Scheduling Operations, Creative Services, and Ad Sales, contributing to the effective planning, promotion, and performance of the channel.

  

This is a permanent position based in our office in Madrid with the possibility of working one day per week from home.

  

Key responsibilities:

* Create, finalise, and deliver daily TV linear playlists for Disney Channel using What’s On (broadcast scheduling software), ensuring timely handover to Playout
* Build and schedule monthly promotional campaigns for the channel within What’s On
* Input EDM (Edit Material) details, including video and audio components, into the monthly makelist to support Creative Services asset preparation
* Review the monthly makelist regularly with the Media Planning \& Scheduling Manager to ensure all promotional and communication elements are ready for broadcast
* Approve promotional campaigns in Mediator, checking all on‑air versions for accuracy and consistency of messaging
* Prepare autoslotters, style sheets, continuity planning, and insert secondary events such as static and animated on‑screen graphics, in line with the agreed strategy
* Monitor daily channel output to ensure scheduled content is transmitted as planned
* Work closely with Programming, Scheduling Operations, and Ad Sales teams to provide feedback on commercial occupancy and resolve operational issues
* Contribute ideas to team brainstorms, including YouTube and social media strategy, and support campaign and launch planning for new series
* Coordinate monthly with Marketing and Local teams to support promotional requirements for off‑air and communication campaigns, including cross‑LOB and franchise initiatives
* Analyse audience data and competitor information to identify trends and support media planning recommendations
* Produce transmission and performance reports for the Media Planning \& Scheduling Manager as required

  

Who you are

* Highly detail‑oriented with a strong focus on accuracy
* Able to manage time and priorities effectively across multiple tasks
* Proactive, resilient, and comfortable working under pressure
* Confident in identifying and solving operational issues
* A strong team player with the ability to collaborate across functions

  

Experience required

* A first experience within editorial, media planning, or TV media teams
* Experience in media planning and presentation scheduling is an advantage
* Previous exposure to kids programming or scheduling is a plus
* Digital and social media experience is beneficial

  

Skills, qualifications, and knowledge

* Experience using What’s On (WON) broadcasting software is an advantage
* Degree‑level education in Communications or a related field
* Good product knowledge and technical understanding relevant to broadcast environments
* Strong computer skills, including Microsoft Office
* Fluent in Spanish and English

The Walt Disney Company is an Equal Opportunity Employer. We strive to be a diverse workforce that is representative of our audiences, and where all can thrive and belong. Disney is committed to forming a team that includes and respects a variety of voices, identities, backgrounds, experiences and perspectives.


We will ensure that individuals with disabilities are provided the necessary accommodations to participate in the job application or interview process, to perform essential job functions, and to receive all benefits of employment. Please contact us to request accommodation."
marketing editorial,Spain,indeed,Senior Product Manager - Clinical Trials,Clarivate,"Barcelona, CT, ES",2026-04-16,,,,https://es.indeed.com/viewjob?jk=26e37589fc0fb0d1,"We are looking for an experienced **Senior** **Product Manager** to join us in our Barcelona office.


In this position, you will drive the continued development and expansion of **Cortellis Clinical Trials Intelligence** within our Competitive Intelligence product team.


You will serve as the core clinical expert on the team, working closely with subject matter experts to ensure our products effectively support the Cortellis audience across all clinical areas, including clinical trial workflows and the broader clinical aspects of drug development. You will also be responsible for supporting successful product launches, driving market adoption, and ensuring alignment with organizational goals to maximize product impact and value.


This role offers the opportunity to shape clinical trial intelligence solutions for the pharmaceutical industry, acting as a bridge between clinical expertise and product innovation within a supportive and customer\-focused organization.

**About You – experience, education, skills, and accomplishments**

* Bachelor’s degree or equivalent in Science or related field, or commensurate industry experience.
* Experience in drug discovery in the Life Science industry, particularly in a clinical R\&D environment, with demonstrated understanding of the end to end clinical trial or clinical R\&D process.
* Minimum 5 years of experience in product management
* Experience working in a global, matrix and virtual environment with cross\-cultural clients or teams.
* Experience using AI driven tools to support day to day productivity and applying AI capabilities in product development and enhancement initiatives.
* Demonstrated experience producing clear written deliverables and presenting information to internal or external stakeholders.

**It would be great if you also have . . .**

* Competitive intelligence or market research background in life sciences.
* Experience developing software products for clinical trial design, operations, or analytics.

**What will you be doing in this role?**

* Drive Strategy and Execution: Own complex product initiatives from concept to launch, shaping the vision and roadmap for Clinical Trial Intelligence.
* Own Commercial Success: Partner with sales and marketing to drive go\-to\-market strategies, product positioning, and pricing to accelerate ARR and market growth.
* Uncover Market Opportunities: Act as the voice of the customer to identify unmet needs, translating deep clinical challenges into high\-ROI product innovations.
* Lead Cross\-Functionally: Align engineering, UX, subject matter experts, and commercial teams around clear, framework\-driven prioritization and strategic goals.
* Elevate the Product Practice: Champion exceptional user experience, and clearly articulate the ""why"" behind product decisions to all stakeholders.

**About the team:**


This position will be part of the Life Sciences and Healthcare R\&D team and report to the Vice President Product Management based in US.


The team is responsible for working alongside all key editorial, commercial, marketing, sales, and technology stakeholders to ensure the continued success and growth of Clarivate’s Lie Sciences solutions. The team plays a key part in Clarivate’s future R\&D and BD\&L solutions and supports the wider organization with thought leadership as well as interacting with customers and sales to support new sales, revenue, and retention, gather market intelligence and validate current approaches.

**Hours of Work**


This is a permanent full\-time position at 40 hours a week (35 hours during July and August). The position is hybrid, with 2–3 days per week in our Barcelona office (next to Sagrada Familia).

**What We Can Offer**

* Volunteering community offering paid hours of volunteering time.
* Private Health and Life \& Disability insurances.
* Tax\-free benefits (Ticket Restaurant scheme, kindergarten and transport cards).
* Language classes (Catalan, Spanish, and English).
* Global and dynamic employee base (more than 20 nationalities).
* 30 working days holidays.

At Clarivate, we are committed to providing equal employment opportunities for all qualified persons with respect to hiring, compensation, promotion, training, and other terms, conditions, and privileges of employment. We comply with applicable laws and regulations governing non\-discrimination in all locations."
coordinadora editorial,Colombia,indeed,Coordinador(a) de Marketing Digital y Contenidos,Colegio Fontán Capital,"Chía, CUN, CO",2026-04-16,,,,https://co.indeed.com/viewjob?jk=6964eb367637896e,"Institución educativa en Chía busca un(a) profesional en Comunicación, Marketing, Publicidad, Mercadeo Digital o áreas afines, con capacidad para liderar de manera integral la estrategia digital del colegio, desde la planeación hasta la ejecución.

Buscamos un perfil estratégico y autónomo, capaz de estructurar y gestionar las acciones digitales orientadas al posicionamiento institucional y la captación de nuevos estudiantes, integrando contenido, pauta digital y optimización de canales.

Esta posición tiene un rol transversal dentro de la institución y requiere una persona con visión estratégica, capacidad de ejecución y criterio analítico.

Responsabilidades

* Diseñar e implementar la estrategia de marketing digital del colegio.
* Gestionar campañas de captación en Meta Ads y Google Ads.
* Crear y gestionar contenidos digitales (video, gráfico y editorial) para redes sociales y campañas.
* Administrar y actualizar el sitio web del colegio (contenidos, estructura básica y optimización).
* Analizar métricas de desempeño (leads, CPL, conversiones) y optimizar resultados.
* Apoyar procesos institucionales de comunicación y posicionamiento.
* Diseñar y dictar algunas clases o charlas académicas para estudiantes relacionadas con marketing digital, comunicación o pensamiento estratégico.

Perfil requerido

* Profesional en Comunicación Social, Marketing, Publicidad, Mercadeo Digital o carreras afines.
* Experiencia en estrategia digital, pauta online y generación de leads.
* Capacidad para crear contenido digital y gestionar canales institucionales.
* Conocimiento en administración básica de sitios web (WordPress u otros CMS).
* Perfil autónomo, organizado y orientado a resultados.
* Interés o experiencia en docencia o formación de jóvenes.

Tipo de puesto: Indefinido

Lugar de trabajo: Empleo presencial"
marketing editorial,Spain,indeed,Responsable de Marketing Digital (EAE MAD),Grupo Planeta,"Madrid, MD, ES",2026-04-15,,,,https://es.indeed.com/viewjob?jk=0d75b68fa3430264,"Desde Grupo Planeta estamos buscando un/a **Responsable de Marketing Digital** para unirse a nuestro equipo de Planeta Formacion y Universidades.


Buscamos una persona que combine visión estratégica con capacidad de ejecución y alto rigor analítico. Debera liderará la estrategia de captación digital de **EAE Madrid**, coordinando canales de pago, agencias externas y equipos internos para maximizar la generación de leads cualificados y la conversión a matrícula.





Es un rol con **impacto directo en negocio**, alta visibilidad dentro de la organización y posibilidad real de influir en la estrategia comercial y de marca de una de las instituciones educativas de referencia en España.





**Misión del puesto**





*Liderar la estrategia de marketing digital de EAE Madrid para maximizar la captación de leads cualificados, optimizar la conversión en todo el funnel y garantizar el cumplimiento de los objetivos de negocio, asegurando eficiencia en la inversión y una coordinación efectiva entre canales, campañas, equipos y partners.*





**Principales responsabilidades**





*Estrategia y planificación*





* Definir y ejecutar la estrategia de marketing digital orientada a captación y conversión, alineada con los objetivos comerciales de EAE Madrid.
* Participar en la definición de estrategia de producto, audiencias, mensajes y prioridades comerciales desde la perspectiva digital.
* Identificar tendencias de mercado, movimientos de competencia y nuevas oportunidades en performance y captación digital.
* Presentación de resultados semanales en el Comité de Negocio de EAE Madrid




*Gestión de canales y campañas*





* Liderar la planificación, seguimiento y optimización de campañas en canales de pago: Paid Search, Paid Social, Display, remarketing y otros entornos digitales.
* Hacer seguimiento diario y semanal de inversión, pacing y rendimiento por campañas, mercados y tipologías de programa.
* Detectar oportunidades de mejora en el funnel digital, desde la generación de tráfico hasta la conversión final.




*Gestión de agencias y equipos*





* Coordinar la relación con agencias externas, asegurando calidad en la ejecución, control presupuestario y cumplimiento de objetivos.
* Trabajar de forma transversal con equipos de CRM, analítica, contenidos, diseño, admissions y tecnología/web.




*Medición y reporting*





* Supervisar la evolución de los principales KPIs: leads, CPL, CPA, conversión, revenue y rentabilidad por programa, mercado y canal.
* Impulsar mejoras en reporting, medición y atribución para facilitar la toma de decisiones.
* Proponer palancas de crecimiento y planes de acción ante desviaciones de resultados.

  

*Formación*





* Grado en Marketing, ADE, Publicidad, Comunicación o similar. Se valorará formación de posgrado en marketing digital o áreas afines.




*Experiencia*





* Mínimo 5 años de experiencia en marketing digital / performance, en entornos de captación exigentes y orientados a resultados.
* Experiencia demostrable en gestión de presupuestos relevantes de inversión digital.
* Experiencia en coordinación de agencias y equipos transversales.




*Conocimientos técnicos*





* Dominio de Google Ads, Meta Ads y principales plataformas de paid media.
* Manejo de herramientas de analítica: GA4, Looker Studio y entornos de reporting.
* Alta capacidad analítica y experiencia en interpretación de datos para la toma de decisiones.




*Competencias*





* Perfil proactivo, resolutivo y organizado, con capacidad para priorizar en entornos dinámicos.
* Excelente capacidad de comunicación oral y escrita para la presentación de resultados a Dirección.
* Visión de negocio y orientación a resultados.




**Qué ofrecemos**





* Contrato estable: **Indefinido** e incorporación a un proyecto sólido, en crecimiento y con respaldo del grupo Planeta Formación y Universidades.
* Podrás desarrollarte profesionalmente gracias a nuestros planes de formación y desarrollo de talento interno.
* Descuentos y promociones exclusivas para nuestros empleados (masters y posgrados, sellos editoriales, coleccionables, Casa del Libro…)
* Un atractivo paquete de beneficios sociales a través del plan de retribución flexible que incluye: tarjeta transporte, tarjeta restaurante, cheque guardería, seguro médico, etc.




Si eres una persona con capacidad de trabajo en equipo, responsable, dinámica y con ganas de crecer dentro de una gran empresa, ¡esta es tu oportunidad.





*En Grupo Planeta ofrecemos igualdad de oportunidades. Nos comprometemos a tratar todas las candidaturas por igual en función de sus capacidades, logros y experiencia independientemente de su raza, nacionalidad, sexo, edad, discapacidad, orientación sexual, identidad de género o cualquier otra clasificación protegida por la ley.*"
maquetación editorial,Spain,indeed,Junior Content Manager,VML,"Barcelona, CT, ES",2026-04-14,,,,https://es.indeed.com/viewjob?jk=e7e034c706e91cba,"### **Who We Are**



VML, part of WPP, is a leading creative company that combines brand experience, customer experience, and commerce, creating connected brands to drive growth. VML is celebrated for its innovative and human first, award\-winning work for blue chip client partners including AstraZeneca, Colgate\-Palmolive, Dell, Ford, Microsoft, Nestlé, The Coca\-Cola Company, and Wendy's. The agency is recognized by the Forrester Wave™ Reports, as a Leader among Marketing Creative and Content Service Providers, Commerce Services, Global Digital Experience Services, Global Marketing Services and, most recently, Marketing Measurement \& Optimization. In addition, VML's specialist health network, VML Health, is one of the world's largest and most awarded health agencies. VML's global network is powered by 26,000 talented people across 55\+ markets, with principal offices in Kansas City, New York, Detroit, London, São Paulo, Shanghai, Singapore, and Sydney.


**About WPP**



WPP is the trusted growth partner for the world's leading brands. We unite cutting\-edge media intelligence and data solutions, world\-class creativity, next\-generation production, transformative enterprise solutions and expert strategic counsel in a single company – powered by exceptional talent and our agentic marketing platform, WPP Open, to help our clients navigate change, capture opportunity and deliver transformational growth. For more information, visit WPP.com.

**Sobre WPP**

  


**Así somos:**  



**VML Health** (integrada dentro de **VML The Cocktail**) es una agencia de innovación y crecimiento en un mundo en constante evolución, reconocida como Agencia Health del año en nuestro país por 5º año consecutivo. Contamos con un legado de un siglo de experiencia combinada, donde la creatividad se une a la tecnología para potenciar la inspiración. Nuestra experiencia abarca todo el recorrido del cliente, ofreciendo profundos conocimientos en comunicación, comercio, consultoría, CRM, CX, datos, producción y tecnología. Proporcionamos soluciones integrales que resultan en proyectos revolucionarios, además contamos con un equipo global de más de 30\.000 empleados en más de 150 oficinas en mercados, cada uno contribuyendo a una cultura que valora la conexión, el sentido de pertenencia y el poder de las diferencias.  


### **Responsabilidades:**


* Gestión y publicación de contenidos en plataformas digitales y entornos web.
* Subida y maquetación de contenidos en los principales CMS del mercado (Drupal, WordPress u otros), utilizando bloques y estructuras predefinidas.
* Programación y planificación editorial de contenidos en redes sociales.
* Apoyo en la gestión de calendarios de contenido y coordinación con equipos de social media y cuentas.
* Gestión y actualización de plataformas de contenido para eventos digitales y streamings (por ejemplo, SpotMe u otras herramientas similares).
* Asegurar la correcta implementación de contenidos siguiendo guías de marca, estándares de calidad y requisitos del sector healthcare.
* Colaboración con equipos multidisciplinares (contenido, tecnología, diseño y cuentas).

### **Requisitos:**


* Formación en Comunicación, Marketing Digital, Publicidad o similar.
* Experiencia junior (prácticas o 1–2 años) en roles de Content Manager, Content Editor o Digital Content.
* Conocimientos prácticos en CMS como Drupal, WordPress u otras plataformas similares.
* Experiencia en subida y gestión de contenidos a partir de estructuras y bloques predefinidos.
* Conocimientos básicos de planificación y programación de contenidos en redes sociales.
* Experiencia o interés en la gestión de plataformas de contenido para eventos digitales y/o streamings (SpotMe u otras).
* Perfil organizado, metódico y con atención al detalle

  




Beneficios de trabajar con nosotros:


* Flexibilidad horaria
* Modelo híbrido, en Barcelona
* Plan de carrera personalizado y formación continua
* No tenemos dress code. Ven como quieras a trabajar.
* ️ Descuentos exclusivos y tiempo para tu crecimiento.
* Acceso a retribución flexible
* Iniciativas de apoyo a la maternidad y políticas de igualdad y diversidad.

  



En VML, estamos comprometidos a fomentar un entorno laboral totalmente inclusivo que sea gratificante y propicie el desarrollo profesional. Creemos en la creación de un entorno de trabajo dinámico que valore la diversidad y la inclusión, y nos esforzamos por reclutar una lista diversa de candidatos para ayudarnos a lograr ese objetivo. Estaremos encantados de proporcionar acomodos razonables a las personas con discapacidades que necesiten un acomodo para usar o acceder al sitio de carreras de VML o para participar plenamente en el proceso de solicitud. Si necesita un acomodo para completar su solicitud u otro aspecto de nuestro proceso de reclutamiento debido a una discapacidad, comuníquese con nuestro departamento de Recursos Humanos o envíe un correo electrónico a (contacto de RR. HH.) para solicitarla.



Al hacer clic en ""Enviar solicitud"", la información que ingrese a continuación se enviará a VML. Antes de continuar, le sugerimos que revise nuestra Política de Privacidad de Reclutamiento. Los residentes de California deben revisar nuestro Aviso de Privacidad de Reclutamiento de California. En estos documentos se explica cómo utilizamos sus datos personales cuando solicita un puesto con nosotros, así como la forma en que puede actualizar o eliminar la información que nos ha proporcionado.



We believe the best work happens when we're together, fostering creativity, collaboration, and connection. That's why we've adopted a hybrid approach, with teams in the office an average of four days a week. If you require accommodations or flexibility, please discuss this with the hiring team during the interview process.



WPP (VML) is an equal opportunity employer and considers applicants for all positions without discrimination or regard to characteristics. We are committed to fostering a culture of respect in which everyone feels they belong and has the same opportunities to progress in their careers.



VML is a WPP agency (NYSE: WPP). For more information, please visit www.vml.com, and follow along on Instagram, LinkedIn, and X.



When you click ""Submit Application"", this will send any information you add below to VML. Before you do this, we think it's a good idea to read through our Recruitment Privacy Policy. California residents should read our California Recruitment Privacy Notice. This explains what we do with your personal data when you apply for a role with us, and, how you can update the information you have provided us with or how to remove it."
diseñadora editorial,Spain,indeed,Diseñador/a Gráfico/a Senior,Grupo Planeta - División Editorial,"Barcelona, CT, ES",2026-04-14,,,,https://es.indeed.com/viewjob?jk=c7b6f3c200b3111f,"En la División Editorial de Grupo Planeta estamos buscando sumar a un/a Diseñador/a Gráfico/a Senior a nuestro equipo de Arte y Diseño.


**¿Qué hacemos en el equipo de Arte \& Diseño?**



En Planeta Arte \& Diseño somos responsables de ponerle cara a gran parte de los libros publicados por Grupo Planeta.


¡Nos apasiona el diseño y nos encantan los libros!





**¿Cuál será tu misión?**



Contribuir a la creación y desarrollo visual de nuestros títulos, aportando criterio creativo y sensibilidad editorial para elaborar cubiertas que conecten con el lector y refuercen el posicionamiento de cada título.





**¿Cómo será tu día a día?**


* Diseño de portadas y cubiertas de libros, desde el briefing hasta la entrega de arte final listo para producción, con control de todas las fases del proceso.
* Gestión de proyectos y seguimiento de planes editoriales para garantizar la calidad y el cumplimiento de entregas.
* Crear piezas gráficas de marketing que acompañen y refuercen el lanzamiento de nuestros títulos.
* Trabajar mano a mano con los equipos de Editorial, Marketing y Comunicación y Producción para asegurar la calidad de cada publicación y que cada libro llegue en su mejor versión.




**¿Qué ofrecemos?**


* Incorporarte a un **grupo editorial líder**, con proyectos diversos y de alto impacto.
* **Contrato indefinido y jornada completa**.
* Oportunidades de desarrollo a través de nuestros **planes de formación y talento interno**.
* **Descuentos y promociones exclusivas** (formación, sellos editoriales, Casa del Libro, etc.).
* Un completo paquete de **beneficios sociales** (retribución flexible, seguro médico, transporte, etc.).

  

* Formación en **Diseño Gráfico, Dirección de Arte o disciplinas afines**.
* Experiencia de **mínima de 5 años**, idealmente en entorno editorial o cultural.
* Dominio avanzado de **Adobe Creative Suite** (Photoshop, Illustrator, InDesign).
* **Inglés**.
* Capacidad para trabajar de forma autónoma.
* Sensibilidad estética, atención al detalle y capacidad de conceptualización.
* Mirada **creativa, curiosa y proactiva**."
marketing editorial,Spain,indeed,Staff Writer Intern (French Speaker),FeverUp,"Madrid, MD, ES",2026-04-09,,,,https://es.indeed.com/viewjob?jk=75fc4b57621fd177,"Hey there!
  

We're Fever, the world's leading tech platform for culture and live entertainment.



Our mission? To democratize access to culture and entertainment. With our proprietary cutting\-edge technology and data\-driven approach, we're revolutionizing the way people engage with live entertainment.
  

  

Every month, our platform inspires over 300 million people in \+55 countries (and counting) to discover unforgettable experiences while also empowering event creators with our data and technology, helping them scale, innovate, and enhance their events to reach new audiences.



Our results? We've teamed up with major industry leaders like Netflix, F.C. Barcelona, and Primavera Sound, presented international award\-winning experiences, and are backed by several leading global investors! Impressive, right?



To achieve our mission, we are looking for bar\-raisers with a hands\-on mindset who are eager to help shape the future of entertainment!  

  

Ready to be part of the experience?



Now, let's discuss this role and what you will do to help achieve Fever's mission.



**About the Team**  

  

Secret Media Network (SMN) is a global digital media group focused on recommending the best plans, discovering great places, sharing things to do, and delivering relevant breaking news in cities around the world. Our portfolio includes well\-known city\-based brands such as Secret London, Secret NYC, Secret LA, Secret Chicago, Secret Sydney, Lisboa Secreta, Paris Secret, Madrid Secreto, Barcelona Secreta, and many more.  

Our content reaches millions of readers every month through highly optimized editorial articles, newsletters, and social media platforms. We combine local expertise with strong SEO strategies to ensure our content is discoverable, engaging, and impactful.  


  

**Internship Opportunity Overview**  

  

To support ongoing editorial production while several senior writers focus on a special internal project, Secret Media Network is offering four (4\) paid editorial internship positions within our Content \& Editorial team.  

  

These internships are designed to provide students with hands\-on experience in digital journalism, SEO\-driven content creation, and social media publishing within a fast\-paced international media environment, working closely with local editors and the wider international editorial team.
  

**Internship Responsibilities:**

You will take an active role in the day\-to\-day editorial operations, gaining exposure to the full lifecycle of digital content production.  

Key responsibilities include:
* Researching, pitching, and writing engaging editorial articles tailored to a specific city market
* Producing accurate, informative, and SEO\-optimized content at pace
* Learning and applying SEO best practices to ensure strong search engine positioning
* Monitoring and updating daily site content, including news, features, and local reporting
* Researching and becoming knowledgeable about venues, events, restaurants, and cultural trends in the assigned city
* Managing and contributing to an editorial calendar alongside editors and fellow writers
* Supporting coverage of trending stories, seasonal campaigns, and long\-lead features
* Proofreading articles and headlines to meet SMN editorial standards and style guidelines
* Assisting with social media amplification across META platforms.

**Learning Outcomes \& Benefits**  

  

This internship offers students a strong professional foundation in digital media. By the end of the program, interns will:
* Gain real\-world experience in digital journalism and online publishing
* Build a professional portfolio with published articles on high\-traffic international platforms
* Develop a solid understanding of SEO, audience growth, and content performance analytics
* Learn how editorial teams operate within a global media network
* Improve research, writing, editing, and time\-management skills
* Understand how content strategies are adapted for different cities and audiences
* Receive direct mentorship and feedback from experienced editors

This experience is particularly valuable for students pursuing careers in journalism, communications, marketing, digital media, or content strategy.
  

**Ideal Candidate Profile**
  

We are looking for motivated, curious, and creative students who demonstrate:
* Proficiency in the role's required language (English, French, or Portuguese)
* Fluency in English
* Previous experience or strong interest in digital writing or journalism
* A strong sense of what makes content engaging and shareable on social media
* Familiarity with digital publishing tools and social platforms
* An organized and proactive approach to managing tasks and deadlines
* A genuine interest in city life, culture, food, entertainment, and local news
* Willingness to learn and adapt in a fast\-paced editorial environment

**Internship Duration \& Start Dates**

Each internship has a **6\-month duration**, with two possible intake periods:
* 1st of March – 31st of August
* 1st of September – 31st of March
* Schedule: 9:00\-14:00

This part\-time structure is designed to be compatible with university schedules.
  

**Benefits and Perks**
* Opportunity to have a real impact in a high\-growth global category leader
* 40% discount on all Fever events and experiences
* Work in a location in the heart of Madrid \- Home office friendly
* Great work environment with a young, international team of talented people to work with!
* We have free food, drink and fruit at the office!
  


Thank you for considering joining Fever. We cannot wait to learn more about you!



If you want to learn more about us: Fever's Blog \| Tech.Eu \|TechCrunch



Fever is committed to creating an inclusive and diverse workspace where everyone's background and ideas count. Our main goal is to find the best possible talent regardless of place of birth, racial or ethnic origin, gender, gender identity, religion, opinion, sexual orientation, disability, pregnancy, marital status, age or caring responsibilities. We encourage everyone to apply!



If you require any kind of accommodation during the selection process please contact our Talent team so we can help you by providing a welcoming and seamless journey.



If you want to know more about how Fever processes your personal data, click here Fever \- Candidate Privacy Notice"
diseñadora editorial,Spain,indeed,Diseñador/a Gráfico/a,Thomas Balz,"Estepona, AN, ES",2026-04-09,,,,https://es.indeed.com/viewjob?jk=d8fde033984b3975,"* Thomas Balz

  

* Estepona (Málaga)

* 
* ### **Experiencia**


Entre 2 y 4 años de experiencia
* ### **Salario**


Retribución sin especificar
* + ### **Área \- Puesto**
	
	**Medios, editorial y artes gráficas**
	
	
		- Diseñador/a Gráfico
	+ ### **Categoría o nivel**
	
	
	Técnico/a
	+ - ### **Vacantes**
		
		
		1
		- ### **Inscritos**
		
		
		8
		- * ### **Contrato**
			
			
			Contrato Indefinido
			* ### **Jornada**
			
			
			Completa
  

Duración de la oferta: hasta el 24/04/2026\.

### **Funciones**


Descripción del empleo
Diseñador/a / Atención al cliente e e imprenta
Buscamos un/a diseñador/a gráfica dinámica y resolutiva para atención al público en nuestra imprenta, ubicada en Estepona
¿Cuáles serán tus funciones?
Atender a los clientes, tomar nota de sus pedidos y asesorarles sobre nuestros productos y servicios.
Gestionar las entregas y los cobros.
Job description
Designer / Customer service and print shop
We are looking for a dynamic and decisive graphic designer for customer service in our print shop, located in Estepona.

### **Requisitos**


¿Qué necesitamos?
inglés y español (se valorará conocimiento de otros idiomas).
Experiencia en atención al cliente y Diseño gráfico
Habilidad para Diseño Grafico con experiencia en Illustrator y Photoshop
Capacidad de comunicación y trato agradable.
¿Qué valoramos también?
Experiencia previa en imprentas o artes gráficas.
Conocimientos de preimpresión.
What will your duties be?
Attending to customers, taking note of their orders and advising them about our products and services.
Manage deliveries and collections.
What do we need?
English and Spanish (knowledge of other languages would be an advantage).
Experience in customer service and graphic design
Graphic design skills with experience in Illustrator and Photoshop.
Communication skills and a pleasant manner.
What do we also value?
Previous experience in printing or graphic arts.
Knowledge of pre\-press.

### **Se ofrece**


¿Qué ofrecemos?
Contrato indefinido y salario según convenio colectivo.
Incorporación a un equipo creativo y dinámico.
Si crees que encajas en este perfil, envíanos tu currículum
What do we offer?
Permanent contract and salary according to collective agreement.
Joining a creative and dynamic team.
If you think you fit this profile, send your CV"
