search_term,search_country,site,title,company,location,date_posted,min_amount,max_amount,currency,job_url,description
diseño editorial remoto,Mexico,indeed,Content Social Media Strategist,Kostik,"Benito Juárez, DIF, MX",2026-04-27,,,,https://mx.indeed.com/viewjob?jk=b17af0946be23e7a,"**Kostik busca Content Social Media Strategist en Benito Juárez, Ciudad de México**
-----------------------------------------------------------------------------------


**Descripción de la vacante**

  

Buscamos a una persona creativa y estratégica que lidere la comunicación digital para integrarse a una productora audiovisual en crecimiento. Este rol será clave para construir, posicionar y mantener una presencia digital sólida, auténtica y relevante dentro de la industria.

  

Trabajarás con un equipo pequeño, cercano y altamente colaborativo, donde las ideas se escuchan y se ejecutan. Es un entorno dinámico, con mucha exposición a proyectos reales (rodajes, contenido en campo, branding creativo), ideal para alguien con iniciativa, curiosidad y ganas de involucrarse más allá de lo tradicional.

  

El ritmo es ágil y demandante, por lo que buscamos a alguien con autonomía, enfoque en resultados y capacidad de adaptación.

 **Responsabilidades**

 **Estrategia y comunicación**

  

* Diseñar e implementar la estrategia de comunicación digital de la marca.
* Definir narrativa, tono de voz y línea editorial.
* Proponer ideas para fortalecer el posicionamiento y presencia en la industria audiovisual.
* Gestionar redes sociales, sitio web y canales de comunicación.
* Planificar y ejecutar calendarios de contenido.
* Coordinar newsletters y comunicaciones clave del negocio.

 **Creación de contenido**

  

* Desarrollar contenido visual y editorial alineado a la identidad de marca.
* Documentar proyectos, rodajes y vida interna de la productora.
* Colaborar directamente con el equipo de producción para generar contenido en campo.
* Diseñar materiales gráficos, presentaciones y assets institucionales.
* Asegurar consistencia visual y narrativa en todos los entregables.

 **Análisis y optimización**

  

* Monitorear métricas de desempeño en redes y canales digitales.
* Generar insights accionables y propuestas de mejora continua.

 **Requisitos**

 **Experiencia**

  

* 2 a 3 años en gestión de redes sociales, contenido y diseño.
* Experiencia desarrollando estrategias digitales y comunicación de marca.

 **Conocimientos y habilidades**

  

* Gestión y análisis de redes sociales.
* Excelente redacción y storytelling.
* Creación de contenido digital (visual y editorial).
* Diseño intermedio (Canva, Photoshop, InDesign o similares).
* Manejo de herramientas de email marketing / newsletters.
* Uso de Google Workspace / paquetería Office.

 **Escolaridad**

  

* Licenciatura concluida en Comunicación, Marketing, Diseño o afín.

 **Competencias clave**

  

* Creatividad con enfoque estratégico.
* Organización y planeación.
* Proactividad y capacidad de ejecución.
* Atención al detalle y orientación a resultados.
* Capacidad de trabajar en múltiples proyectos simultáneamente.
* Habilidad de colaboración con equipos creativos y de producción.
* Actitud de servicio y disposición para aprender.

 **Lo que ofrece el puesto**

  

* Sueldo mensual:**$15,000 a $20,000 MXN**(según experiencia).
* Esquema híbrido (home office \+ participación en producciones).
* Flexibilidad laboral (con alta presencia remota, especialmente los viernes).
* Exposición directa a proyectos audiovisuales reales.
* Oportunidad de crecimiento y desarrollo dentro de la industria.

 **Nivel de educación deseada:**  

Superior \- titulado


**Nivel de experiencia deseada:**  

Nivel Medio


**Función departamental:**  

Marketing / RRPP / Comunicación


**Industria:**  

Marketing


**Habilidades:**  

* Social Media
* Comunicación Digital
* Redes Sociales
* Sitio Web
* Storytelling

  

  

*Esta vacante viene de la bolsa de empleo Talenteca.com:*  

*https://www.talenteca.com/anuncio?j\_id\=69efaa943400007200bf9686\&source\=indeed*"
marketing de contenidos editorial,Mexico,indeed,Especialista de Comunicación,AXA,"México, ZAC, MX",2026-04-27,,,,https://mx.indeed.com/viewjob?jk=bfb65a43c8c845e2,"Descripción del trabajo: **¡En AXA México, buscamos a quienes se atrevan a desafiar límites y a impulsar el progreso para un mundo mejor!**Si no le temes a los desafíos, deseas crecer y dejar huella, esta es tu oportunidad para vivir esa experiencia que transforma vidas, incluyendo la tuya.
¿Estás listo para alcanzar tu potencial y hacer la diferencia?
Únete a nuestro equipo y sé parte de una organización que respeta la diversidad, fomenta la inclusión y promueve la innovación. Aquí, cada paso que das te acerca más a la mejor versión de ti mismo. **Objetivo del puesto:**


Contribuir al diseño, coordinación y ejecución de la estrategia de Relaciones Públicas y Reputación de AXA Mexico, gestionando el monitoreo de medios, la relación con proveedores y periodistas, y la conexión editorial entre campañas de marca/producto, estudios clave (Mind Health, Future Risks) y la agenda reputacional de la compañía.

**Principales Funciones:**  

* Coordinar el servicio de monitoreo de medios (proveedor), asegurando reportes útiles, análisis de tono y alertas tempranas.
* Desarrollar y ejecutar estrategias de relaciones públicas y reputación alineadas a la estrategia de marca y de negocio (posicionamiento de voceros, narrativas clave, Q\&A, mensajes eje).
* Liderar la activación editorial de estudios como Mind Health Report y Future Risks Report (localización, mensajes clave, historias, ángulos para medios).
* Asegurar la conexión entre campañas de marca y producto y la agenda editorial (notas, tribunas, entrevistas, contenidos de contexto).
* Coordinar y apoyar en eventos clave para la marca
* Trabajar de la mano con agencias de relaciones públicas y comunicación para asegurar calidad, consistencia y alineación global/local.
* Proveer insight reputacional y recomendaciones a Marketing, Comunicaciones y alta dirección.

 **Requisitos:**  

* Formación Académica: Lic en comunicación, mercadotecnia, administración, o a fin .
* Inglés: intermedio\-avanzado
* Experiencia: 2\- 3 años de experiencia en Relaciones Públicas, Comunicación Corporativa, Reputación o afín.
* Experiencia demostrable gestionando agencias de PR y proveedores de monitoreo de medios y deseable capacidad de manejo de herramientas de IA
* Sólida capacidad editorial: redacción, storytelling corporativo, ángulos para medios, manejo de mensajes sensibles.
* Deseable experiencia previa en servicios financieros, seguros o sectores regulados.
* Conocimiento de métricas de reputación , monitoreo, redes sociales (share of voice, sentiment, interacciones,reach, etc.).

 **¿Qué te ofrecemos?**
En AXA México, te brindamos un camino para potenciar tus habilidades, crecer personal y profesionalmente, y vivir una experiencia que te desafíe a ser mejor cada día. Aquí, tu potencial es la semilla del cambio, y tu progreso, el impulso para transformar vidas. **Nuestro compromiso contigo:****Potencial:** Brindarte autonomía para que tomes decisiones y lideres cambios.**Progreso:** Escuchar y acompañarte en tu desarrollo, ampliando tus capacidades humanas y profesionales.**Cuidado:** Garantizar tu bienestar integral, tanto en lo personal como en lo laboral.
¿Listo para dar el siguiente paso?
Know You Can — porque en AXA, tu historia de éxito empieza ahora. **Acerca de AXA**¿Alguna vez te has preguntado cómo sería trabajar en un lugar donde puedes alcanzar tu máximo potencial? Somos una compañía multinacional de origen francés, líder mundial en seguros, presente en 50 países, con más de 95 millones de clientes en todo el mundo. Desde 2008, en México, hemos protegido y cuidado a cerca de 5\.9 millones de mexicanos, gracias a nuestros más de 5,000 colaboradores comprometidos.  

En AXA, celebramos la diversidad de ideas y pensamientos, porque nos hace más fuertes. Promovemos un entorno inclusivo, sustentable y lleno de espacios para aprender, colaborar y crear. Aquí, cada idea cuenta, cada voz es valorada y tu desarrollo es nuestra misión.  

Si quieres dar el siguiente paso y atreverte a hacer lo mejor de ti, AXA México te está esperando. Atrévete a vivir la experiencia AXA y construye un futuro lleno de oportunidades."
diseño editorial remoto,Mexico,indeed,Content & Social Media Strategist,Kostik,"Polanco I Sección, DIF, MX",2026-04-27,,,,https://mx.indeed.com/viewjob?jk=48dd64c864b73464,"**Descripción de la vacante**

Buscamos a una persona creativa y estratégica que lidere la comunicación digital para integrarse a una productora audiovisual en crecimiento. Este rol será clave para construir, posicionar y mantener una presencia digital sólida, auténtica y relevante dentro de la industria.

Trabajarás con un equipo pequeño, cercano y altamente colaborativo, donde las ideas se escuchan y se ejecutan. Es un entorno dinámico, con mucha exposición a proyectos reales (rodajes, contenido en campo, branding creativo), ideal para alguien con iniciativa, curiosidad y ganas de involucrarse más allá de lo tradicional.

El ritmo es ágil y demandante, por lo que buscamos a alguien con autonomía, enfoque en resultados y capacidad de adaptación.

**Responsabilidades**

**Estrategia y comunicación**

* Diseñar e implementar la estrategia de comunicación digital de la marca.
* Definir narrativa, tono de voz y línea editorial.
* Proponer ideas para fortalecer el posicionamiento y presencia en la industria audiovisual.
* Gestionar redes sociales, sitio web y canales de comunicación.
* Planificar y ejecutar calendarios de contenido.
* Coordinar newsletters y comunicaciones clave del negocio.

**Creación de contenido**

* Desarrollar contenido visual y editorial alineado a la identidad de marca.
* Documentar proyectos, rodajes y vida interna de la productora.
* Colaborar directamente con el equipo de producción para generar contenido en campo.
* Diseñar materiales gráficos, presentaciones y assets institucionales.
* Asegurar consistencia visual y narrativa en todos los entregables.

**Análisis y optimización**

* Monitorear métricas de desempeño en redes y canales digitales.
* Generar insights accionables y propuestas de mejora continua.

**Requisitos**

**Experiencia**

* 2 a 3 años en gestión de redes sociales, contenido y diseño.
* Experiencia desarrollando estrategias digitales y comunicación de marca.

**Conocimientos y habilidades**

* Gestión y análisis de redes sociales.
* Excelente redacción y storytelling.
* Creación de contenido digital (visual y editorial).
* Diseño intermedio (Canva, Photoshop, InDesign o similares).
* Manejo de herramientas de email marketing / newsletters.
* Uso de Google Workspace / paquetería Office.

**Escolaridad**

* Licenciatura concluida en Comunicación, Marketing, Diseño o afín.

**Competencias clave**

* Creatividad con enfoque estratégico.
* Organización y planeación.
* Proactividad y capacidad de ejecución.
* Atención al detalle y orientación a resultados.
* Capacidad de trabajar en múltiples proyectos simultáneamente.
* Habilidad de colaboración con equipos creativos y de producción.
* Actitud de servicio y disposición para aprender.

**Lo que ofrece el puesto**

* Sueldo mensual: **$15,000 a $20,000 MXN** (según experiencia).
* Esquema híbrido (home office \+ participación en producciones).
* Flexibilidad laboral (con alta presencia remota, especialmente los viernes).
* Exposición directa a proyectos audiovisuales reales.
* Ambiente creativo, cercano y colaborativo.
* Oportunidad de crecimiento y desarrollo dentro de la industria.

Tipo de puesto: Tiempo completo

Sueldo: $15,000\.00 \- $20,000\.00 al mes

Pregunta(s) de postulación:

* ¿Has desarrollado estrategias de comunicación digital o solo ejecución?
* ¿Tienes experiencia generando contenido en campo (eventos, rodajes, etc.)?

Lugar de trabajo: remoto híbrido en 11510, Polanco I Sección, CDMX"
coordinadora de contenidos creativo,Mexico,indeed,Encargado de Marketing Digital y Contenido (Híbrido),PROCUPROS S.A de C.V,"CDP, CHH, MX",2026-04-27,,,,https://mx.indeed.com/viewjob?jk=482f8d8ada97966c,"**Coordinador de Marketing Digital (Híbrido) Chihuahua, Chih. \| Sector Salud/Clínica**

¿Eres creativo, te apasiona la tecnología y te gusta conectar con las personas? Buscamos un talento multifuncional que quiera crecer con nuestra clínica, liderando nuestra imagen digital y participando activamente en la presentación de nuestros servicios.

**Tus Retos (Objetivos)**

* **Contenido Digital:** Crear y diseñar contenido visual (foto/video/diseño) para Redes Sociales que genere confianza y comunidad.
* **Posicionamiento (SEO/SEM):** Gestionar campañas en Google Ads y Meta Ads para atraer nuevos pacientes y optimizar nuestra presencia en Google Maps.
* **Eventos:** Ser el apoyo clave en la logística y atención en eventos presenciales de presentación de servicios.
* **Growth:** Ejecutar estrategias para alcanzar las metas de captación de pacientes.

**Perfil Buscado**

* **Formación:** Lic. en Mercadotecnia, Comunicación, Diseño Gráfico o afines (puede ser recién egresado con portafolio).
* **Habilidades Técnicas:** Manejo de herramientas de diseño (Canva/Adobe), edición de video para Reels/TikTok y conocimientos básicos de pauta digital.
* **Actitud:** Extrovertido(a), con facilidad de palabra para eventos y excelente redacción.
* **Ubicación:** Residir en Chihuahua, Chih. (Indispensable para esquema híbrido y eventos).

**¿Qué ofrecemos?**

* **Sueldo Base:** $10,000 MXN netos mensuales.
* **Bonos por Metas:** Esquema de bonos por alcance de KPIs de hasta **$3,000 MXN adicionales** ($13,000 total).
* **Prestaciones de Ley:** IMSS, Infonavit, Aguinaldo, Vacaciones y Prima Vacacional desde el primer día.
* **Esquema Híbrido:** Flexibilidad para combinar trabajo presencial en clínica y trabajo remoto.
* **Crecimiento:** Oportunidad de desarrollo en una clínica líder en su sector.

Tipo de puesto: Tiempo completo

Sueldo: $10,000\.00 \- $13,000\.00 al mes

Escolaridad:

* Licenciatura terminada (Obligatorio)

Experiencia:

* Mercadotecnia de redes sociales: 2 años (Obligatorio)
* CRM software: 1 año (Deseable)
* Eventos: 1 año (Deseable)

Lugar de trabajo: remoto híbrido en 31135, CDP, Chih."
coordinadora de contenidos creativo,Mexico,indeed,Asistente Coordinaciones Comunicación y Eventos,Colegio Ciudad,"Miguel Hidalgo, DIF, MX",2026-04-27,,,,https://mx.indeed.com/viewjob?jk=d503c430c4d61af5,"**Colegio Ciudad busca Asistente Coordinaciones Comunicación y Eventos en Polanco \- Miguel Hidalgo, Ciudad de México**
-----------------------------------------------------------------------------------------------------------------------


**Coordinador(a) de Eventos y Contenido Digital**

  

Buscamos un perfil híbrido y dinámico con la capacidad de gestionar la logística operativa de un evento y, al mismo tiempo, capturar y producir el contenido visual que lo haga brillar. Si eres una persona organizada, con ojo creativo y dominio de herramientas digitales, ¡queremos conocerte!

 **Perfil Académico**

* **Formación preferente en:** Comunicación, Licenciatura en Dirección de Eventos, Gestión de Eventos, Diseño Gráfico o Mercadotecnia.

 **Responsabilidades Principales**

  

Tu misión será asegurar la excelencia en la ejecución de cada proyecto a través de:

* **Logística 360°:** Apoyo integral en la planeación, montaje, operación y cierre de eventos.
* **Gestión de Contenidos:** Diseño de materiales institucionales (invitaciones, boletines, comunicados, diplomas, etc.).
* **Producción Audiovisual:** Cobertura de actividades mediante foto y video, y edición ágil para canales internos y externos.
* **Administración y Control:** Manejo de bases de datos, control de asistencia, registros y coordinación directa con proveedores y áreas internas.

 **Beneficios:**

  

* Vales de despensa
* Fondo de ahorro
* Seguro de gastos médicos mayores
* Seguro de vida
* Bono de puntualidad y asistencia.
* Bono anual
* Quinquenio
* Decenio

 **Nivel de educación deseada:**  

Superior \- titulado


**Nivel de experiencia deseada:**  

Nivel Experto


**Función departamental:**  

Educación


**Industria:**  

Educación

  

  

*Esta vacante viene de la bolsa de empleo Talenteca.com:*  

*https://www.talenteca.com/anuncio?j\_id\=69efc8925600002f00acf424\&source\=indeed*"
marketing de contenidos editorial,Mexico,indeed,Jefe de Contenidos Digitales y Marketing,Empoderamia,"Puebla, PUE, MX",2026-04-27,,,,https://mx.indeed.com/viewjob?jk=88d88039adc17a18,"**Requisitos:**

* Edad: mayor de 25 años.
* Experiencia mínima de 1 año en áreas de marketing digital, contenidos o comunicación.
* Carrera concluida en Marketing, Diseño, Comunicación o afín.

**Conocimientos y habilidades:**

* Manejo de **WordPress** (indispensable).
* Experiencia en gestión de redes sociales (Meta, Instagram, TikTok, YouTube, X).
* Diseño de contenido visual (Canva, Photoshop o similares).
* Edición básica de video (CapCut, Premiere u otros).
* Manejo de **Meta Ads** (campañas, segmentación y objetivos).
* Conocimiento en creación de formularios (Meta, Google Forms, landing pages).
* Manejo de plataformas de audio como Spotify (deseable).
* Excelente redacción y ortografía.
* Creatividad, organización y enfoque a resultados.

**Actividades principales:**

* Administrar y actualizar la página web (WordPress).
* Publicar artículos, notas y contenido editorial.
* Crear contenido para redes sociales: Facebook, Instagram, YouTube, X y TikTok.
* Diseñar imágenes para publicaciones (posts, stories, banners, etc.).
* Realizar videos básicos de coberturas (grabación y edición sencilla).
* Planificar y calendarizar contenido digital.
* Subir y gestionar contenido en Spotify (audio artículos, cápsulas, etc.).
* Crear y ejecutar campañas pagadas en Meta Ads (Facebook e Instagram).
* Diseñar y administrar formularios para captación de leads.
* Monitorear métricas básicas de desempeño.
* Apoyar en la difusión de eventos, entrevistas y alianzas.

Sueldo: A partir de $8,400\.00 al mes

Lugar de trabajo: Empleo presencial"
marketing de contenidos editorial,Mexico,indeed,Coordinador de Marketing,Clinica Tecnodental,"San Marcos, AGU, MX",2026-04-27,,,,https://mx.indeed.com/viewjob?jk=477c3e87ffe882e7,"En nuestra empresa, con más de 40 años en el mercado, creemos en el talento que transforma ideas en resultados. Buscamos a un Coordinador de Marketing que quiera crecer, proponer y generar impacto real dentro de una organización sólida, en constante evolución.

**Objetivo del puesto:**

Planear, coordinar y supervisar las estrategias de marketing digital y tradicional de la empresa, asegurando su correcta ejecución, medición y mejora continua, alineadas a los objetivos comerciales y de crecimiento organizacional.

**Principales responsabilidades:**

* Planear, organizar y supervisar la ejecución de campañas de marketing digital y tradicional.
* Diseñar y coordinar la estrategia de contenidos para redes sociales, página web y otros canales de comunicación.
* Administrar y dar seguimiento al calendario editorial y campañas promocionales.
* Coordinar el desarrollo de materiales promocionales (digitales e impresos) en conjunto con el área de Diseño.
* Analizar métricas de desempeño y elaborar reportes estratégicos con propuestas de mejora.
* Coordinar la organización de eventos, activaciones de marca y actividades comerciales.
* Gestionar solicitudes internas relacionadas con comunicación institucional y publicidad.
* Supervisar bases de datos, inventarios de material promocional y archivos digitales del área.
* Dar seguimiento a proveedores, cotizaciones y procesos administrativos del departamento.
* Liderar investigaciones de mercado y análisis de competencia.
* Mantener comunicación constante con las diferentes áreas para asegurar la correcta implementación de estrategias.
* Apoyar en actividades adicionales del área según necesidades operativas y estratégicas.

**Perfil del puesto:**

**Escolaridad:**  
Licenciatura en Marketing, Comunicación, Publicidad, o afín.

**Experiencia:**

* Mínimo 2 a 4 años en posiciones similares (coordinación o ejecución de marketing).
* Experiencia comprobable en marketing digital, redes sociales y campañas publicitarias.
* Deseable experiencia en coordinación de equipos o proveedores.

**Conocimientos técnicos:**

* Estrategias de marketing digital y tradicional.
* Gestión de redes sociales y generación de contenido.
* Herramientas de análisis (Meta Business Suite, Google Analytics, etc.).
* Planeación de campañas y manejo de presupuestos.
* Organización de eventos y activaciones de marca.
* Manejo de herramientas de diseño básico (Canva, Adobe o similares) – deseable.

**Competencias clave:**

* Liderazgo y capacidad de coordinación.
* Planeación y organización.
* Pensamiento estratégico y analítico.
* Creatividad e innovación.
* Comunicación efectiva.
* Enfoque a resultados.
* Trabajo en equipo y manejo de múltiples proyectos.

**Ofrecemos:**

* Sueldo inicial competitivo.
* Oportunidad de crecimiento y desarrollo profesional.
* Ambiente dinámico y colaborativo.
* Participación activa en proyectos estratégicos de la empresa.

**¿Te interesa?**

Si te apasiona el marketing y quieres formar parte de un equipo con experiencia, visión y crecimiento, ¡postúlate y da el siguiente paso en tu carrera!

Sueldo: A partir de $14,000\.00 al mes

Beneficios:

* Caja de ahorro
* Descuento de empleados
* Opción a contrato indefinido
* Uniformes gratuitos
* Vales de despensa

Lugar de trabajo: Empleo presencial"
marketing de contenidos editorial,Mexico,indeed,Content Strategist Editor,Empleando Mexico,"Cancún, ROO, MX",2026-04-27,,,,https://mx.indeed.com/viewjob?jk=30f45aa7ad0ccd54,"**Empleando Mexico busca Content Strategist Editor en Cancún, Quintana Roo**
----------------------------------------------------------------------------



Vacante como Content Strategy Manager \| Posición presencial en Cancún

  

Buscamos un/a **Content Strategy Manager** (o Editor de Contenido Estratégico) con una mentalidad analítica y enfoque en negocio, capaz de diseñar, estructurar y optimizar estrategias de contenido alineadas a objetivos de marketing.

  

Esta posición no está enfocada en la ejecución diaria de piezas, sino en la **definición de qué contenido se crea, por qué, para quién y con qué objetivo**. Necesitamos a alguien que entienda cómo el contenido impacta en adquisición, conversión y posicionamiento de marca.

 **¿Qué hará esta posición?**

  

* Diseñar la **estrategia de contenido** alineada a objetivos de marketing (tráfico, leads, conversión).
* Definir líneas editoriales, tono de marca y estructura de comunicación.
* Planear y estructurar funnels de contenido (awareness, consideration, conversion).
* Analizar el rendimiento del contenido y optimizar en función de datos.
* Detectar oportunidades de contenido basadas en SEO, tendencias y comportamiento del usuario.
* Coordinar con equipos de diseño, social media, paid media y SEO.
* Supervisar la ejecución de contenido (sin ser quien lo produce directamente en la mayoría de los casos).
* Definir briefs claros para contenido (copies, video, blog, ads).
* Asegurar coherencia en todos los canales de comunicación.

 **Perfil que buscamos:**

  

* Experiencia en **estrategia de contenido** (no solo creación).
* Conocimiento de **marketing digital, SEO y funnels de conversión**.
* Capacidad analítica para interpretar métricas y tomar decisiones.
* Experiencia trabajando con equipos creativos.
* Pensamiento estructurado y orientación a resultados.
* Capacidad de traducir objetivos de negocio en contenido.
* Experiencia en campañas digitales o growth (ideal).

 **Lo que ofrecemos:**

  

* Rol estratégico dentro del equipo de marketing.
* Participación directa en decisiones de crecimiento.
* Colaboración con equipos multidisciplinarios.
* Espacio para proponer y ejecutar ideas con impacto.
* Estabilidad y desarrollo profesional.

 **Nivel de educación deseada:**  

Superior \- titulado


**Nivel de experiencia deseada:**  

Nivel Experto


**Función departamental:**  

Medicina / Salud


**Industria:**  

Marketing


**Habilidades:**  

* Estrategia y liderazgo
* Creación de contenido
* SEO

  

  

*Esta vacante viene de la bolsa de empleo Talenteca.com:*  

*https://www.talenteca.com/anuncio?j\_id\=69efa4323e00002e003842dc\&source\=indeed*"
responsable de contenidos remoto,Spain,indeed,Técnica/o de comunicación,Plataforma de Organizaciones de Infancia,"Madrid, MD, ES",2026-04-27,,,,https://es.indeed.com/viewjob?jk=dfb3b7bea6709643,"País
España
Provincia
Madrid \- Madrid
Fecha límite Inscripción
18/05/2026
Categoría
Comunicación y Marketing
Tipo de oferta
Orientada a personas con discapacidad
 **Crear alerta**

**Información de la ONG**


Plataforma de Organizaciones de Infancia
**Valoración**  

(0 valoraciones) **info**
% de respuesta: 97,59% **info**

**Objetivo**
------------


La Plataforma de Infancia convoca la plaza de Técnica/o de Comunicación a jornada completa. Dependiente de la responsable de Comunicación deberá cumplir eficazmente la misión de la Plataforma de Infancia, trabajando con el resto de personal técnico de la organización, así como de sus entidades miembro.

  

La Plataforma de Infancia es una red de más de 70 organizaciones de infancia con la misión de proteger, promover y defender los derechos de niñas, niños y adolescentes conforme a la Convención sobre los Derechos del Niño de Naciones Unidas. Su visión es alcanzar el pleno cumplimiento de los derechos de las niñas, niños y adolescentes, integrando el esfuerzo de las organizaciones de infancia y de todos los agentes sociales.

  

Funciones principales

* Colaborar a nivel técnico en el desarrollo, puesta en marcha y evaluación del plan de comunicación de la entidad en alineación con sus objetivos estratégicos.
* Desarrollo e implementación de acciones y campañas de comunicación de acuerdo con las líneas de identidad institucional de la Plataforma de Infancia.
* Crear contenido atractivo y relevante para la web y redes sociales como noticias, materiales audiovisuales, memoria anual, etc. coordinando y supervisando la gestión con proveedores externos cuando sea necesario.
* Gestionar las relaciones con medios de comunicación, redacción de notas de prensa y artículos de opinión, gestión de entrevistas, organización de eventos (presencial u online), actualización de la base de medios.
* No tendrá personal a su cargo. Se requiere capacidad para trabajar en equipo con personal técnico de otros programas en la ejecución de las tareas asignadas.
* Gestionar la parte del presupuesto de las acciones que le sean asignadas para desarrollar, así como hacer seguimiento del cumplimiento de los indicadores fijados

  

Competencias y habilidades clave

* Capacidad de trabajo en equipo, empatía y resolución de conflictos.
* Capacidad de organización, planificación, evaluación y rendición de cuentas.
* Habilidades de negociación, relaciones sociales y comunicación.
* Iniciativa, autonomía y orientación a resultados.
* Flexibilidad y adaptabilidad.

  

Condiciones laborales

* Contrato indefinido a jornada completa
* Grupo profesional 1 del Convenio Colectivo Estatal de Acción e Intervención Social
* Salario: 26\.984,44 € brutos anuales
* Horario flexible, con franja fija de 10:00 a 14:00 h de lunes a viernes
* Posibilidad de Teletrabajo 3 días a la semana (posible 100% remoto en julio y agosto)
* Ubicación: C/ Escosura, 3\. 28015 Madrid


**Perfil:**


Titulación superior en ciencias de la información, comunicación, periodismo, publicidad o audiovisuales. Se valorará haber realizado estudios de postgrado.

* Experiencia demostrable en departamentos de comunicación, agencias o medios de comunicación realizando tareas similares a las descritas durante al menos 4 años.
* Identificación con la misión y los principios de la Plataforma de Infancia.
* Excelente redacción y capacidad para traducir y adaptar mensajes complejos a diferentes soportes y audiencias.
* Experiencia en gestión de campañas de sensibilización y en trabajo con medios.
* Experiencia en gestión de redes sociales y herramientas como Metricool, Meta Bussiness Suite, Google Analytics, etc.
* Disponer de permiso de trabajo en España.
* Disponibilidad para viajar.
* Certificado negativo de antecedentes de delitos de naturaleza sexual.

  

Se valorará

* Conocimientos sobre derechos de infancia y participación infantil
* Experiencia en el trabajo y coordinación con entidades del Tercer Sector.
* Experiencia en el desarrollo de contenidos para un público infantil/juvenil.
* Manejo de herramientas de diseño (Adobe Photoshop, Illustrator, Canva, etc.).
* Conocimientos de fotografía, grabación y edición de vídeo.
* Manejo de herramientas del entorno Microsoft 365\.
* Conocimientos DIVI WordPress.
* Inglés (B2\).

  

**Competencias:**


Iniciativa y autonomía, Organización y planificación, Fiabilidad técnica y personal, Trabajo en equipo
**Nivel:**


Empleado
**Tipo de contrato:**


Jornada completa
**Duración:**


Más de 2 años
**Salario:**


Entre 24\.001 y 30\.000 € bruto/anual
**Estudios mínimos:**


Diplomado
**Experiencia mínima:**


Al menos 3 años
**Fecha de inicio:**


28/05/2026
**Nº de vacantes:**


1"
marketing de contenidos editorial,Mexico,indeed,Coordinador de Marketing Digital (Giro Inmobiliario),Señor Talento,"Morelia, MIC, MX",2026-04-26,,,,https://mx.indeed.com/viewjob?jk=916b1a546cf201be,"Buscamos un perfil estratégico y operativo que lidere la ejecución de campañas, gestione la presencia de marca y contribuya al crecimiento comercial a través de iniciativas de marketing efectivas.

**Responsabilidades principales:**

* Planear, coordinar y ejecutar campañas de marketing digital y tradicional
* Gestionar redes sociales, contenido y calendario editorial
* Coordinar con equipo de diseño el contenido.
* Analizar resultados de campañas y optimizar el rendimiento (KPIs, ROI)
* Apoyar en la generación de leads y estrategias comerciales
* Supervisar imagen de marca y consistencia en comunicación
* Implementar estrategias de posicionamiento y fidelización de clientes
* Activaciones comerciales, creación de puntos de venta.
* Creación de alianzas, convenios, etc.

**Requisitos:**

* **Licenciatura en Marketing, C**omunicación, Negocios o afín,
* **Experiencia mínima de 2 a 4 años como LÍDER DE ÁREA en marketing (NO community manager)**
* Conocimiento en marketing digital, redes sociales y campañas pagadas
* **Manejo de herramientas de análisis (Meta Ads, Google Analytics, etc.)**
* Habilidad para gestión de proyectos y trabajo en equipo
* Creatividad, enfoque en resultados y pensamiento analítico
* Contar con vehículo propio (auto o moto) para facilidad de desplazamiento entre los desarrollos.

**Horarios: Lunes a viernes de 8:00 am a 5:00 pm**

**sábados de 9:00 a 1:00 pm**

**Sueldo base $15,000 \- 18,000 netos al mes (pago quincenal)** 

**$2,200 mensuales en vales de gasolina.**

**Bono de $4,000 mensual por cumplimiento de meta de venta 70%**

**Bono adicional.**

**Comisión por unidad vendida por área de ventas.**

¡Adjunta tu CV!

Sueldo: $16,000\.00 \- $25,000\.00 al mes

Beneficios:

* Opción a contrato indefinido
* Teléfono de la empresa

Escolaridad:

* Licenciatura terminada (Obligatorio)

Experiencia:

* Líder, Jefe o Coordinador e Marketing: 2 años (Obligatorio)

Lugar de trabajo: Empleo presencial

Fecha de inicio prevista: 04/05/2026"
coordinadora de contenidos creativo,Mexico,indeed,Coordinador de Marketing Digital,UNIVERSIDAD CIES,"Puebla, PUE, MX",2026-04-25,,,,https://mx.indeed.com/viewjob?jk=337d5130cb49a152,"UNIVERSIDAD CON 15 AÑOS EN EL MERCADO Y EN CONSTANTE CRECIMIENTO BUSCA COORDINADOR/A DE MARKETING DIGITAL

Nombre del puesto: Coordinador/a de Marketing Digital

**Área:** Marketing

* Planear, ejecutar y optimizar campañas en Meta Business Suite
* Monitorear y mejorar métricas clave (CPL, CPR, conversiones, volumen de leads)
* Creación de contenido (copies, creativos, videos)
* Analizar resultados y proponer mejoras constantes
* Trabajar de la mano con el área comercial para mejorar calidad de leads
* Gestionar calendario de campañas y lanzamientos

**Requisitos:** 

* Experiencia comprobable en marketing digital y generación de leads
* Dominio de Meta Ads y (preferente Google Ads)
* Capacidad analítica y orientación a resultados
* Orden, disciplina y seguimiento constante
* Proactividad y rapidez en ejecución
* Preferente experiencia en sector educativo
* Licenciatura en Marketing Digital (deseable)

**Ofrecemos:**

* Excelente ambiente laboral
* Salario base mas comisiones y bonos
* Descuento de empleado
* Prestaciones de ley

Tipo de puesto: Tiempo completo

Sueldo: $8,000\.00 \- $11,000\.00 al mes

Beneficios:

* Descuentos y precios preferenciales
* Opción a contrato indefinido
* Teléfono de la empresa

Escolaridad:

* Licenciatura terminada (Deseable)

Experiencia:

* Marketing digital: 1 año (Deseable)

Lugar de trabajo: Empleo presencial"
coordinadora de contenidos creativo,Mexico,indeed,Coordinador de Mercadotecnia y Contenido,21st HUMAN RESOURCES,"Cuajimalpa, DIF, MX",2026-04-25,,,,https://mx.indeed.com/viewjob?jk=c78ea79a593c5ea1,"**21st Human Resources busca Coordinador de Mercadotecnia y Contenido en Cuajimalpa \- Cuajimalpa de Morelos, Ciudad de México**
--------------------------------------------------------------------------------------------------------------------------------

  

**Coordinador de Marketing y Contenido**
----------------------------------------

  

### **Empresa:** **Líder en Medicina, Nutrición y Bienestar busca coordinador de Marketing y Contenido para tres unidades de negocio y** **orquestar la presencia digital de una de las marcas de saludmás influyentes de México.**

### **Tu misión es asegurar que la estrategia de contenido, el podcast y la comunicación de nuestras distintas unidades de negocio mantengan una excelencia visual y estratégica impecable.**

### **Tus principales responsabilidades:**

* **Estrategia 360°:** Diseñar y ejecutar el plan de marketing orientado a tendencias, contenido de valor y conversión.
* **Liderazgo Creativo:** Coordinar y supervisar a un equipo interno (3 personas) y la relación con agencias externas.
* **Gestión de Podcast:** Supervisar la logística, invitados, producción y post\-producción de episodios de alto impacto.
* **Branding y Calidad:** Validar diseños, reels y copies, asegurando que cada pieza respete el tono y la estética de la marca.
* **Eventos y Alianzas:** Coordinar la comunicación y producción de conferencias, talleres y gestión de patrocinios.
* **Análisis y Resultados:** Monitorear KPIs (ROAS, engagement, ventas) y presentar reportes de optimización a Dirección.

### **¿Qué buscamos?**

* **Formación:** Lic. en Marketing, Comunicación, Diseño o Publicidad (Titulado).
* **Experiencia:** 5 a 7 años en posiciones similares, preferentemente gestionando marcas personales (figuras públicas) o sectores de salud/lujo.
* **Liderazgo:** Experiencia comprobable manejando equipos creativos.
* **Tech Stack:** Dominio de Meta Business Suite, TikTok, YouTube Studio y herramientas de gestión (Asana/Trello).
* **Plus:** Manejo de IA para creación de contenido y conocimientos básicos de diseño (Adobe/Canva).
* **Idiomas:** Inglés avanzado.
* **Soft Skills:** Ojo clínico para el detalle, altísima organización, proactividad y capacidad de trabajar bajo presión en un entorno dinámico.

### **¿Qué ofrecemos?**

* Sueldo neto mensual entre 20,000\.\- a 25,000 pesos y prestaciones de ley.
* Oportunidad de crecimiento en una empresa en expansión.
* Ambiente de trabajo profesional en una zonas céntrica.
* Horario competitivo de Lunes a Jueves de 9:00 AM a 6:00 PM y viernes de 9:00 AM a 3:00 PM.

 **Nivel de educación deseada:**  

Superior \- titulado


**Nivel de experiencia deseada:**  

Nivel Experto


**Función departamental:**  

Marketing / RRPP / Comunicación


**Industria:**  

Bienestar y Fitness


**Habilidades:**  

* marketing digital
* podcast
* analytics
* planes marketing
* liderazgo

  

  

*Esta vacante viene de la bolsa de empleo Talenteca.com:*  

*https://www.talenteca.com/anuncio?j\_id\=69ed08e6400000300023ecd4\&source\=indeed*"
marketing de contenidos editorial,Mexico,indeed,EDITOR,UNIVERSIDAD XOCHICALCO,"Ensenada, BCN, MX",2026-04-25,,,,https://mx.indeed.com/viewjob?jk=9415f9e8a99be7ae,"**Funciones Clave del Editor**

* **Evaluación y pulido:** Lee manuscritos para mejorar la coherencia, tono y estilo, elevando el valor del texto.
* **Mediación autor\-lector:** Actúa como el primer lector profesional, alineando la intención del autor con la experiencia del consumidor.
* **Coordinación de producción:** Gestiona el proceso completo: corrección de estilo, diseño de portada y formato.
* **Visión comercial:** Define el público objetivo y la estrategia de mercado en editoriales grandes, o gestiona la distribución en la auto publicación
* **Tipos de Edición**
* **Editor Literario/Adquisiciones:** Evalúa y selecciona obras.

El trabajo editorial es un proceso creativo y colaborativo que requiere diálogo constante entre autor y editor.

* **Editor de Mesa/Estilo:** Revisa la calidad, gramática y coherencia.
* **Autor\-Editor:** Desarrolla el contenido y gestiona su propia publicación.
* **Grados Universitarios:** Filología (Hispánica, Inglesa, etc.), Periodismo, Comunicación, Traducción e Interpretación, o Literatura.
* **Formación Profesional/Especializada:** Diseño y Edición de Publicaciones, Marketing y Publicidad, o Licenciatura en Letras y Emprendimiento Editorial.
* **Cursos de Postgrado/No reglados:** Másteres en Edición, cursos de corrección ortotipográfica y de estilo, o formación en edición digital.

Lugar de trabajo: Empleo presencial"
coordinadora de contenidos creativo,Mexico,indeed,Coordinador de estrategia digital (Health & Wellness),CMM GROUP,"Colonia Condesa, DIF, MX",2026-04-24,,,,https://mx.indeed.com/viewjob?jk=0bf5f1753086ab11,"**Agencia: Crossmedia Marketing Group** 

**Lugar de trabajo: WORTEV (Zamora 187, Condesa, CDMX).**

NOTA: Sólo recibiremos CV con portafolio, una recomendación laboral y con disponibilidad para iniciar 6 de mayo

**Sobre nosotros**

En CMM, somos un grupo de agencias especializada en el sector Health \& Wellness. Buscamos un Estratega Digital que no solo gestione redes, sino que entienda la importancia del bienestar y sepa comunicarlo de forma creativa y estratégica.

**Tus funciones principales**

**Gestión Diaria: Administrar y dar vida a las redes sociales de nuestros clientes.**

* Contenido Estratégico: Planeación, diseño y programación de publicaciones alineadas a la identidad de cada marca..
* Copywriting: Redacción impecable de copies para posts, stories y otros formatos digitales.
* Community Management: Monitoreo activo de comentarios y mensajes para mantener una comunidad sana y atendida.
* Tendencias: Identificar audios, formatos y dinámicas de tendencia para aplicarlos de forma orgánica.
* Producción: Grabación mensual con clientes y colaboración con el equipo creativo para materiales visuales.
* Eventos: Apoyo en la cobertura digital de eventos especiales.
* Seguimiento: Elaboración de reportes de métricas, estrategias trimestrales y participación en juntas semanales de planeación.

**¿Qué necesitamos de ti?**

* Formación: Licenciatura en Comunicación, Marketing o afín.
* Experiencia: Mínimo de 6 meses a 1 año comprobable en manejo de redes sociales en agencia.
* Gestión de cuentas: Experiencia manejando mínimo 3 cuentas de forma simultánea.
* Habilidades: Excelente redacción y ortografía, creatividad, organización, ética y enfoque en resultados.
* Herramientas: Dominio de Meta Business Suite y herramientas de gestión digital.

**Lo que ofrecemos**

* Sueldo: $10,000
* Horario: Lunes a viernes de 9:00 am a 6:00 pm. Y sábado remoto de 9:00 a 2:00 pm
* Modalidad: Presencial (Oficinas WORTEV, Condesa).

**Ambiente: Equipo joven, colaborativo y dinámico.**

**Plan de Carrera: Oportunidad de crecimiento profesional (valoramos y recompensamos la proactividad y los resultados).**

Es indispensable enviar CV y portafolio para considerar tu perfil.

Tipo de puesto: Tiempo completo

Sueldo: $10,000\.00 \- $14,000\.00 al mes

Pregunta(s) de postulación:

* ¿Has trabajado en agencia?
* ¿Cuál es el número máximo de cuentas que has gestionado de manera simultánea?

Lugar de trabajo: remoto híbrido en 06140, Colonia Condesa, CDMX"
diseño editorial remoto,Mexico,indeed,Copywriter - Branding,Mantra Creatividad,"Prado Norte, YUC, MX",2026-04-24,,,,https://mx.indeed.com/viewjob?jk=ed294d6dfc946d7e,"Somos una agencia creativa que combina diseño, estrategia e ideas que conectan. Creemos que cada marca tiene una voz propia y un mantra que la guía, y buscamos a alguien que nos ayude a encontrarlo, construirlo y llevarlo a todas sus expresiones.

¡Estamos en búsqueda de nuestro nuevo **Copywriter de Branding**!

**Buscamos a alguien que:**

* Tenga excelente ortografía y criterio editorial.
* Sepa encontrar insights antes de escribir: entender audiencias, cultura, tensiones y tendencias.
* Desarrolle conceptos y narrativas que sostengan marcas y campañas de forma integral.
* Tenga experiencia creando **naming**, slogans y claims con sentido estratégico.
* Domine la redacción en múltiples formatos: digital, audiovisual, UX, web, redes y piezas de campaña.
* Pueda construir **universos verbales completos**: tono, estilo, glosario y ejemplos por plataforma.
* Redacte manifiestos, brand stories y mensajes clave con claridad y profundidad conceptual.
* Sea curioso por la cultura, el comportamiento digital y las tendencias de la industria.
* Disfrute trabajar en equipo, aportar ideas y darle claridad a lo complejo.
* Presente conceptos a cliente con claridad, argumento y seguridad.
* Escribir slogans, guiones, piezas digitales, textos web y microcopy para experiencias digitales.
* Colaborar de cerca con diseño, estrategia y dirección creativa para asegurar coherencia verbal en todo el proyecto.

**¿Qué buscamos?:**

* **Residir actualmente en Mérida, Yucatán (Indispensable).**
* Licenciatura en Comunicación, Mercadotecnia, Lingüística, Periodismo o afín.
* Experiencia mínima de **2–4 años en copywriting**, branding o publicidad.
* Excelente redacción.
* Capacidad de organización, criterio editorial y autonomía creativa.
* Experiencia en redacción SEO (deseable).

**¿Qué te ofrecemos?:**

* Sueldo base \+ prestaciones de ley.
* Modalidad de trabajo híbrida (presencial y home office) en Mérida, Yucatán.
* Oportunidad de trabajar en proyectos con marcas nacionales e internacionales.
* Crecimiento profesional y aprendizaje continuo.
* Cultura enfocada en el desarrollo y trabajo en equipo

Si te emociona construir marcas con intención, explorar ideas nuevas y escribir desde un lugar estratégico (no solo “bonito”), queremos conocerte.

Envía tu CV y portafolio a **jobs@mantra.mx**

Tipo de puesto: Tiempo completo, Por tiempo indeterminado

Sueldo: $11,000\.00 \- $12,500\.00 al mes

Beneficios:

* Programa de referidos
* Trabajo desde casa
* Uniformes gratuitos

Lugar de trabajo: remoto híbrido en 97139, Prado Norte, Yuc."
marketing de contenidos editorial,Mexico,indeed,SR. CREATIVE COPYWRITER,VKNG Group,"Miguel Hidalgo, DIF, MX",2026-04-24,,,,https://mx.indeed.com/viewjob?jk=faafff0b78b3a1d8,"**Sr. Creative Copywriter**

  

Ubicación: Ciudad de México



Modalidad: Híbrido (2 días de Home Office)



Experiencia requerida: Mínimo 4 años en redacción creativa, contenido digital o copywriting para campañas



Sueldo: $18,000

 **Sobre el rol**



En **VKNG Group** buscamos un/a **Sr. Creative Copywriter** que transforme ideas creativas en mensajes claros, relevantes y ejecutables para campañas y contenido digital.



Este rol es clave para asegurar que cada pieza comunique con claridad, mantenga el tono de marca y conecte con las audiencias en plataforma, desarrollando copys, guiones y estructuras narrativas que eleven el impacto del contenido.

 **Ideal para ti si**


* Te apasiona escribir ideas que realmente funcionen en plataformas digitales.
* Tienes obsesión por el tono de marca, el lenguaje y la claridad del mensaje.
* Disfrutas construir hooks, narrativas y estructuras para contenido digital.
* Sabes adaptar el mensaje según formato y plataforma.
* Te gusta colaborar con equipos creativos, social media y producción.
* Te interesa optimizar ideas con base en feedback y performance.
* Combinas creatividad con estructura y precisión editorial.
* Te motiva trabajar en campañas innovadoras y marcas relevantes.

 **Principales responsabilidades**



Desarrollar copys y guiones a partir de briefs creativos para campañas y contenido digital.  

Construir hooks, estructuras narrativas, captions, CTAs y versiones adaptadas por plataforma.  

Asegurar consistencia editorial y tono de voz para cada marca.  

Proponer variantes creativas de copy que fortalezcan las ideas y la ejecución.  

Adaptar mensajes y textos según formato, plataforma y objetivo de contenido.  

Ajustar copys con base en feedback creativo, aprendizajes de plataforma y performance.  

Garantizar claridad, ortografía y calidad editorial en todos los entregables.

 **Lo que ofrecemos**



Un entorno de crecimiento acelerado dentro del grupo creativo más innovador de LATAM.



Remuneración competitiva y participación en proyectos de alto nivel.



Cultura basada en la empatía, la gratitud y la excelencia compartida.



Trabajo con marcas líderes y estrategias diferenciales.



Aprendizaje continuo junto a un equipo de expertos pioneros.



Hasta **30 días de vacaciones al año** (vacaciones de ley \+ Victory Days ligados a desempeño).


**Work hard, party hard!**

 **Sobre** **️ VKNG Group** **️**



VKNG es el ecosistema creativo digital más innovador de LATAM, reconocido por su enfoque integral en social media marketing. Orgullosamente somos el único grupo mexicano reconocido como **TikTok Creative Partner, TikTok Agency Partner y TikTok Shop Partner** a nivel global, con el mayor número de casos de éxito en la región.

  

Nuestras especialidades:


* Contenido Auténtico (UGC)
* Influencer \& Creator Marketing
* Ads \& Performance Campaigns
* Accounts Management \& Growth
* Social Commerce \& TikTok Shop
* Livestreaming \& Shoppertainment
* Proyectos Especiales"
marketing de contenidos editorial,Mexico,indeed,Redacción de entretenimiento,Sopitas.com,"Álvaro Obregón, DIF, MX",2026-04-24,,,,https://mx.indeed.com/viewjob?jk=9eeb6d31cbdf397b,"**Sopitas.com busca Redacción de entretenimiento en Álvaro Obregón, Ciudad de México**
--------------------------------------------------------------------------------------



Estamos buscando a un(a) **Redactor(a) de Entretenimiento** con mentalidad 360° para nuestra vertical de contenidos.

  

Si eres de los que saltan de un hilo de chismes en X a una reseña de un videojuego y terminas analizando el estreno de una serie, este puesto es para ti.

 **Responsablidades:**

  

* Generar contenido diario sobre cine, series, videojuegos, tecnología y el mundo del espectáculo (trends, eventos, redes sociales).
* Colaborar activamente en la estrategia de contenidos para nuestras plataformas. Sabrás qué parte de tu texto funciona para un video de TikTok o cómo armar un hilo que se haga viral.
* Identificar qué está pasando en el mundo del entretenimiento general para ser los primeros en contarlo con el ángulo único de Sopitas.
* Convertir noticias complejas en textos ágiles, entretenidos y con sustancia.

 **Requisitos:**

  

* Capacidad de escribir con excelente ortografía, ritmo.
* Conocimiento sólido de la industria del entretenimiento (Cine/TV, Gaming, Celebs, Internet Culture).
* Entendimiento profundo de redes sociales (Instagram, TikTok, X). No solo las usas, sabes qué contenido funciona en cada una.
* SEO Editorial: Dominio de palabras clave y estructuras que posicionen nuestras historias en Google.
* Inglés Avanzado: Indispensable para traducción de fuentes, entrevistas y coberturas internacionales.
* Ideal: Experiencia en medios digitales cubriendo entretenimiento.

  

¿Te interesa? Postúlate por este medio o mándanos tu CV (y si tienes, tu book o redes) a ximena.ayala at sopitas . com

  

Queremos conocerte y que formes parte del universo Sopitas.

 **Nivel de educación deseada:**  

Superior \- titulado


**Nivel de experiencia deseada:**  

Nivel Inicial


**Función departamental:**  

Marketing / RRPP / Comunicación


**Industria:**  

Médios en Línea / Online Media

  

  

*Esta vacante viene de la bolsa de empleo Talenteca.com:*  

*https://www.talenteca.com/anuncio?j\_id\=69ebec7b3300003300309050\&source\=indeed*"
marketing de contenidos editorial,Mexico,indeed,Estratega de Contenido Digital - The Coffee México,The Coffee,"Zapopan, JAL, MX",2026-04-24,,,,https://mx.indeed.com/viewjob?jk=3323f99bb9c3aec8,"En *The Coffee México* estamos buscando a quien quiera tomar el control de lo que contamos como marca. No buscamos solo a alguien que publique contenido, sino a quien defina la narrativa, entienda el porqué detrás de cada pieza y convierta ideas en estrategia.

**¿Cuál será tu misión?**  
Liderar la estrategia de contenido digital, asegurando que cada mensaje refleje la esencia de la marca y conecte con nuestra audiencia en cada plataforma.

**Lo que harás en el día a día:**

* Diseñar y ejecutar la estrategia de contenido: pilares, tono de voz, formatos y frecuencia
* Construir y gestionar el calendario editorial mensual alineado a campañas y temporadas
* Crear contenido propio (reels, videos cortos, copies para Instagram y TikTok)
* Coordinar la publicación y gestión de comunidad junto con el equipo operativo
* Dar dirección creativa clara a diseñadores y agencias externas
* Analizar métricas y optimizar la estrategia con base en resultados reales
* Detectar y capitalizar tendencias relevantes en café, food y lifestyle
* Alinear mensajes con el área de email marketing

**Lo que buscamos en ti:**

* 2 a 4 años de experiencia en estrategia de contenido digital
* Portafolio con resultados comprobables (no solo ejecución visual)
* Experiencia en marcas de food, café o lifestyle
* Capacidad para crear contenido propio (sí, también frente a cámara)
* Habilidad para manejar diferentes identidades de marca con claridad
* Residencia en Guadalajara o zona metropolitana

**Herramientas que usarás:**  
Meta Business Suite, TikTok Creator Studio, Canva, Notion o Asana

Si te interesa construir contenido con intención, estrategia y creatividad real, queremos conocerte.

Tipo de puesto: Por tiempo indeterminado

Sueldo: $16,000\.00 \- $18,000\.00 al mes

Beneficios:

* Bebidas gratis
* Descuento de empleados
* Descuentos y precios preferenciales
* Estacionamiento de la empresa
* Estacionamiento gratuito
* Opción a contrato indefinido
* Trabajo desde casa

Lugar de trabajo: remoto híbrido en Zapopan, Jal."
marketing de contenidos editorial,Mexico,indeed,Diseñador Junior,LUMOGU S DE RL DE CV,"Moctezuma 2a Sección, DIF, MX",2026-04-24,,,,https://mx.indeed.com/viewjob?jk=c589ca6c97c036f2,"OBJETIVO DEL PUESTO:

Apoyar en el desarrollo de piezas gráficas para campañas publicitarias, siguiendo lineamientos de marca y supervisión del jefe de diseño, contribuyendo al cumplimiento de los objetivos visuales de la agencia y fortaleciendo sus habilidades profesionales.

FUNCIONES Y RESPONSABILIDADES:

* Desarrollo de piezas gráficas para campañas publicitarias.
* Diseño de contenido para redes sociales, web y medios impresos.
* Colaboración con copywriters y directores creativos.
* Adaptación de diseño a diferentes formatos impresos,
* Revisión y ajuste según feedback del cliente o equipo interno.
* Cumplimiento de fechas de entrega.

CONOCIMIENTOS TÉCNICOS:

* Dominio de ILLUSTRATOR, PHOTOSHOP, INDISIDE, BLENDER, PREMIER.
* Conocimiento de diseño para redes sociales.
* Conocimiento de la plataforma CMR (deseable).
* Manejo de identidad corporativa y branding.
* Conocimiento de preprensa y salida de archivos impresos.
* Conocimiento de UX/UI (digital, diseño de interfaz gráfica)
* Conocimiento de motion graphics y edición de video premier.
* Conocimiento en materias de impresión en general rígidos y flexibles.
* Preparación de archivo para impresión y medios digitales.

HABILIDADES:

* Alto sentido de la estética y atención al detalle.
* Capacidad para desarrollar conceptos visuales innovadores.
* Trabajo en equipo.
* Trato técnico con clientes.
* Habilidades de redacción y ortografía.

FORMACIÓN ACADÉMICA:

* Licenciatura en Comunicación, Marketing, Diseño Gráfico, Multimedia y/o afín.
* Técnico en editorial y preprensa, Diseño Gráfico.
* Maestrías editoriales (opcional)

EXPERIENCIA:

* 1 a 2 años de experiencia en puestos similares en agencias de publicidad, marketing y/o imprentas en general.

Disponibilidad para laborar de lunes a viernes de 9:00 a.m. a 18:00 p.m. y sábados de 9:00 a.m. a 14:00 p.m.

Tipo de puesto: Tiempo completo

Sueldo: $10,000\.00 \- $10,500\.00 al mes

Lugar de trabajo: Empleo presencial"
marketing de contenidos editorial,Mexico,indeed,PR Media Strategy Specialist SR,REK Making Connections,"Monterrey, NLE, MX",2026-04-24,,,,https://mx.indeed.com/viewjob?jk=a7008bb5af2c82a6,"**Rek Making Connections busca PR Media Strategy Specialist SR en Monterrey, Nuevo León**
-----------------------------------------------------------------------------------------

  

Importante agencia de marketing solicita:

 **PR \& Media Strategy Specialist SR**

  

Liderar la estrategia de posicionamiento de talento dentro de una agencia de managment de creadores de contenido en crecimiento en México. Esta persona será clave en la construcción de marca personal de los talentos y en el posicionamiento institucional de la agencia.

 **REQUISITOS**:

  

* Minimo 5 años de experiencia en PR, comunicación estratégica o medios.
* Experiencia con talento, marcas o figuras públicas.
* Historial en construcción de posicionamiento de una marca
* Experiencia en estrategia de comunicación y narrativa pública.
* Conocimiento del ecosistema de medios (editorial, digital, TV, eventos).
* Disponibilidad para viajar
* Indispensable ingles avanzado

 **HABILIDADES**:

  

* Pensamiento estratégico \+ ejecución (hands\-on).
* Criterio editorial sólido.
* Toma de decisiones y priorización.
* Networking y relaciones.
* Comunicación efectiva y seguimiento.

 **RESPONSABILIDADES PRINCIPALES**

 *Estrategia de Talentos VIP*

  

* Definir la narrativa pública y el ángulo mediático de cada talento prioritario.
* Diseñar la estrategia de medios, visibilidad y posicionamiento
* Identificar historias y territorios sostenibles para cada perfil.
* Construir y gestionar relaciones con medios, periodistas y aliados clave.
* Coordinar y ejecutar entrevistas, perfiles, apariciones, panels y media tours.
* Definir timing y secuencia de exposición.
* Evaluar qué oportunidades generan posicionamiento real vs. exposición superficial.

 *Marca Institucional*

  

* Definir la narrativa pública e institucional de la agencia.
* Diseñar y ejecutar la estrategia de PR y posicionamiento de la agencia.
* Identificar territorios, posturas y oportunidades de visibilidad relevantes.
* Traducir la visión de marca en presencia mediática consistente.
* Construir relaciones que fortalezcan la reputación institucional.
* Asegurar que el crecimiento de talentos también impulse la marca.

 *Estrategia de Talentos*

  

* Diseñar un framework de posicionamiento y visibilidad para el roster no prioritario.
* Clasificar talentos según su nivel de prioridad mediática.
* Definir niveles de intervención: PR premium, PR ligero o gestión comercial.
* Establecer lineamientos de narrativa, exposición y oportunidades.
* Identificar talentos con potencial de escalar a VIP.
* Supervisar la ejecución operativa de perfiles junior o practicantes.

 **HORARIO Y UBICACIÓN:**

  

* Remoto (Ciudad de México)
* Horario: Lunes \- Viernes 10:00 am \- 6:00 pm sábados medio día

 **OFRECIMIENTO**:

  

* Rango de sueldo $\*libres
* Prestaciones de ley
* Herramientas de trabajo: Laptop y celular

 **Nivel de educación deseada:**  

Superior \- titulado


**Nivel de experiencia deseada:**  

Nivel Experto


**Función departamental:**  

Marketing / RRPP / Comunicación


**Industria:**  

Marketing


**Habilidades:**  

* Networking y relaciones
* Criterio editorial sólido
* Pensamiento estratégico

  

  

*Esta vacante viene de la bolsa de empleo Talenteca.com:*  

*https://www.talenteca.com/anuncio?j\_id\=69eba3ac3300004400306dce\&source\=indeed*"
diseño editorial remoto,Mexico,indeed,AI Content Design Operator,XPERTIA Talent Hunting,"Monterrey, NLE, MX",2026-04-24,,,,https://mx.indeed.com/viewjob?jk=dd65d4adac1f6d30,"**Xpertia Talent Hunting busca AI Content Design Operator en Monterrey, Nuevo León**
------------------------------------------------------------------------------------


**AI CONTENT \& DESIGN OPERATOR (remoto)**

  

Especialista en Producción Digital con AI

 **Objetivo del puesto:**

  

Ejecutar de forma eficiente, consistente y rápida la producción de materiales digitales utilizando herramientas de inteligencia artificial, siguiendo lineamientos claros definidos por dirección creativa.

 **Funciones:**

  

1\.Producción de diseño con AI

  

* Generar imágenes con herramientas como:
* Midjourney
* DALL·E
* Runway ML

  

* Adaptar estilos (muy importante en tu caso):
* tropical / Bali / brutalista / editorial lujo

  

* Generar:
* renders conceptuales rápidos
* moodboards
* propuestas visuales internas
* variaciones de diseño

  

2\.Ejecución de contenido para marketing

  

* Generar:
* posts base
* variaciones de copies con AI
* imágenes para redes

  

* Adaptar formatos:
* vertical (Reels)
* carruseles
* thumbnails

  

3\.Automatización básica

  

* Crear flujos simples en:
* Zapier
* Make

  

4\.Producción interna

  

* Generar:
* presentaciones internas rápidas
* fichas de producto
* documentos visuales
* propuestas preliminares para clientes

  

5\.Investigación técnica

  

* Buscar:
* nuevas herramientas AI
* prompts útiles
* tendencias visuales
* Sueldo mensual $16,000 mxn libres

  

\*\*Trabajo 100% remoto

  

\*\*\*Horario de lunes a viernes de 8am a 6pm y sábados de 9am a 1pm

 **Nivel de educación deseada:**  

Superior \- titulado


**Nivel de experiencia deseada:**  

Nivel Medio


**Función departamental:**  

Marketing / RRPP / Comunicación


**Industria:**  

Bienes Raíces


**Habilidades:**  

* Inteligencia Artificial
* Marketing Digital
* Diseño
* Creación de contenido
* Automatización

  

  

*Esta vacante viene de la bolsa de empleo Talenteca.com:*  

*https://www.talenteca.com/anuncio?j\_id\=69ebf2b03300003000309324\&source\=indeed*"
diseño editorial remoto,Mexico,indeed,Senior Graphic Designer (Corporate Communications & Marketing),S8,"Desde casa, MX",2026-04-23,,,,https://mx.indeed.com/viewjob?jk=cd6afd9fa51da1ce,"**Senior Graphic Designer (Corporate Communications \& Marketing)**

STAND 8 is seeking a **Senior Graphic Designer** to join our U.S.\-based Marketing team. This is a **100% remote role based in Mexico**.

We are looking for a designer with experience in both **corporate design and marketing**, capable of creating clear, strategic, and brand\-aligned materials for **internal and external communications**.

**Responsibilities**

* Design **executive presentations, internal communications, and corporate materials**
* Create **marketing assets** such as pitch decks, case studies, social media graphics, email campaigns, and digital content
* Develop and maintain **templates, style guides, and design systems**
* Collaborate with Marketing, Sales, and Leadership teams to deliver clear and visually compelling messaging
* Ensure brand consistency across all touchpoints

**Requirements**

* 5\+ years of experience in **graphic design (corporate and/or B2B environments)**
* Experience with **internal communications and marketing materials**
* Advanced proficiency in **Adobe Creative Suite**
* Strong understanding of **layout, typography, and visual hierarchy**
* Ability to manage multiple projects in a **remote work environment**

**Nice to Have**

* Experience working with **U.S.\-based teams or global organizations**
* Familiarity with **Figma or similar digital design tools**
* Experience in **editorial design, presentations, or data visualization**

**Why Join Us**

* 100% remote flexibility within Mexico
* Collaborative, high\-impact environment
* Opportunity to influence corporate communication and brand presence on a global scale

Sueldo: A partir de $35,000\.00 al mes

Pregunta(s) de postulación:

* ¿Qué nivel de inglés dominas?
* ¿cuánto tiempo de experiencia tienes específicamente en diseño corporativo? \*Comunicación corporativa interna, presentaciones, graficas, ect.

Lugar de trabajo: Empleo remoto"
marketing de contenidos editorial,Mexico,indeed,Coordinador de Contenido,ALIAT UNIVERSIDADES,"Cuajimalpa, DIF, MX",2026-04-23,,,,https://mx.indeed.com/viewjob?jk=e0433fb619baf172,"**Coord Contenido.**

**Área**


Inbound Marketing / Contenidos / SEO / Comunicación

**Objetivo del puesto**


Desarrollar, optimizar y supervisar contenidos estratégicos, tanto digitales como offline, que contribuyan a la generación de leads, el posicionamiento de marca y la conversión, asegurando la coherencia del mensaje en la operación regular y en escenarios de comunicación sensible o de crisis.

**Responsabilidades principales**

**Estrategia y planeación de contenidos**


Definir y ejecutar la estrategia de contenidos alineada a los objetivos de SEO, inbound marketing, negocio y lineamientos de marca. Traducir insights provenientes de la intención de búsqueda, el desempeño digital y las necesidades comerciales en planes de contenido accionables. Participar en la definición de la arquitectura de contenidos, incluyendo landings, clusters y narrativa institucional.

**Creación y optimización de contenidos digitales**


Redactar, editar y optimizar contenidos digitales como landings, blogs, fichas de programas, materiales comerciales y FAQs, con enfoque en conversión. Aplicar buenas prácticas de copywriting, SEO on page y UX writing para mejorar indicadores de desempeño como CTR, engagement y tasa de conversión.

**Desarrollo de contenido offline**


Elaborar y adaptar contenidos para materiales offline, tales como folletos, brochures y materiales institucionales, asegurando la coherencia con los mensajes digitales y la adecuada adaptación al público objetivo, canal y contexto de uso.

**Manual de crisis y comunicación sensible**


Colaborar en la creación, actualización y aplicación del manual de crisis. Desarrollar mensajes base, definir tono de comunicación y establecer líneas de respuesta para distintos escenarios, garantizando consistencia y control del mensaje en situaciones críticas.

**SEO y performance**


Integrar keywords estratégicas con base en intención de búsqueda y colaborar de manera transversal con equipos de SEO, desarrollo y UX/UI. Optimizar contenidos existentes y analizar su impacto en tráfico orgánico, generación de leads y conversiones.

**Coordinación y liderazgo**


Brindar acompañamiento y retroalimentación a copywriters junior y proveedores externos, asegurando el cumplimiento de lineamientos de marca, tono institucional y estándares de calidad editorial. Colaborar con equipos de Performance, CRM, Medios Digitales y Contact Center.

**Soporte a campañas y canales**


Adaptar y validar contenidos para campañas pagadas, email marketing y flujos automatizados, asegurando coherencia en todos los puntos de contacto, desde el anuncio hasta los mensajes de seguimiento y materiales complementarios.

**Conocimientos técnicos requeridos**


Copywriting persuasivo, SEO (on page e intención de búsqueda), UX writing, gestión de funnels de conversión, redacción institucional y fundamentos de comunicación en crisis. Manejo de herramientas como Search Console, Semrush, Ahrefs, AnswerThePublic y CMS como WordPress o HubSpot.

**Perfil requerido**

**Experiencia**


De 3 a 5 años en posiciones de copywriting digital, con experiencia en contenido orientado a conversión y proyectos de inbound marketing. Deseable experiencia en sector educativo, comunicación institucional o gestión de mensajes sensibles.

**Habilidades**


Pensamiento estratégico, excelente redacción y capacidad de síntesis, adaptabilidad de tono según contexto, organización, manejo de prioridades y habilidades de trabajo colaborativo."
marketing de contenidos editorial,Mexico,indeed,Social Media Manager,SHAPE INSTITUTO DE CIRUGIA PLASTICA ESTETICA Y RECONSTRUCTIVA,"Montecristo, YUC, MX",2026-04-23,,,,https://mx.indeed.com/viewjob?jk=e42ba419ce387dc3,"**Objetivo:**

Planear, ejecutar y optimizar la estrategia de redes sociales de la empresa, con el fin de incrementar la visibilidad de la marca, generar comunidad, atraer prospectos y contribuir directamente a los objetivos comerciales.

**Responsabilidades:**

* Diseñar el plan mensual de contenido alineado a objetivos comerciales.
* Definir tono de comunicación, estilo visual y línea editorial.
* Analizar tendencias y adaptar contenido relevante.
* Proponer campañas digitales (lanzamientos, promociones, posicionamiento).
* Gestión de Contenido
* Planificar calendario de publicaciones.
* Coordinar creación de contenido (copy, diseño, video).
* Supervisar la correcta publicación en redes (Instagram, Facebook, TikTok, etc.).
* Asegurar coherencia de marca en todos los canales.
* Supervisar interacción con usuarios (comentarios, mensajes).
* Definir lineamientos de atención digital.
* Gestionar crisis o comentarios negativos.
* Monitorear métricas (alcance, engagement, conversiones).
* Elaborar reportes mensuales de resultados.
* Optimizar campañas y contenido con base en datos.

**Escolaridad:**

* Licenciatura en Marketing, Comunicación, Publicidad o afín.

**Experiencia:**

* 1\-2 años en manejo de redes sociales y estrategia digital.

**Conocimiento:**

* Manejo de plataformas: Meta Business Suite
* Herramientas de diseño: Canva, Adobe (deseable).
* Analítica: métricas de redes sociales y KPIs digitales.
* Copywriting y storytelling.
* Estrategias de marketing digital.

**Habilidades:**

* Creatividad (pero con enfoque a resultados, no solo “bonito”).
* Pensamiento estratégico.
* Organización y planeación.
* Comunicación efectiva.
* Capacidad de análisis.
* Adaptabilidad a tendencias.

Tipo de puesto: Tiempo completo

Sueldo: A partir de $12,000\.00 al mes

Lugar de trabajo: Empleo presencial"
responsable de contenidos remoto,Spain,indeed,Portfolio PMO / Portfolio Operations Manager,knowmad mood,"Madrid, MD, ES",2026-04-23,,,,https://es.indeed.com/viewjob?jk=ff6d3464811d104c,"We are knowmad mood!


Somos una compañía líder en transformación digital, en constante evolución y a la vanguardia de la tecnología.


Formado por más de 3\.000 personas creativas, digitales e innovadoras conectadas a un propósito y capaces de generar conexiones con personas de todo el mundo. Un equipo responsable, flexible y con alta capacidad de adaptación a las necesidades de nuestros clientes y del mercado, a la vez que proporciona valor, visión, creatividad, expertise, profesionalidad y pasión por la tecnología en cada proyecto.


Los valores que marcan nuestro rumbo y nos guían hacia la excelencia son la colaboración, la innovación, el compromiso, la diversión y la conﬁanza.


Únete a nuestro equipo como **Portfolio PM** y disfruta de un entorno de trabajo innovador y colaborativo.

**¿Cuál será tu misión en el proyecto?**

* **Consolidar la información del portfolio** comercial a partir de distintas fuentes (Excel, PowerPoint y SharePoint) en una única visión consistente.
* **Realizar controles de calidad y análisis de alto nivel** del portfolio para identificar integridad, solapamientos, vacíos, inconsistencias y señales de priorización.
* **Mantener los datos maestros del portfolio** (estado, responsables, dependencias e hitos).
* **Dar soporte a la gobernanza y seguimiento**, realizando el tracking de acciones y acuerdos de las discusiones de portfolio.
* **Apoyar la alineación entre negocio, IT y líderes de portfolio**, clarificando alcance, responsables, plazos y dependencias.
* **Preparar y mantener registros estructurados de decisiones y seguimiento**.
* **Configurar, estructurar y mantener el SharePoint del portfolio**, incluyendo bibliotecas, permisos, control de versiones y navegación.
* **Asegurar que los artefactos del portfolio estén actualizados, sean trazables y listos para gobernanza**, actuando como punto de contacto para accesos y calidad de contenido.

**Requisitos mínimos**

* **Inglés nivel C1**.
* Excel: nivel avanzado.
* PowerPoint: nivel avanzado.
* **SharePoint: estructuración, gestión de permisos y gobernanza documenta**l.
* Capacidad de **gestión de portfolio e información**, estructurando, consolidando y manteniendo datos complejos procedentes de múltiples fuentes y herramientas.
* **Disciplina de gobernanza y seguimiento,** con habilidades de control y documentación para apoyar la toma de decisiones y la ejecución.
* **Pensamiento analítico**, con capacidad para identificar inconsistencias, vacíos, solapamientos y señales de priorización en los datos del portfolio.
* **Capacidad de interacción con stakeholders de negocio, IT y líderes de portfolio** para apoyar la alineación y la claridad.
* Experiencia con Copilot a nivel usuario (deseable).

**¿Qué ofrecemos?**

* **Contrato indefinido**
* **Modelo de trabajo en remoto** . Opción de ir a trabajar a oficinas pero siempre a elección del trabajador.
* **Horario flexible** : 40h semanales. No hay jornada intensiva los viernes ni en verano, pero hay flexibilidad de horario.
* **Vacaciones** : 22 días de vacaciones \+ 2 días de libre disposición, además de los días 24 y 31 de diciembre libres.
* **Contrato indefinido** : Desde el primer día, con opción de 12 o 14 pagas.
* **Retribución flexible** : Tarjeta restaurante, cheque guardería, seguro médico, formación y otros beneficios con ventajas fiscales.
* **Club de ventajas** : Descuentos en tecnología, ocio y formación.
* **Formación continua** : Acceso a Udemy Business, cursos de idiomas, certificaciones oficiales y formación técnica.
* **Plan de carrera** : Acompañamiento para crecer, especializarte o asumir nuevos retos.
* **Bienestar integral** : Programas de nutrición, actividad física y equilibrio emocional.
* **Conciliación \+VIDA** : Asistencia personal y familiar 24/7\.
* **Ambiente inclusivo** : Entorno diverso y multicultural.
* **Eventos sociales** : Actividades para conectar con el equipo.


¡**Apúntate y te daremos más detalles!**


Para estar al corriente de nuestras novedades síguenos aquí \-\> knowmad mood

*En* ***knowmad mood*** *nos comprometemos con la igualdad de oportunidades y el respeto a la diversidad. Aplicamos nuestro Plan de Igualdad y el principio de no discriminación en todos nuestros procesos de selección.*"
marketing de contenidos editorial,Mexico,indeed,EDITOR,UNIVERSIDAD XOCHICALCO,"Ensenada, BCN, MX",2026-04-23,,,,https://mx.indeed.com/viewjob?jk=013f1a568512dc65,"**Funciones Clave del Editor**

* **Evaluación y pulido:** Lee manuscritos para mejorar la coherencia, tono y estilo, elevando el valor del texto.
* **Mediación autor\-lector:** Actúa como el primer lector profesional, alineando la intención del autor con la experiencia del consumidor.
* **Coordinación de producción:** Gestiona el proceso completo: corrección de estilo, diseño de portada y formato.
* **Visión comercial:** Define el público objetivo y la estrategia de mercado en editoriales grandes, o gestiona la distribución en la auto publicación
* **Tipos de Edición**
* **Editor Literario/Adquisiciones:** Evalúa y selecciona obras.

El trabajo editorial es un proceso creativo y colaborativo que requiere diálogo constante entre autor y editor.

* **Editor de Mesa/Estilo:** Revisa la calidad, gramática y coherencia.
* **Autor\-Editor:** Desarrolla el contenido y gestiona su propia publicación.
* **Grados Universitarios:** Filología (Hispánica, Inglesa, etc.), Periodismo, Comunicación, Traducción e Interpretación, o Literatura.
* **Formación Profesional/Especializada:** Diseño y Edición de Publicaciones, Marketing y Publicidad, o Licenciatura en Letras y Emprendimiento Editorial.
* **Cursos de Postgrado/No reglados:** Másteres en Edición, cursos de corrección ortotipográfica y de estilo, o formación en edición digital.

Lugar de trabajo: Empleo presencial"
marketing de contenidos editorial,Mexico,indeed,Estratega de Contenido y Marketing digital,COPAYMENT DE MÉXICO,"Monterrey, NLE, MX",2026-04-22,,,,https://mx.indeed.com/viewjob?jk=5fa93c39aa643499,"**Objetivo del puesto**

Diseñar y ejecutar la estrategia de contenido digital de la empresa, construyendo un ecosistema coherente entre redes sociales, sitio web y email marketing que impulse la visibilidad, eduque al mercado objetivo y refleje de forma consistente la imagen que buscamos proyectar, generando mensajes ad hoc para cada audiencia.

Será responsable de la gestión de las redes sociales de Copayment y de los Foros, asegurando alineación con los objetivos de comunicación y marketing. Asimismo, deberá mantener una visión actualizada del mercado, la competencia y las tendencias de contenido, con el fin de identificar oportunidades y desarrollar contenido relevante y efectivo.

**Responsabilidades principales**

· Diseñar, ejecutar y optimizar la estrategia de contenido digital alineada a objetivos comerciales

· Definir mensajes clave por audiencia y etapa del funnel, asegurando consistencia en la voz de marca

· Planear y gestionar el calendario editorial mensual

· Desarrollar contenido estratégico (redes, sitio web y email) traduciendo conceptos técnicos en mensajes claros y relevantes

· Gestionar y ejecutar la presencia en redes sociales (Copayment y Foros), incluyendo interacción con la comunidad

· Crear contenido específico para el foro, alineado a su posicionamiento y agenda

· Mantener un conocimiento actualizado del mercado de medios de pago, competencia y tendencias digitales para identificar oportunidades

· Optimizar contenido con criterios SEO y gestionar campañas de email marketing (newsletters y automatizaciones)

· Analizar métricas de desempeño (alcance, engagement, conversión) y proponer mejoras continuas basadas en datos

· Monitorear competidores y tendencias para ajustar estrategia, formatos y mensajes

**Perfil requerido**

**Formación** Licenciatura en Marketing, Comunicación, Periodismo, Publicidad o carrera afín. No es excluyente si el portafolio lo respalda.

**Experiencia**

* Mínimo 3 años en roles de contenido digital, marketing de contenidos o marketing digital integral
* Experiencia comprobable creando contenido para LinkedIn en contextos B2B
* Experiencia en email marketing (secuencias, newsletters, segmentación)
* Deseable: experiencia en empresas de tecnología financiera, medios de pago, fintech o servicios B2B de alta complejidad técnica
* Deseable: haber gestionado simultáneamente más de una marca o cuenta en redes sociales

**Diferenciador clave**

* Comprensión del ecosistema de medios de pago
* No se requiere ser experto técnico, pero sí tener la disposición y capacidad de aprender el mercado con rapidez y profundidad para comunicarlo con autoridad

**Habilidades técnicas**

* Redacción profesional en español (habilidad central del rol)
* Manejo de herramientas de email marketing: HubSpot, Mailrelay, ActiveCampaign, Figma, CRM, Buffer.
* SEO de contenido básico\-intermedio: investigación de palabras clave, estructura de contenido
* Google Analytics o herramientas de análisis de redes sociales

**Competencias clave:**  
**Capacidad de entender productos y mercados complejos** y traducirlos en lenguaje claro y persuasivo

**Pensamiento sistémico:** ver cómo cada pieza de contenido conecta con el funnel completo

**Criterio editorial:** saber qué decir, cuándo y en qué tono según la audiencia

**Curiosidad intelectual:** genuino interés por entender industrias, mercados y tendencias

**Autonomía y proactividad:** proponer, no solo ejecutar

**Gestión de múltiples proyectos:** capacidad de manejar dos marcas y varios canales simultáneamente sin perder calidad ni consistencia

**Orientación a resultados:** escribir con un objetivo, no solo por publicar

Sueldo: $0\.10 \- $0\.20 al mes

Beneficios:

* Descuento de empleados
* Estacionamiento de la empresa
* Horarios flexibles
* Seguro de vida
* Uniformes gratuitos

Lugar de trabajo: Empleo presencial"
marketing de contenidos editorial,Mexico,indeed,Content & Community Specialist (Senior),DIGITAL TALENT,"San Pedro de los Pinos, DIF, MX",2026-04-22,,,,https://mx.indeed.com/viewjob?jk=542cd2011cff2159,"Importante agencia de marketing digital se encuentra en la búsqueda de un **Content \& Community Specialist Senior** para integrarse a su equipo creativo. La posición está diseñada para un profesional con sólida trayectoria operativa que busque evolucionar hacia la gestión integral de estrategias de contenido.

**Responsabilidades del puesto:**

* **Estrategia y Planificación:** Elaboración de matrices de comunicación, calendarios editoriales y parrillas de contenido alineadas a los objetivos de cada marca.
* **Gestión Integral:** Ejecución del flujo completo de comunicación, desde la creación de piezas y redacción de copys (tono y forma) hasta el responding y la atención activa a la comunidad.
* **Dominio Técnico:** Manejo experto de herramientas de gestión de redes sociales para optimizar la calendarización, el monitoreo y la respuesta a usuarios.
* **Gestión Orientada a Resultados:** Supervisión de la operación diaria con un enfoque resolutivo, asegurando que las actividades se cumplan con agilidad y calidad.

**Requisitos:**

* **Experiencia:** Mínimo 3 a 4 años laborando en agencias de marketing digital (indispensable).
* **Perfil Híbrido:** Experiencia comprobable combinando las funciones de Community Manager y Content Creator.
* **Habilidades:** Excelente redacción, capacidad de análisis de métricas y dominio de plataformas de gestión de contenido.
* **Actitud:** Buscamos a una persona con iniciativa, capacidad de autogestión y un fuerte impulso para que las cosas sucedan.

**Lo que se ofrece:**

* Sueldo Competitivo.
* Esquema de Nómina: 100% bajo prestaciones de ley.
* Contrato: Indeterminado.
* Modalidad: Presencial de L\-V, con 1 día de Home Office a la semana.
* Zona para laborar: San Pedro de los Pinos, CDMX.

¿Cómo aplicar?

Si consideras cubrir con el perfil de la vacante, postulate por este medio adjuntando tu CV actualizado.

Tipo de puesto: Tiempo completo, Por tiempo indeterminado

Sueldo: $18,000\.00 \- $20,000\.00 al mes

Beneficios:

* Opción a contrato indefinido

Experiencia:

* ¿Haber laborado en agencia de marketing digital?: 2 años (Obligatorio)
* Conocimientos como Community Manager: 3 años (Deseable)
* Content Manager: 2 años (Deseable)

Lugar de trabajo: Empleo presencial"
coordinadora de contenidos creativo,Mexico,indeed,Productor de Programa Digital,Fission Group,"San Pedro de los Pinos, DIF, MX",2026-04-22,,,,https://mx.indeed.com/viewjob?jk=fdcee9780c23f12f,"**Fission Studio** es una agencia de marketing digital con presencia internacional en Colombia, Argentina, Los Ángeles y CDMX.

Trabajamos de manera directa con TikTok Shop y TikTok Live,desarrollando estrategias de alto impacto en transmisiones en vivo y comercio digital.

**Lo que esperamos del talento a cargo del área:**  
Diseñar, coordinar y producir contenido en vivo y grabado para TikTok Live, utilizando formatos inspirados en programas de televisión tipo revista, integrando influencers y creadores de contenido. El objetivo es generar transmisiones dinámicas, entretenidas y estratégicas que impulsen engagement, crecimiento de audiencia y monetización dentro de la plataforma.

**Requisitos:**

* Tener 3 a 5 años en **producción de televisión** (productor, coordinador o asistente de producción). (Comprobable)
* Experiencia en **creación de contenido digital o redes sociales**.
* Interés en evolucionar de producción tradicional hacia producción digital
* Lic. Comunicación, Producción audiovisual, Medios digitales o carrera afines.

**Conocimientos:**

* Producción televisiva y narrativa audiovisual
* Formatos de programa tipo **revista, talk show o entretenimiento**
* Dinámica de transmisiones en vivo
* Tendencias de contenido en TikTok
* Estrategias de engagement en redes sociales
* Manejo básico de métricas de redes sociales

**Responsabilidades:**

* Diseñar el **concepto creativo y formato de transmisiones en vivo** tipo programa de revista para TikTok.
* Coordinar y dirigir **grupos de influencers o hosts** durante transmisiones en vivo.
* Crear **dinámicas, secciones y contenido interactivo** adaptado al formato de redes sociales.
* Supervisar la **planeación de contenido semanal de transmisiones**.
* Apoyar en la **formación y desarrollo de influencers** para mejorar su presencia en cámara.
* Coordinar al equipo de producción (moderadores, asistentes, staff técnico).
* Supervisar la **calidad visual, narrativa y dinámica de las transmisiones**.
* Analizar métricas de desempeño (views, engagement, regalos, retención).
* Proponer nuevas estrategias para **incrementar audiencia y monetización en TikTok Live**.
* Mantener la esencia espontánea de redes sociales, integrando estructura profesional de producción televisiva.

**Funciones Operativas:**

* Desarrollo de **escaletas para lives** (temas, dinámicas, interacción).
* Coordinación de horarios de transmisión con influencers.
* Apoyo en guion ligero o estructura de contenido para cada live.
* Supervisión de set de grabación o espacio de transmisión.
* Organización de retos, juegos, entrevistas o dinámicas dentro de los lives.
* Seguimiento a tendencias de contenido dentro de TikTok

**Beneficios:**   
Salario base \+ bonos  
Prestaciones de ley  
Servicio de comedor

Para mayor información enviar tu cv actualizado y portafolio a este correo: ariana.f@fissiongroup.com

Tipo de puesto: Por tiempo indeterminado

Sueldo: $50,000\.00 \- $70,000\.00 al mes

Beneficios:

* Bebidas gratis
* Estacionamiento de la empresa
* Servicio de comedor con descuento
* Trabajo desde casa

Lugar de trabajo: Empleo presencial"
coordinadora de contenidos creativo,Mexico,indeed,Coordinador/a de Proyectos de Promoción STEM,Universidad de las Américas Puebla,"San Andrés Cholula, PUE, MX",2026-04-22,,,,https://mx.indeed.com/viewjob?jk=bd9cb53235a8b9b0,"**Objetivo del puesto**


Diseñar, coordinar y ejecutar proyectos de difusión y promoción de las áreas STEM (Ciencia, Tecnología, Ingeniería y Matemáticas), con el propósito de motivar a estudiantes de nivel medio superior y universitario a elegir carreras científicas y tecnológicas, así como dar visibilidad a egresados exitosos y fortalecer el posicionamiento institucional como referente en educación STEM.

 **Requisitos**

* **Escolaridad:** Licenciatura en Mercadotecnia.
* **Intereses:** Innovación, tecnología, ciencia y educación.
* **Conocimientos básicos** en planeación y gestión de proyectos.
* **Habilidades:** Comunicación digital, redacción, storytelling y organización de eventos.
* **Competencias personales:** Creatividad, proactividad, trabajo en equipo y coordinación interdepartamental.

 **Principales funciones**

* Planear y organizar campañas de comunicación y actividades para promover la oferta académica STEM de la universidad.
* Diseñar contenidos creativos y atractivos para medios digitales y presenciales que inspiren vocación científica y tecnológica.
* Coordinar la difusión de historias de éxito de egresados STEM mediante entrevistas, cápsulas, redes sociales y eventos.
* Gestionar ferias, talleres, conferencias y experiencias vivenciales para acercar a los jóvenes al mundo STEM.
* Dar seguimiento a proyectos de vinculación con instituciones educativas, empresas y organizaciones tecnológicas.
* Monitorear tendencias en promoción de carreras STEM y proponer iniciativas innovadoras.
* Elaborar reportes de impacto y resultados de las acciones de promoción.
* Recopilar información sobre los proyectos STEM universitarios y su difusión.

 **Condiciones y desarrollo profesional**

* Puesto de entrada con plan de crecimiento en el área de promoción académica y mercadotecnia institucional.
* Oportunidad de participar en proyectos con impacto educativo y social.
* Colaboración directa con un equipo interdisciplinario orientado a la innovación."
responsable de contenidos remoto,Spain,indeed,Finance Support (prácticas) | Finance,BLUE BANANA BRAND,"Madrid, MD, ES",2026-04-22,,,,https://es.indeed.com/viewjob?jk=d8dfa0a2daf4edc9,"**¿Todo listo para tu nueva aventura?**


En blue banana creemos firmemente que las personas son el centro de nuestro desarrollo como marca.


Por ello, nuestro objetivo es atraer el mejor talento para seguir creciendo en este proyecto sin límites, donde trabajamos para empoderar a las nuevas generaciones a hacer de sus vidas una aventura. Nuestra misión nos invita a conectar con nuestro consumidor de una manera significativa, a través de la creación de contenido, de historias inspiradoras y de productos icónicos de alta calidad, responsables con el medioambiente.


No solo somos una marca, ¡SOMOS UN ESTILO DE VIDA! y queremos influir positivamente en el mundo.


¿Te identificas con nuestra pasión y propósito? Si es así, sigue leyendo y descubre cómo puedes ser parte de esta emocionante misión.


**Tu contribución en Blue Banana Brand será excepcional si desarrollas estas funciones:**


Como **Finance Support (prácticas),** tu misión dentro de blue banana será la de dar apoyo al área financiera de la empresa en una variedad amplia de procesos. En tu día a día, trabajarás con tareas relacionadas con bancos, administración y la contabilidad de blue banana. Esperamos que seas una persona con iniciativa, muy ordenada, con ganas de aprender de forma proactiva y que aporte ideas en un departamento que ahora mismo está en plena creación y donde es necesario poner mucho orden y control. Tus funciones principales serán:

* Gestión de facturas de proveedores.
* Revisión SII (Suministro de información inmediata).
* Contabilidad analítica.
* Uso de programa de gestión contable.
* Revisión de gastos de VISA.
* Apoyo en los cierres contables.
* Consulta cobros y pagos bancarios.
* Búsqueda de facturas no localizadas.

**Y… ¿que te hará triunfar con nosotrxs?**

* Haber finalizado o estar finalizando el grado técnico superior de administración y finanzas (o estudios similares) y querer aportar tus conocimientos en el área, así como crecer profesionalmente.
* Posibilidad de firmar un convenio de prácticas con tu centro de estudios
* Disponibilidad para trabajar desde nuestra oficina de Madrid con formato híbrido (40% de teletrabajo).
* Contar con disponibilidad horaria de lunes a viernes.
* Contar con conocimientos del plan general contable y su aplicación.
* Ser una persona con excelente capacidad de organización en un entorno dinámico.
* Tener buenas dotes de comunicación.
* Valoraremos positivamente que hayas trabajado anteriormente con Excel (nivel básico).

**¿Qué ganas al unirte a nosotros?**


️**Equipo**


Entrarás en un proyecto con un equipo equilibrado entre talento joven y experiencia sólida. Aquí hay profesionalidad, buen rollo y apoyo real. Queremos que te sientas acompañado desde el primer día y parte del equipo de verdad.


️**Cultura**


Somos una empresa que no juega a lo de siempre. Nos gusta cuestionar, probar y hacer las cosas de otra manera. Esto no es para todo el mundo, sino para quienes entienden que el proyecto va más allá del “trabajo de siempre”.


️**Aprendizaje y proyección**


Tu impacto se ve. Cada persona suma y lo que haces cuenta en el día a día. Crecerás dentro de un proyecto con ambición y proyección internacional, donde hay espacio para aprender y evolucionar.


️**Ambiente de trabajo**


No nos creemos nada. Escuchamos, debatimos y damos espacio para que desarrolles tus ideas. Trabajarás en un entorno flexible, con libertad, sentido común y mucha coherencia con cómo hacemos las cosas.

**️ Comunicación y transparencia 360º:** Nos encanta escuchar y debatir, trabajando con pasión y humildad para superarnos cada día. Te sentirás parte integral del proyecto con detalles de nuestro crecimiento compartidos en nuestras **Quarterlies** y resúmenes mensuales.

**️ Oficinas que molan:** Además de **café, fruta y desayuno saludable diario**, nuestras oficinas tienen espacios abiertos y zonas de desconexión. En Blue Banana, te sentirás como en casa.


️**Además**


– Flexibilidad horaria de entrada y salida


– Teletrabajo híbrido y **100 % remoto en época estival**


–**50 % de descuento** en productos


– Bonos de producto por colección


–**Día libre el día de tu cumpleaños**, para disfrutarlo como se merece


**¿Quieres conocernos mejor?**

* Pásate por nuestra web o por cualquiera de nuestras tiendas.
* Sigue nuestros viajes desde nuestro canal de Youtube y conoce el lado B de la aventura. No todo es tan bonito como lo pintamos en nuestras fotos.
* Si tienes cualquier duda, escríbenos. Estamos para ayudar.


Gracias por haber leído hasta aquí y bienvenidx, aventurerx.

*Blue Banana manifiesta su compromiso con la igualdad de género y de oportunidades a todos los niveles y para todas las personas trabajadoras, y garantiza la diversidad, la equidad y la inclusión en todos sus procesos.*

*Blue Banana promueve un futuro más sostenible, diseñando y produciendo colecciones de una forma más responsable. Trabajamos a todos los niveles para garantizar el mínimo impacto ambiental y social de nuestros productos, cumpliendo los beneficios e incentivos que ofrecemos de sostenibilidad y responsabilidad social.*"
responsable de contenidos remoto,Spain,indeed,Coordinador/a de Educación y Mediación,Santander Consumer Bank,"Santander, CB, ES",2026-04-21,,,,https://es.indeed.com/viewjob?jk=6523a1b4bb590e9d,"Coordinador/a de Educación y Mediación
Country: Spain
**ES EL MOMENTO**

Santander ( www.santander.com ) está evolucionando de ser una marca global de alto impacto a una organización impulsada por la tecnología, y las personas están en el centro de este camino. Juntos, estamos liderando una transformación centrada en el cliente que valora el pensamiento disruptivo, la valentía de desafiar lo posible y la capacidad de innovar.


Esto es más que un cambio estratégico: es una oportunidad para crecer, aprender y generar un impacto real.


Nuestra misión es contribuir a que más personas y empresas prosperen. Adoptamos una sólida cultura de riesgos y esperamos que todos nuestros equipos asuman un enfoque proactivo y responsable en la gestión del riesgo.


**EL IMPACTO QUE GENERARÁS**

**Faro Santander — Fundación Banco Santander** está buscando **un/a Coordinador/a de Educación y Mediación** con base en **Santander.**

Faro Santander se propone como un espacio de aprendizaje activo donde la educación y la mediación son herramientas clave para eliminar barreras y abrir nuevas formas de conectar con el mundo. Buscamos a alguien que entienda la educación artística y la mediación como prácticas con exigencia propia – no como introducción al arte, sino como formas de producir experiencias y conocimiento que no ocurren en ningún otro lugar,


Reportando a la Dirección de Programas, el/la Coordinador/a de Educación y Mediación será la cara de Faro en la comunidad educativa y cultural de Santander y su entorno. Su trabajo comenzará construyendo relaciones, mapeando el territorio, identificando aliados.


Estamos redefiniendo nuestra forma de trabajar a través de la innovación, la tecnología de última generación, la colaboración y la libertad de explorar nuevas ideas.


En este puesto, tus principales responsabilidades incluirán:


**Construcción de red y comunidad escolar**
-------------------------------------------

Desarrollar y mantener relaciones sólidas con centros educativos, profesorado y agentes culturales del entorno. Este es el núcleo del rol: no se trata solo de gestionar visitas, sino de posicionar a Faro como un interlocutor relevante y de confianza para la comunidad educativa.


**Programa escolar y formación docente**
----------------------------------------

Diseñar un programa de visitas dinámico y creativo, y desarrollar sesiones de formación para el profesorado que integren la creatividad y el pensamiento crítico en el aula de forma transversal. Generar recursos educativos para ambos casos que puedan ser compartidos más allá de las sesiones.


**Proyectos con artistas**
--------------------------

Trabajar con artistas para intervenir el espacio educativo y generar recursos pedagógicos, convirtiéndolo en un entorno habitable y generativo para el aprendizaje. Coordinar programas de artistas en residencia en centros educativos, donde los creadores colaboren estrechamente con el alumnado para integrar la práctica artística en su dinámica cotidiana.


**Programa para familias**
--------------------------

Diseñar y dinamizar, en colaboración con artistas, actividades y talleres que fomenten el aprendizaje compartido entre adultos y niños, convirtiendo a Faro en un referente de ocio cultural para las familias de Santander.


Mediación en sala


Coordinar al equipo que acompaña a los visitantes en las galerías, garantizando un diálogo fluido que enriquezca la experiencia de la visita. Esto incluye la formación continua del equipo mediador y el desarrollo de herramientas interpretativas alineadas con la programación artística.


**Accesibilidad e inclusión**
-----------------------------

Garantizar que los contenidos y actividades sean accesibles para todos los públicos — en lectura fácil, adaptación para diferentes capacidades y sensibilidad hacia comunidades habitualmente alejadas de los espacios culturales. La inclusión debe ser un criterio de diseño desde el principio.


**Gestión y producción**
------------------------

Supervisar la planificación del calendario, la coordinación técnica, la gestión presupuestaria y el seguimiento de objetivos de asistencia y participación. El/la coordinador/a tiene autonomía sobre los proyectos que lidera y es responsable de su ejecución integral — con el apoyo del equipo de Faro.


**LO QUE APORTARÁS AL EQUIPO**

Nuestra gente es nuestra mayor fortaleza. Cada persona contribuye con perspectivas únicas que nos hacen más fuertes como equipo y como organización. Valoramos quiénes son y potenciamos lo que aportan.


Los siguientes requisitos representan los conocimientos, habilidades y competencias esenciales para este puesto.


**Experiencia profesional**

* Experiencia demostrable en funciones de contenido y responsabilidad equivalentes en departamentos de educación de museos, centros culturales o instituciones artísticas, y más especificamente en el diseño de programas escolares y para familias.
* Trayectoria contrastada en construcción de redes con centros educativos y comunidades.
* Experiencia en trabajo con artistas en contextos educativos o comunitarios.

**Educación**

* Licenciatura en Bellas Artes, Historia del Arte, Educación (Magisterio) o Pedagogía.
* Se valorará un Máster especializado en Museografía, Educación en Museos o Gestión Cultural.

**Idiomas**

* Dominio escrito y hablado del español e inglés. El inglés es imprescindible: el/la coordinador/a trabajará con artistas internacionales y colaborará con instituciones asociadas de Faro en la co\-producción de proyectos y contenidos.
* Se valorará el dominio de otros idiomas.

**Habilidades técnicas (Hard skills)**

* Conocimiento de metodologías educativas innovadoras: aprendizaje basado en proyectos, mediación crítica, pedagogías participativas.
* Capacidad de coordinación de equipos de mediación, incluyendo formación y acompañamiento del equipo.
* Experiencia en gestión de presupuestos y producción de actividades.
* Dominio de las aplicaciones de Microsoft Suite.

**Habilidades interpersonales (Soft skills)**

* Inteligencia relacional: capacidad para construir confianza con perfiles muy distintos — artistas, docentes, familias, instituciones.
* Energía externa con disciplina interna: te mueve el trabajo con personas y comunidades, pero no dejas que los proyectos se desorganicen.
* Compromiso genuino con la inclusión: como criterio que atraviesa todas las decisiones de diseño del programa.
* Capacidad de priorización y cumplimiento de plazos en entornos de trabajo intensos y cambiantes.

**Otros**

* Disponibilidad para viajes.

**VALORAMOS TU IMPACTO**

Tu contribución importa, y la reconocemos. En Santander puedes esperar un paquete retributivo justo y competitivo que refleje tu impacto y el valor que entregarás. Toma un momento para entender a lo que nos referimos:


Crecimiento sin límites. Impulsamos a nuestros equipos con oportunidades globales y amplias trayectorias de carrera para que puedan llegar más lejos.


Flexibilidad que funciona. Disfruta de un modelo híbrido de trabajo—algunos días remoto y otros en la oficina con tu equipo—además de horarios flexibles.


Aprendizaje continuo. Accede a cientos de cursos en nuestras plataformas, incluyendo acceso exclusivo a nuestro espacio global de formación: Santander Open Academy ( www.santanderopenacademy.com )


Recompensas competitivas. Recibe un salario altamente competitivo más un bonus por tus logros, para motivarte a seguir creciendo con nosotros.


Ventajas financieras. Accede a condiciones bancarias preferentes, tipos de interés especiales en préstamos, seguros de vida y mucho más.


Siempre a tu lado. Accede a Santander Contigo, nuestro programa para empleados/as y sus familias que ofrece servicios de asesoramiento legal, apoyo emocional y gestoría.


Estamos aquí para mantener tu motivación, ayudarte a alcanzar tus metas y celebrar tus logros en cada paso del camino.


**CUMPLIMIENTO LOCAL**

Santander se enorgullece de ser una organización que ofrece igualdad de oportunidades sin importar edad, género, discapacidad, estado civil, raza, religión u orientación sexual. Estamos comprometidos en ofrecer un proceso de selección inclusivo y accesible para todas las personas.


**¿Y AHORA QUÉ?**

Si todo lo que acabas de leer encaja contigo, aplica y únete a nuestro equipo.


¿Listo/a para dar el siguiente paso?"
coordinadora de contenidos creativo,Mexico,indeed,Coordinador de Mercadotecnia,GRUPO FLOSOL,"Puerto Vallarta, JAL, MX",2026-04-21,,,,https://mx.indeed.com/viewjob?jk=ecd7bddf620c1690,"**BUSCAMOS Coordinador(a) de Mercadotecnia**

Sueldo: $17,000 mensuales brutos

Ubicación: Puerto Vallarta (indispensable radicar en la zona)

Horario: Tiempo completo (lunes a viernes de 9am a 7pm con 2hrs de comida de 2\-4pm y sábados medio día de 9am a 2pm, con 1 sábado de descanso al mes)

**Prestaciones de Ley \+ capacitación por parte de la marca**

**Descripción del puesto**

Buscamos un(a) Coordinador(a) de Mercadotecnia dinámico(a), creativo(a) y con alta capacidad de organización, que impulse la presencia de la marca en la zona, asegure una comunicación atractiva y apoye en la planeación y ejecución de eventos corporativos y comerciales.

**Funciones principales**

Organización, logística y operación de eventos internos y externos.

Toma de fotografías y contenido de evidencia de actividades, integraciones y campañas.

Creación de reportes y métricos de desempeño.

Gestión de pautas publicitarias y seguimiento a resultados.

Diseño y creación de publicidad para campañas, eventos y comunicación interna.

Coordinación con proveedores, agencias y áreas internas.

Apoyo en estrategias de posicionamiento de la marca.

**Requisitos**

Experiencia mínima de 1–2 años en mercadotecnia, coordinación o puestos similares.

Manejo de herramientas de diseño básicas (Canva, Illustrator o similares).

Facilidad para la organización de eventos.

Creatividad, proactividad y excelente comunicación.

Disponibilidad de horario.

Indispensable vivir en Puerto Vallarta.

**Ofrecemos**

Sueldo competitivo de $17,000 bruto mensuales.

Crecimiento y capacitación por parte de la marca.

Ambiente dinámico y enfocado a resultados.

Oportunidad de desarrollar proyectos creativos y de impacto.

Seguro de vida

**POLÍTICA DE INCLUSIÓN**

LA INCLUSIÓN EN GRUPO FLOSOL ES UN VALOR MUY IMPORTANTE POR LO QUE OFRECE IGUALDAD DE OPORTUNIDADES LABORALES A TODOS.

No discriminamos a ningún aspirante que desee ser parte de nuestra empresa.

Es nuestra intención ofrecer igualdad de oportunidades de empleo a todos los candidatos calificados y que las decisiones de selección se basen en factores relacionados con el trabajo.

Tipo de puesto: Tiempo completo

Sueldo: $17,000\.00 \- $17,001\.00 al mes

Beneficios:

* Seguro de vida

Lugar de trabajo: Empleo presencial"
coordinadora de contenidos creativo,Mexico,indeed,Coordinador de Publicidad,Casas Yes S.A. DE C.V.,"Lyrata Residencial, GUA, MX",2026-04-21,,,,https://mx.indeed.com/viewjob?jk=a1ace20ae85f0082,"**¿Eres un estratega orientado a resultados con la habilidad de transformar contactos en oportunidades reales de negocio?**

Buscamos a un líder dinámico y con mentalidad de crecimiento para encabezar nuestros esfuerzos de prospección. Tu misión será: **maximizar la entrada de leads de calidad** y liderar a nuestro equipo de Ejecutivos Leds para asegurar que cada contacto se convierta en una cita efectiva. Buscamos a alguien que combine la chispa creativa para atraer prospectos con el rigor administrativo para gestionar el proceso.

**Tu Misión en el Equipo:**

* **Estrategia de Prospección:** Diseñar y ejecutar acciones para la generación masiva de leads calificados, enfocándote en la rentabilidad y calidad de cada prospecto.
* **Liderazgo en Célula de Prospección:** Dirigir y motivar al equipo de contacto inicial, entrenándolos en técnicas de persuasión y cierre de citas para asegurar que ningún lead se pierda.
* **Creación de Contenido para Conversión:** Supervisar la creación de materiales y mensajes publicitarios diseñados específicamente para ""atrapar"" el interés del cliente y generar clics/registros.
* **Soporte Administrativo y Control:** Procesar facturación de proveedores y mantener un control estricto de los presupuestos.

**Perfil del Candidato Ideal:**

* **Experiencia en Call Center:** Trayectoria liderando equipos de prospección o recepción de leads con enfoque en ventas.
* **Dominio de Embudos de Venta:** Entendimiento claro de cómo atraer a un desconocido y llevarlo a través del proceso hasta que se convierte en un prospecto para el área de ventas.
* **Habilidades Administrativas:** Capacidad para gestionar trámites, facturas con proveedores y reportes de resultados con orden y precisión.
* **Gestor de Eventos:** Experiencia logística enfocada en eventos que generen bases de datos (activaciones, ferias, etc.).

**Competencias Críticas:**

* **Liderazgo Orientado a Metas:** Capacidad para trabajar bajo presión y guiar al equipo al cumplimiento de cuotas de prospección.
* **Mentalidad Analítica:** Capacidad para medir el costo por lead y la efectividad de las campañas.
* **Persuasión y Comunicación:** Gran habilidad para redactar y validar mensajes que generen una respuesta inmediata del cliente.
* **Proactividad y Ejecución:** Alguien que no espera instrucciones, sino que propone formas de atraer más clientes.

**¿Qué ofrece este reto?**

* **Cultura de Alto Impacto:** Un entorno donde tus ideas para atraer clientes se implementan rápido y se valoran los resultados.
* **Plan de Crecimiento:** Formación continua en estrategias de vanguardia para la captación de clientes y liderazgo de equipos.

Tipo de puesto: Tiempo completo

Sueldo: A partir de $15,000\.00 al mes

Lugar de trabajo: Empleo presencial"
responsable de contenidos remoto,Spain,indeed,Amazon Ads Specialist (They/He/She),Adsmurai,"Barcelona, CT, ES",2026-04-21,,,,https://es.indeed.com/viewjob?jk=46ae0bea1c143019,"**Adsmurai**, compañía que lidera la transformación del marketing digital a través de la innovación tecnológica. Desarrolla soluciones escalables impulsadas por IA y datos para predecir, ejecutar y perfeccionar estrategias publicitarias, redefiniendo la forma en que las marcas conectan con sus audiencias.


Su plataforma, **Adsmurai Marketing Platform**, centraliza la gestión de campañas, datos, audiencias y feeds, permitiendo a marcas y agencias escalar resultados mediante estrategias automatizadas e inteligentes. Procesa más de diez billones de productos al mes, integrando múltiples fuentes, plataformas y KPIs en tiempo real para optimizar la eficacia publicitaria. Automatiza catálogos y creatividades, analiza datos de e\-commerce, CRM y medios, y evalúa el rendimiento de los canales para mejorar estrategias. Gracias al machine learning, mejora la eficiencia operativa y agiliza la toma de decisiones en tiempo real.


Con una cultura basada en la excelencia, la agilidad y la colaboración, Adsmurai impulsa un entorno donde la innovación audaz y la eficiencia generan resultados transformadores. Su equipo, formado por más de 400 expertos, es clave en esta revolución tecnológica.


Partner oficial de **Meta**, **Google Premium**, **Pinterest** y **TikTok**, y referente para marcas líderes en retail\-fashion, lujo, educación, movilidad y deportes, Adsmurai opera en más de 5 países, con headquarters en Barcelona, estableciendo el estándar global de eficiencia y excelencia en marketing digital.

  

Buscamos un/a **Amazon Ads Specialist Junior** apasionado por el e\-commerce y los marketplaces, con mentalidad de crecimiento para liderar la estrategia de nuestras marcas dentro del ecosistema de Amazon. Serás el responsable integral de la cuenta: Desde la optimización del catálogo y el posicionamiento orgánico hasta la ejecución de campañas de publicidad de alto rendimiento. Tu objetivo principal será maximizar las ventas y la rentabilidad (ROAS/ACOS) asegurando una experiencia de cliente impecable.

**Los retos de la posición son:**

* Creación, gestión y optimización de campañas de Sponsored Products, Brands y Display.
* Control de presupuestos, pujas y segmentación de palabras clave.
* Análisis constante de métricas clave (ACOS, ROAS, TACOS).
* Implementación de estrategias de defensa de marca y conquista de competencia.
* Keyword Research avanzado para la optimización de títulos, bullet points y descripciones.
* Gestión de Contenido A\+ y Brand Store para mejorar la tasa de conversión.
* Monitorización del posicionamiento orgánico y gestión de variaciones de productos.
* Control de Amazon Seller Central y Vendor Central.
* Gestión de inventario y previsión de stock para evitar roturas.
* Resolución de incidencias con el soporte al vendedor (casos de catálogo, bloqueos, etc.).
* Seguimiento de la salud de la cuenta y gestión de reseñas/valoraciones.
* Elaboración de informes mensuales de rendimiento y rentabilidad.
* Identificación de tendencias de mercado y nuevas oportunidades de nicho.

**Eres tú si:**

* Experiencia: 1\-2 años gestionando cuentas de Amazon Ads y/o Seller Central/Vendor Central.
* Dominio Técnico: Experiencia con el manejo de herramientas como Helium 10, Jungle Scout o similares.
* Publicidad: Conocimiento sólido en estructuras de campañas de Amazon Advertising.
* Mentalidad Analítica: Capacidad para interpretar volúmenes de datos y convertirlos en acciones estratégicas.
* Idiomas: Inglés fluido deseable
* Proactividad: Alguien que no espere órdenes, sino que proponga mejoras constantes y ownership de los desafios.


**¿Qué ofrecemos?**

* **Contrato indefinido**.
* **Flexibilidad horaria** de entrada y salida.
* **Modelo híbrido oficina\-remoto**
* **Jornada intensiva los viernes, mitad de julio y agosto.**
* **23 días de vacaciones** (\+1 día por año de antigüedad).
* **Adsmubirthday**—día libre por tu cumpleaños.
* **Formación activa** dentro de la empresa y crecimiento profesional a través de nuestro Plan de Carrera.
* **AdsmuAcademy**, plataforma de formación adhoc para los trabajadores.
* **Actividades de equipo y afterworks**.
* **Clases de inglés**.
* **Convenio con gimnasios**.

**Estos son nuestros valores:**

* **Make things happen:** Aplicamos la razón en la toma de decisiones basándonos en datos. Gestionamos de principio a fin y orientándonos a resultados.
* **Walk, run, fly:** Disparamos la proactividad ejecutando ideas. Nos marcamos metas ambiciosas, tenemos curiosidad y no tenemos miedo al fracaso.
* **Passionate players:** Trabajamos con actitud positiva y ponemos pasión en todo lo que hacemos, con perseverancia y orgullo por nuestro trabajo.
* **Work together:** Construimos relaciones de confianza basadas en la honestidad. Escuchamos, empatizamos y respetamos a las personas.


Nuestra cultura está alineada con los valores universales de libertad, cooperación y autorrealización. Trabajamos cada día para que todo el mundo tenga las mismas oportunidades independientemente de su sexo, etnia, nacionalidad, orientación sexual, creencias políticas o religiosas y nunca aprobaremos ninguna acción discriminatoria.


Adsmurai nació en 2014 de una conversación entre amigos y tratamos de mantener y transmitir ese buen rollo y convertirlo en un pilar fundamental de nuestra cultura.  

  

\#Marketplace \#AmazonAds"
responsable de contenidos remoto,Spain,indeed,Coordinador/a de Artes Participativas,Santander Consumer Bank,"Santander, CB, ES",2026-04-21,,,,https://es.indeed.com/viewjob?jk=7db16279e14572b1,"Coordinador/a de Artes Participativas
Country: Spain
**ES EL MOMENTO**

Santander ( www.santander.com ) está evolucionando de ser una marca global de alto impacto a una organización impulsada por la tecnología, y las personas están en el centro de este camino. Juntos, estamos liderando una transformación centrada en el cliente que valora el pensamiento disruptivo, la valentía de desafiar lo posible y la capacidad de innovar.


Esto es más que un cambio estratégico: es una oportunidad para crecer, aprender y generar un impacto real.


Nuestra misión es contribuir a que más personas y empresas prosperen. Adoptamos una sólida cultura de riesgos y esperamos que todos nuestros equipos asuman un enfoque proactivo y responsable en la gestión del riesgo.


**EL IMPACTO QUE GENERARÁS**

**Faro Santander — Fundación Banco Santander** está buscando **un/a Coordinador/a de Artes Participativas** con base en **Santander.**

Faro entiende la participación como una forma de producción cultural en sí misma. Buscamos a alguien que comparta esa convicción — que sepa trabajar con artistas para generar procesos creativos genuinos con comunidades de Santander, y que tenga la sensibilidad para acompañar esos procesos sin dirigirlos.


Reportando a la Dirección de Programas, el/la Coordinador/a de Artes Participativas será responsable de identificar, desarrollar y producir proyectos de co\-creación entre artistas y comunidades — con especial atención a jóvenes, adultos y colectivos habitualmente alejados de los espacios culturales. Su trabajo no consiste en llevar el arte a la comunidad: consiste en hacer posible que la comunidad y los artistas creen juntos algo que no existiría de otra manera — y que a veces, se convierte en obra.


Estamos redefiniendo nuestra forma de trabajar a través de la innovación, la tecnología de última generación, la colaboración y la libertad de explorar nuevas ideas.


En este puesto, tus principales responsabilidades incluirán:


Desarrollo de proyectos participativos


Concebir y desarrollar, en colaboración con la Dirección de Programas, proyectos de co\-creación entre artistas y comunidades específicas de Santander y su entorno. Esto implica identificar los contextos y los interlocutores adecuados, proponer artistas con capacidad real de trabajo colaborativo, y diseñar procesos que tengan integridad artística y relevancia comunitaria a la vez. Los proyectos pueden tener formatos y resultados muy distintos — y algunos de ellos, por su naturaleza y alcance, se convierten en obras artísticas en sí mismas.


Construcción de red comunitaria


Mapear el tejido social y cultural de Santander y su entorno — asociaciones, colectivos, centros cívicos, grupos informales — y construir relaciones de confianza con comunidades diversas, con especial énfasis en jóvenes adultos y colectivos infrarrepresentados. Esta red no es un medio para llegar a las comunidades: es el fundamento sobre el que se construyen los proyectos.


Acompañamiento de procesos creativos


Producir y acompañar los procesos de co\-creación desde su concepción hasta su materialización, garantizando que los participantes tienen agencia real en el trabajo y que los artistas cuentan con el apoyo necesario para desarrollarlo.


Colaboración institucional
 

Trabajar en red con otras instituciones, organizaciones culturales y agentes sociales a nivel local, nacional e internacional para identificar oportunidades de colaboración y coproducción en el ámbito de las artes participativas. Faro quiere posicionarse como referente en este campo — y este rol es central para lograrlo.


Gestión y producción


Supervisar la planificación, coordinación técnica y ejecución de los proyectos, gestionando presupuestos, contratos y relaciones con colaboradores externos. El/la coordinador/a tiene autonomía sobre los proyectos que lidera y es responsable de su ejecución integral — con el apoyo del equipo de Faro.


Evaluación e impacto


Diseñar e implementar metodologías de evaluación que den cuenta del impacto social y cultural de los proyectos — no solo en términos de asistencia, sino de transformación real en las comunidades participantes.


**LO QUE APORTARÁS AL EQUIPO**

Nuestra gente es nuestra mayor fortaleza. Cada persona contribuye con perspectivas únicas que nos hacen más fuertes como equipo y como organización. Valoramos quiénes son y potenciamos lo que aportan.


Los siguientes requisitos representan los conocimientos, habilidades y competencias esenciales para este puesto.


**Experiencia profesional**

* Experiencia demostrable en producción o coordinación de proyectos de arte participativo o socialmente comprometido, con comunidades diversas y en contextos institucionales o independientes.
* Trayectoria contrastada en trabajo con artistas en procesos colaborativos — no solo en gestión de actividades, sino en acompañamiento de procesos creativos complejos.
* Se valorará especialmente la experiencia con jóvenes, jóvenes adultos y colectivos infrarrepresentados.

**Educación**

* Licenciatura en Bellas Artes, Historia del Arte, Educación Social, Trabajo Social o Humanidades.
* Se valorará un Máster especializado en Arte Comunitario, Gestión Cultural o Prácticas Artísticas Colaborativas.

**Idiomas**

* Dominio escrito y hablado del español e inglés. El inglés es imprescindible: el/la coordinador/a trabajará con artistas internacionales y colaborará con instituciones asociadas de Faro en la coproducción de proyectos y contenidos.
* Se valorará el dominio de otros idiomas.

**Habilidades técnicas (Hard skills)**

* Conocimiento de metodologías de trabajo participativo y prácticas artísticas colaborativas.
* Experiencia en gestión de presupuestos y producción de proyectos de distinta escala.
* Dominio de las aplicaciones de Microsoft Suite.

**Habilidades interpersonales (Soft skills)**

* Inteligencia relacional: construyes confianza con perfiles muy distintos — artistas, comunidades, instituciones — y sabes que esa confianza se gana despacio.
* Capacidad de acompañamiento: sabes estar presente sin tomar el control, y entiendes que los mejores procesos participativos son los que sorprenden a quien los diseña.
* Rigor y flexibilidad: gestionas proyectos complejos y cambiantes sin perder el hilo ni los plazos.
* Compromiso genuino con la equidad: como criterio que informa cada decisión sobre con quién trabajar y cómo.

**Otros**

* Disponibilidad para viajes.

**VALORAMOS TU IMPACTO**

Tu contribución importa, y la reconocemos. En Santander puedes esperar un paquete retributivo justo y competitivo que refleje tu impacto y el valor que entregarás. Toma un momento para entender a lo que nos referimos:


Crecimiento sin límites. Impulsamos a nuestros equipos con oportunidades globales y amplias trayectorias de carrera para que puedan llegar más lejos.


Flexibilidad que funciona. Disfruta de un modelo híbrido de trabajo—algunos días remoto y otros en la oficina con tu equipo—además de horarios flexibles.


Aprendizaje continuo. Accede a cientos de cursos en nuestras plataformas, incluyendo acceso exclusivo a nuestro espacio global de formación: Santander Open Academy ( www.santanderopenacademy.com )


Recompensas competitivas. Recibe un salario altamente competitivo más un bonus por tus logros, para motivarte a seguir creciendo con nosotros.


Ventajas financieras. Accede a condiciones bancarias preferentes, tipos de interés especiales en préstamos, seguros de vida y mucho más.


Siempre a tu lado. Accede a Santander Contigo, nuestro programa para empleados/as y sus familias que ofrece servicios de asesoramiento legal, apoyo emocional y gestoría.


Estamos aquí para mantener tu motivación, ayudarte a alcanzar tus metas y celebrar tus logros en cada paso del camino.


**CUMPLIMIENTO LOCAL**

Santander se enorgullece de ser una organización que ofrece igualdad de oportunidades sin importar edad, género, discapacidad, estado civil, raza, religión u orientación sexual. Estamos comprometidos en ofrecer un proceso de selección inclusivo y accesible para todas las personas.


**¿Y AHORA QUÉ?**

Si todo lo que acabas de leer encaja contigo, aplica y únete a nuestro equipo.


¿Listo/a para dar el siguiente paso?"
marketing de contenidos editorial,Mexico,indeed,Auxiliar de Marketing,SEOULLO,"Culiacán, SIN, MX",2026-04-21,,,,https://mx.indeed.com/viewjob?jk=5adb5e4f262d672a,"**Objetivo del Puesto**

Diseñar, planificar y ejecutar estrategias de marketing alineadas a la identidad de *SEOULLO y KimchiCulichi*, con el fin de atraer nuevos clientes, fidelizar a los actuales y posicionar las marcas como referente de comida coreana en el mercado local.

**Responsabilidades Principales**

* Gestionar el contenido editorial y visual en redes sociales, reflejando autenticidad y cultura.
* Coordinar sesiones de fotografía y video de productos y ambiente del restaurante.
* Colaborar con influencers y medios para aumentar el alcance digital.
* Gestionar redes sociales de los negocios encargados, incluyendo la creación de contenido, interacción con seguidores y gestión de reseñas.
* ·Mantenerse actualizado, estar al tanto de las últimas tendencias relacionadas al giro del negocio así como en las tecnologías de marketing y ventas
* **Supervisar la imagen visual de la marca**: diseño gráfico, fotografía de producto y redes sociales.

**Requisitos**

* Licenciatura en Mercadotecnia, Publicidad, Comunicación o afines.
* Experiencia mínima de 1 años en marketing o diseño.
* Dominio de redes sociales, campañas pagadas, fotografía, video, edición y branding.
* Creatividad, iniciativa y sensibilidad estética.
* Excelente redacción y ortografía.
* Conocimientos básicos en edición de imágenes y video (Canva, Photoshop, CapCut, illustrator).

Tipo de puesto: Tiempo completo

Sueldo: $10,000\.00 \- $12,000\.00 al mes

Lugar de trabajo: Empleo presencial"
marketing de contenidos editorial,Mexico,indeed,Asistente de Promotor de Radio,SAPS Grupero,"Acacia 2000, CHP, MX",2026-04-21,,,,https://mx.indeed.com/viewjob?jk=b2cde07bb73318cc,"**¿Quiénes somos?**

SAPS es una empresa con más de 16 años de experiencia especializada en promoción y marketing musical con enfoque en la Música Mexicana y Tropical. A través de SAPS Promotions, el área encargada de entablar relación con medios digitales, impresos, radio y televisión, apoyamos a artistas y sellos para posicionar sus lanzamientos en los principales medios de comunicación, con especial énfasis en la radio.

**La persona que buscamos cuenta con:**

\- Experiencia en tareas administrativas, coordinación o logística.

\- Interés genuino por la promoción musical en medios de comunicación.

\- Conocimiento básico en herramientas como Excel, Google Drive, correo electrónico y plataformas de envío de archivos.

\- Buena comunicación escrita y verbal.

\- Deseable experiencia previa en el área de medios o apoyo a promotores. (No excluyente)

\- Contar con licencia de maneja indispensable.

Estos requisitos son fundamentales para desempeñarte en este rol, ya que formarás parte del equipo que da soporte operativo a la estrategia de promoción en medios para nuestros lanzamientos.

**Actividades por desarrollar:**

\- Envío y seguimiento de materiales promocionales a medios (audios, biografías, portadas, saludos).

\- Actualización y mantenimiento de bases de datos de medios, locutores y programadores.

\- Coordinación de entrevistas, menciones, saludos y otras actividades promocionales en radio y televisión.

\- Monitoreo de rotación radial y recopilación de evidencia (audios, capturas, grabaciones).

\- Apoyo en la planeación de giras promocionales y entrevistas telefónicas.

\- Control administrativo de actividades y entregables del área.

\- Comunicación interna con otras áreas (Marketing, Contenido, Editorial, etc).

\- Asistencia logística en tareas asignadas por el equipo de promoción.

**Perfil del candidato ideal:**

\- Ordenado, con atención al detalle.

\- Habilidad para dar seguimiento a múltiples tareas.

\- Proactivo y con iniciativa para resolver situaciones de forma eficiente.

\- Interés por la Música Mexicana (Banda, Norteño, Corridos, Sierreño) y la Cumbia.

\- Genuino interés por crecer en la industria musical y aprender de la promoción en medios.

**Lo que ofrecemos:**

\- Sueldo: $9450\.00 al mes

\- Bono de productividad mensual \+ Bono de productividad semestral

\- Prestaciones de ley

\- Oportunidad de crecimiento, tanto en sueldo como en responsabilidades.

**Horario:**

Lunes a viernes de 9:00 am a 5:00 pm

Domingo de 9:00 am a 2:00 pm

Tipo de puesto: Tiempo completo

Sueldo: $9,450\.00 al mes

Beneficios:

* Aumentos salariales

Lugar de trabajo: Empleo presencial"
marketing de contenidos editorial,Mexico,indeed,EDITOR,UNIVERSIDAD XOCHICALCO,"Ensenada, BCN, MX",2026-04-21,,,,https://mx.indeed.com/viewjob?jk=7b5f17692b8cc3c0,"**Funciones Clave del Editor**

* **Evaluación y pulido:** Lee manuscritos para mejorar la coherencia, tono y estilo, elevando el valor del texto.
* **Mediación autor\-lector:** Actúa como el primer lector profesional, alineando la intención del autor con la experiencia del consumidor.
* **Coordinación de producción:** Gestiona el proceso completo: corrección de estilo, diseño de portada y formato.
* **Visión comercial:** Define el público objetivo y la estrategia de mercado en editoriales grandes, o gestiona la distribución en la auto publicación
* **Tipos de Edición**
* **Editor Literario/Adquisiciones:** Evalúa y selecciona obras.

El trabajo editorial es un proceso creativo y colaborativo que requiere diálogo constante entre autor y editor.

* **Editor de Mesa/Estilo:** Revisa la calidad, gramática y coherencia.
* **Autor\-Editor:** Desarrolla el contenido y gestiona su propia publicación.
* **Grados Universitarios:** Filología (Hispánica, Inglesa, etc.), Periodismo, Comunicación, Traducción e Interpretación, o Literatura.
* **Formación Profesional/Especializada:** Diseño y Edición de Publicaciones, Marketing y Publicidad, o Licenciatura en Letras y Emprendimiento Editorial.
* **Cursos de Postgrado/No reglados:** Másteres en Edición, cursos de corrección ortotipográfica y de estilo, o formación en edición digital.

Lugar de trabajo: Empleo presencial"
responsable de contenidos remoto,Spain,indeed,Comisario/a de Arte y Tecnología,Santander Consumer Bank,"Santander, CB, ES",2026-04-21,,,,https://es.indeed.com/viewjob?jk=f0b43896071c6e81,"Comisario/a de Arte y Tecnología
Country: Spain
**ES EL MOMENTO**

Santander ( www.santander.com ) está evolucionando de ser una marca global de alto impacto a una organización impulsada por la tecnología, y las personas están en el centro de este camino. Juntos, estamos liderando una transformación centrada en el cliente que valora el pensamiento disruptivo, la valentía de desafiar lo posible y la capacidad de innovar.


Esto es más que un cambio estratégico: es una oportunidad para crecer, aprender y generar un impacto real.


Nuestra misión es contribuir a que más personas y empresas prosperen. Adoptamos una sólida cultura de riesgos y esperamos que todos nuestros equipos asuman un enfoque proactivo y responsable en la gestión del riesgo.


**EL IMPACTO QUE GENERARÁS**

**Faro Santander — Fundación Banco Santander** está buscando **un/a Comisario/a de Arte y Tecnología** con base en **Santander.**

Faro Santander entiende el arte y la tecnología como vía para comprender la realidad de nuestro tiempo. Juntos, abren posibilidades críticas, así como la oportunidad de redefinir la experiencia estética y la interacción social. Buscamos a alguien con un criterio curatorial sólido y una curiosidad genuina por la relación de los artistas con las herramientas digitales de su época, y que tenga la ambición de hacer de Faro un referente en este campo.


Reportando a la Dirección de Programas, el/la Comisario/a de Arte y Tecnología será responsable de concebir y producir proyectos que operen a través del espacio físico, plataformas digitales y formatos híbridos, en colaboración transversal con los equipos de Programas Públicos, Educación y Exposiciones. Su trabajo comenzará antes de que abran las puertas: construyendo la red de artistas, tecnólogos e instituciones que hará posible una programación con verdadero alcance internacional.


Estamos redefiniendo nuestra forma de trabajar a través de la innovación, la tecnología de última generación, la colaboración y la libertad de explorar nuevas ideas.


En este puesto, tus principales responsabilidades incluirán:


Desarrollo de programas


Concebir y desarrollar, junto con la Dirección de Programas, una programación diferenciada e inovadora que explore la intersección entre el arte y la tecnologia —incluyendo IA, realidades extendidas (VR/AR) y nuevos medios. Los proyectos se desarrollarán a través de propuestas artísticas para la galería específicamente equipada para tal, así como de plataformas virtuales y eventos en colaboración con el resto del equipo.


Mediación tecnológica


Diseñar propuestas interactivas que enriquezcan la vivencia del público y su relación con los contenidos artísticos de Faro (Colecciones, Exposiciones y otros) mediante el uso de herramientas digitales, garantizando una experiencia en Faro innovadora y singular.


Colaboración institucional


Desarrollar y mantener una red activa con artistas digitales, tecnólogos, universidades e instituciones culturales a nivel local, nacional e internacional. Faro nace con vocación colaborativa — la coproducción y el intercambio son parte central de su identidad.


Gestión y producción


Supervisar el ciclo completo de cada proyecto: planificación del calendario y coordinación técnica. El/la comisario/a tiene autonomía sobre los proyectos que lidera y es responsable de su ejecución integral — gestionando contrataciones externas cuando sea necesario y con el apoyo del equipo de Faro.


Representación institucional


Actuar como figura de referencia de Faro en el ecosistema del arte y la tecnología: en foros, festivales, publicaciones y conversaciones del sector. Quién ocupe este rol contribuye activamente a definir el posicionamiento de la institución en este campo.


Gestión administrativa


Coordinar la operativa del programa: planificación presupuestaria, seguimiento de ingresos y objetivos de asistencia, y aplicación de metodologías de evaluación para medir el impacto social y cultural de la programación.


**LO QUE APORTARÁS AL EQUIPO**

Nuestra gente es nuestra mayor fortaleza. Cada persona contribuye con perspectivas únicas que nos hacen más fuertes como equipo y como organización. Valoramos quiénes son y potenciamos lo que aportan.


Los siguientes requisitos representan los conocimientos, habilidades y competencias esenciales para este puesto.


**Experiencia profesional**

* Experiencia demostrable en funciones de contenido y responsabilidad equivalentes, y más especificamente em el comisariado de arte contemporáneo y en proyectos que trabajen con tecnología como medio artístico — no solo como soporte técnico.
* Se valorará especialmente la experiencia en entornos internacionales y en proyectos de coproducción con instituciones.

**Educación**

* Licenciatura en Bellas Artes, Historia del Arte, Comunicación Audiovisual o Ingeniería/Informática con un fuerte componente creativo.
* Se valorará un Máster especializado en Comisariado Digital, Arte y Nuevos Medios, o Humanidades Digitales.

**Idiomas**

* Dominio escrito y hablado del español e inglés. El inglés es imprescindible: el/la comisario/a trabajará con artistas internacionales y colaborará con instituciones asociadas de Faro en la coproducción de proyectos y contenidos.
* Se valorará el dominio de otros idiomas.

**Habilidades técnicas (Hard skills)**

* Conocimiento profundo del arte digital y los nuevos medios: sus referentes, su historia, sus debates actuales.
* Capacidad para coordinar montajes técnicos complejos junto a equipos de producción especializados.
* Dominio de las aplicaciones de Microsoft Suite.

**Habilidades interpersonales (Soft skills)**

* Criterio curatorial: sabes distinguir el trabajo que importa del que simplemente impresiona, y sabes articular por qué.
* Capacidad de mediación: traduces entre el lenguaje artístico y el técnico con naturalidad, y construyes confianza con perfiles muy distintos.
* Rigor y adaptabilidad: gestionas proyectos complejos y cambiantes sin perder el hilo ni los plazos.
* Pensamiento crítico sobre tecnología: no te interesa la novedad por sí misma, sino lo que revela sobre cómo vivimos y cómo los artistas responden a eso.

**Otros**

* Disponibilidad para viajes internacionales.

**VALORAMOS TU IMPACTO**

Tu contribución importa, y la reconocemos. En Santander puedes esperar un paquete retributivo justo y competitivo que refleje tu impacto y el valor que entregarás. Toma un momento para entender a lo que nos referimos:


Crecimiento sin límites. Impulsamos a nuestros equipos con oportunidades globales y amplias trayectorias de carrera para que puedan llegar más lejos.


Flexibilidad que funciona. Disfruta de un modelo híbrido de trabajo—algunos días remoto y otros en la oficina con tu equipo—además de horarios flexibles.


Aprendizaje continuo. Accede a cientos de cursos en nuestras plataformas, incluyendo acceso exclusivo a nuestro espacio global de formación: Santander Open Academy ( www.santanderopenacademy.com )


Recompensas competitivas. Recibe un salario altamente competitivo más un bonus por tus logros, para motivarte a seguir creciendo con nosotros.


Ventajas financieras. Accede a condiciones bancarias preferentes, tipos de interés especiales en préstamos, seguros de vida y mucho más.


Siempre a tu lado. Accede a Santander Contigo, nuestro programa para empleados/as y sus familias que ofrece servicios de asesoramiento legal, apoyo emocional y gestoría.


Estamos aquí para mantener tu motivación, ayudarte a alcanzar tus metas y celebrar tus logros en cada paso del camino.


**CUMPLIMIENTO LOCAL**

Santander se enorgullece de ser una organización que ofrece igualdad de oportunidades sin importar edad, género, discapacidad, estado civil, raza, religión u orientación sexual. Estamos comprometidos en ofrecer un proceso de selección inclusivo y accesible para todas las personas.


**¿Y AHORA QUÉ?**

Si todo lo que acabas de leer encaja contigo, aplica y únete a nuestro equipo.


¿Listo/a para dar el siguiente paso?"
marketing de contenidos editorial,Mexico,indeed,Diseñadora Gráfica - Contenido y Marketing,Mentory Grupo Consultor,"Puebla, PUE, MX",2026-04-21,,,,https://mx.indeed.com/viewjob?jk=d25d0df9e060283c,"**Mentory Grupo Consultor busca Diseñadora Gráfica \- Contenido y Marketing en Puebla, Puebla**
-----------------------------------------------------------------------------------------------



Vacante: **Diseñadora Gráfica \- Contenido y Marketing / Restaurante**

  

Buscamos una persona creativa, proactiva y apasionada por el diseño y la gastronomía, capaz de transmitir la esencia del restaurante a través de piezas visuales atractivas que conecten con el cliente y fortalezcan la presencia de la marca en medios digitales e impresos.

 **Funciones Principales y Áreas de Trabajo**

* **Identidad Corporativa:**Creación de logos y branding completo.
* **Diseño Publicitario/Digital:**Flyers, carteles, banners, redes sociales, y publicidad.
* **Diseño Editorial:**Diseño de revistas, libros y catálogos.
* **Packaging:**Diseño de envases y empaques de productos.

 **Habilidades Clave**

* **Creatividad y Pensamiento Crítico:**Capacidad para resolver problemas visuales.
* **Software Técnico:**Dominio de herramientas como Adobe Photoshop, Illustrator e InDesign.
* **Conocimientos Técnicos:**Manejo de teoría del color, tipografía, maquetación y composición.
* **Comunicación:**Capacidad de trabajar con clientes y entender sus necesidades.

 **Objetivo del Puesto**

  

Diseñar y desarrollar materiales gráficos y visuales que fortalezcan la identidad del restaurante, mejoren la comunicación con los clientes y apoyen las estrategias de marketing digital e impreso, garantizando una imagen profesional, atractiva y alineada con la marca.

 **RESPONSABILIDADES PRINCIPALES**

  

Diseño de contenido gráfico para redes sociales (posts, reels, stories, anuncios), así como desarrollo y adaptación de materiales para uso en restaurante.

  

Edición de video para contenido digital (principalmente formato corto).  

Adaptación y actualización de materiales existentes (menús, promociones, señalética). Preparación de archivos para impresión (correcto uso de formatos, resolución, sangrados, etc.). Asegurar consistencia visual y alineación con la identidad de cada marca.  

Optimización de procesos creativos mediante herramientas de IA.

  

Funciones de **RRPP**

 **PERFIL IDEAL**

  

Interés por tendencias en diseño, redes sociales y contenido digital.  

Capacidad para trabajar de forma ágil y eficiente, manteniendo atención al detalle y calidad Creativo/a, con buen criterio visual y sensibilidad estética.  

Capacidad para respetar y aplicar lineamientos de marca de forma consistente Organización y manejo eficiente de archivos  

Capacidad de adaptarse a diferentes estilos de marca

 **REQUISITOS TÉCNICOS**

  

Dominio de Adobe Illustrator (indispensable), con capacidad para editar y adaptar archivos complejos, así como preparar materiales para impresión.

  

Dominio de Premiere y/o After Effects para edición de video. Manejo de Photoshop.  

Conocimiento en formatos para impresión y producción gráfica. Experiencia generando contenido para redes sociales.

  

Uso de herramientas de IA aplicadas a diseño.

 **PLUS (DESEABLE)**

  

Experiencia en giro restaurantero.  

Conocimiento en motion graphics o animación básica. Conocimiento en fotografía.

 **Sueldo mensual:** $15,000\.00 MXN

  

Seguro médico de gastos médicos mayores y menores

  

Tipo de puesto: Tiempo completo

  

Modalidad: Presencial

 **Nivel de educación deseada:**  

Superior \- titulado


**Nivel de experiencia deseada:**  

Nivel Experto


**Función departamental:**  

Marketing / RRPP / Comunicación


**Industria:**  

Restaurantes

  

  

*Esta vacante viene de la bolsa de empleo Talenteca.com:*  

*https://www.talenteca.com/anuncio?j\_id\=69e800145300003200e7d02c\&source\=indeed*"
diseño editorial remoto,Mexico,indeed,Head of Brand & Communications,EasyBroker,MX,2026-04-21,,,,https://mx.indeed.com/viewjob?jk=c993f97093d86c6e,"DESCRIPCIóN


Pocas veces en una carrera aparece la oportunidad de construir una marca desde cero y llevarla a ser parte del vocabulario cotidiano de un país.

  

Estamos apostando fuerte por **Pincali**, nuestro portal inmobiliario que lanzamos en octubre de 2025, con la meta de convertirlo en el mejor lugar para comprar o rentar un hogar en México. Queremos que dentro de pocos años, cuando alguien en México piense *""estoy buscando casa,""* Pincali sea el primer nombre que le venga a la mente, como Airbnb cambió la forma de pensar en hospedaje, o como Mercado Libre se volvió sinónimo de comprar en línea.

  

Y, a diferencia de muchas startups, tenemos algo que prácticamente nadie más tiene:

* **17 años de experiencia profunda** en el sector, gracias a **EasyBroker**, el CRM inmobiliario líder en México desde 2007\.
* Una red enorme de más de **15,000 asesores inmobiliarios, 500,000 propiedades y 3,000 sitios web** creados en nuestra plataforma.
* Un equipo de producto y tecnología muy bueno.
* Los recursos para financiar y construir Pincali nosotros mismos, sin inversión externa ni presión de inversionistas.

  

Aunque empezamos en 2007, trabajamos como startup: equipo pequeño, remoto, muy talentoso, con un enfoque radical en crear productos que importan. Valoramos el criterio, la autonomía y la capacidad de llevar proyectos de principio a fin. Aquí no eres una pieza más: das forma a las ideas, hablas con usuarios cuando hace falta, propones soluciones y tienes impacto real en el producto y en el negocio.

##### **El rol**

  

Buscamos a la primera persona de marca y comunicaciones para nuestros dos productos. Aproximadamente **80% de tu tiempo será Pincali; 20%, EasyBroker**. Vas a definir la voz, construir la narrativa, posicionar las marcas en su mercado, y ser la persona responsable de hacer que se vuelvan reconocidas. La producción de contenido es parte importante del trabajo, pero al servicio de la narrativa que definas. Reportas directo al CEO.

  

Lideras la estrategia y también la ejecutas en persona. Tienes autoridad real sobre voz, narrativa e identidad visual de ambas marcas. **No tenemos planes de construir un equipo grande de marketing.** Creemos que con las herramientas de hoy, especialmente IA, una persona con buen criterio y buena priorización puede lograr más y mejor que un equipo de diez. Ocasionalmente trabajarás con freelancers para piezas específicas, pero no es la manera principal de operar.

  

Este rol combina estrategia de marca y comunicaciones con producción real de contenido. No buscamos a alguien que solo dirige trabajo, ni a alguien que solo ejecuta briefs. Buscamos a alguien que define cómo suena la marca, cómo se cuenta su historia, y luego escribe el copy, dirige la creatividad y saca el trabajo.

  

Si tu objetivo en dos años es liderar un equipo de 10 personas, este no es el rol para ti. Si tu objetivo es ser la voz que define dos marcas, trabajar directo con el CEO y ver tu trabajo convertirse en algo que la gente reconoce en la calle, sigue leyendo.

  

Buscamos a alguien con **muy buen criterio de diseño**. No esperamos que vengas del mundo del diseño, pero sí que tengas ojo, opiniones claras sobre qué se ve bien, y capacidad de llevar materiales (desde ads hasta merch) a un nivel de producción alto, ya sea produciéndolos tú con herramientas de IA o dirigiendo freelancers puntuales cuando la pieza lo amerite.

  

También significa que habrá caos: vamos a iterar rápido, probar, fallar, aprender y ajustar. Si necesitas que todo esté perfectamente definido desde el día uno, este no es el rol para ti.

##### **Recursos y presupuesto**

  

Para este rol contamos con un presupuesto inicial de **al menos 10 millones de pesos para los primeros seis meses**. Este periodo será de experimentación intensa: probaremos distintos canales, activaciones, mensajes y formatos —online y offline— para entender qué realmente impulsa el crecimiento de Pincali.

  

Si los resultados son fuertes, estamos preparados para **incrementar el presupuesto de manera significativa** en la segunda mitad del año. El potencial para aumentar la inversión es muy alto, pero siempre basado en datos, impacto y criterio.

  

Buscamos a alguien que no gaste por gastar, sino que invierta inteligentemente, cuestione lo convencional y diseñe estrategias que realmente funcionen, no solo tácticas por inercia.

##### **Qué vas a hacer**

###### **Comunicaciones y construcción de marca (Pincali principalmente)**

  

* Hacer que Pincali se vuelva un nombre que la gente reconoce y recomienda para buscar casa en México.
* Liderar PR, presencia del CEO en medios y redes, partnerships con creadores y voces relevantes del sector inmobiliario y lifestyle.
* Diseñar y ejecutar la estrategia de redes sociales orgánicas con foco en construir comunidad y reconocimiento.
* Dirigir creativamente las campañas pagadas (cuando estén corriendo) para que refuercen marca, no solo conversión.
* Identificar oportunidades de awareness de alto apalancamiento: eventos, sponsorships, contenido viral, alianzas con marcas complementarias.

###### **Voz y narrativa de marca (Pincali y EasyBroker)**

  

* Definir y documentar la voz, narrativa y posicionamiento de ambas marcas.
* Ser la persona que asegura consistencia de mensaje en todos los canales.
* Construir y mantener un *message house* vivo, actualizado con lo que aprendemos.

###### **Escritura y producción de contenido**

  

* Escribir personalmente el copy que importa: sitios, landing pages, emails, campañas, piezas clave.
* Producir contenido editorial: blog, guías, artículos de ayuda, casos de estudio, whitepapers.
* Para **Pincali**: escribir para compradores y rentadores (guías de colonias, guías de compra, contenido educativo que construya marca y atraiga tráfico).
* Para **EasyBroker**: escribir para asesores inmobiliarios sobre features, workflows y cómo cerrar más negocios.
* Usar IA agresivamente para producir más, mejor y más rápido. Coordinar freelancers cuando haga falta para producción de mayor calidad (video, diseño, etc.).

###### **Diseño y materiales de marca**

  

* Conceptualizar y producir materiales de marca: landing pages, ads, merch (playeras, stickers, materiales para eventos), guías visuales, sales enablement.
* Ser el guardián de la calidad visual de todo lo que sale con el logo de Pincali o EasyBroker.
* Producir mockups y visuales con herramientas de IA. Para piezas específicas que requieran producción especializada (video de alto nivel, ilustración compleja, producción física de merch), coordinar con freelancers puntuales.

###### **Estrategia de contenido y bases de SEO**

  

* Definir qué temas cubrir, en qué canal, con qué prioridad.
* Tener fundamentos sólidos de SEO para que el contenido de Pincali.
* Eventualmente traeremos a un especialista de SEO/Growth; tú pondrás las bases editoriales sobre las que ese trabajo crece.

###### **Eventos (ocasional)**

  

* Apoyar en eventos que refuercen la marca: meetups, activaciones, eventos de la industria. No eres responsable de la logística operativa, pero sí del concepto, el mensaje y los materiales.

###### **Investigación con usuarios**

  

* Hablar con usuarios (compradores, arrendatarios y asesores) para validar mensajes y descubrir qué los mueve

###### **Medición y aprendizaje**

  

* Definir qué métricas importan para cada pieza y canal.
* Analizar qué mensajes convierten, qué contenido atrae tráfico, qué ángulos resuenan.
* Documentar aprendizajes y ajustar messaging basándote en datos (GA4, Looker/Sheets, feedback cualitativo).

  

REQUISITOS

* **9\+ años** de experiencia en marketing, con énfasis en contenido, brand o product marketing.
* Experiencia construyendo marcas en productos digitales y/o marketplaces.
* **Track record haciendo que una marca se vuelva conocida.**
* Escritura excelente en español.
* **Track record adaptando tu trabajo con IA** en los últimos 12–18 meses.
* **Criterio de diseño fuerte**.
* **Experiencia haciendo research con usuarios** (entrevistas, encuestas, análisis de feedback).
* **Inglés avanzado** (escrito y hablado).
* Resides en **Ciudad de México** o cerca (habrá actividades presenciales ocasionales).

##### **¿Qué te ofrecemos?**

  

* Sueldo entre $90,000 y $130,000 MXN mensuales pagado desde la empresa en EUA.
* Trabajo 100% remoto y flexibilidad de horario.
* Apoyo económico para tu educación y capacitación.
* 20 días de vacaciones al año.
* Bono anual basado en las utilidades de la empresa (*profit sharing*).
* Bono trimestral basado en tu desempeño.
* 15 días de aguinaldo en diciembre.
* Seguro de gastos médicos mayores, menores y dental.
* Una nueva laptop o desktop de Apple.
* Un meetup anual y actividades con el equipo.

##### **¿Cómo aplicar?**

  

Da click en **aplicar**, envíanos tu CV actualizado y contesta un par de preguntas que nos ayudarán a conocerte mejor. Te responderemos en menos de 2 días hábiles pero si no escuchas de nosotros, por favor revisa tu carpeta de spam o contáctanos en jobs@easybroker.com con cualquier duda durante el proceso. Si quieres saber más de nosotros, entra en ebwantsyou.com donde conseguirás información sobre cómo trabajamos, nuestra misión y el proceso de selección."
responsable de contenidos remoto,Spain,indeed,Técnico/a Administrativo/a de Producto (Fontane...,OBRAMAT,"Leganés, MD, ES",2026-04-21,,,,https://es.indeed.com/viewjob?jk=aea7530fccaca909,"**OBRAMAT** es la empresa de referencia de distribución de Materiales en el mercado de la Reforma y Construcción integrada en GRUPO ADEO, primer grupo en el ranking europeo en distribución especializada en el acondicionamiento del hogar y tercero en el ranking mundial, matriz de empresas como Leroy Merlín, Tecnomat, Saint Maclou, KBane, Weldom y Adeo Services.
Actualmente, contamos con 40 Almacenes en España y Portugal, y ya somos más de 7\.000 colaboradores/as comprometidos/as con nuestro proyecto de empresa.
Nuestro compromiso fundamental se encuentra en las personas: nuestros Colaboradores/as y nuestros Clientes. Son ellos los que dan vida a OBRAMAT y nuestra razón de ser.
Nos esforzamos día a día por ofrecer a todos nuestros Clientes la mejor experiencia de compra, basada en un asesoramiento profesional. Para esto, el talento de nuestros Equipos es nuestro principal pilar. **¿CUÁL SERÁ TU MISIÓN?** 
Serás responsable de la gestión y calidad de la información de nuestra oferta de Fontanería. Tu objetivo es garantizar que cada dato técnico, tarifa o imagen sea preciso y esté disponible en todos nuestros canales (web, etiquetas de almacén y catálogos), asegurando que el cliente siempre encuentre la información correcta. **¿CUÁLES SERÁN TUS FUNCIONES? :****Gestión de base de datos:** Crear y actualizar fichas de producto, ciclo de vida y tarifas en el sistema SAP.**Contenido Digital e\-Commerce:** Subir fotos, documentación, descripciones técnicas y optimizar textos para la web y herramientas internas.**Calidad del dato:** Revisar y garantizar que no haya errores en la información técnica, precios o etiquetas en cualquier soporte omnicanal.**Coordinación interna:** Contactar con proveedores, almacenes y servicios internos para resolver incidencias y asegurar el flujo de información.**Soporte comercial\-administrativo:** Preparar la información técnica para folletos y catálogos, elaborar informes de seguimiento y facilitar datos para mejorar la comercialización.
**¿CUÁL ES NUESTRO PERFIL IDEAL?** **Formación:** Grado Medio/Superior o formación universitaria en Administración (ADE) o afines.**Experiencia:** 1\-2 años en departamentos de Compras o Gestión de Producto, preferiblemente en entornos Retail o distribución técnica.**Conocimientos técnicos:** Valoramos positivamente tu conocimiento en productos de fontanería, climatización o productos técnicos.**Herramientas:** Es imprescindible un manejo fluido de Excel (fórmulas, cuadros de mando) y conocimiento de SAP.**Idiomas:** Nivel de inglés B2 valorable.
 **¿QUÉ TE OFRECEMOS POR TENER LA SANGRE NARANJA?** 
Contrato indefinido a jornada completa ✍ en una empresa de sólidos resultados, con un plan de expansión ambicioso a nivel nacional e internacional, y que forma parte de uno de los grupos líderes en la distribución en Europa 
Salario Competitivo \+ **Variable trimestral** por ventas \+ **Variable anual** por reparto de beneficios 
Conviértete en **accionista** del grupo ADEO
Plan de retribución **Flexible** 
Plaza de **Parking** con cargadores eléctricos 
50% del seguro de **salud** pagado por la empresa 
25 días laborables de **vacaciones** 
Día de tu **cumpleaños** libre! 
10% de descuento en tus **compras** OBRAMAT 
Clases de Idiomas ️**Cesta** de Navidad 
Seguro de **vida** **Ayuda con tu Declaración de la Renta** **Descuentos** en tus compras de Ocio, Belleza, Tecnología... Gracias a nuestro programa de fidelización ""Te lo mereces"" 
Plan personalizado de **formación** para potenciar las oportunidades de crecimiento dentro de la Compañía 
 *Obramat es una empresa firmemente comprometida con la igualdad de oportunidades y la diversidad. Nuestra cultura se basa en el respeto mutuo y la no discriminación, garantizando un entorno de trabajo seguro y equitativo para todas las personas, independientemente de su sexo, origen, religión, discapacidad, edad, orientación sexual, identidad de género o cualquier otra condición personal o social. Si te interesa formar parte de nuestro equipo, te animamos a presentar tu candidatura: valoramos tu autenticidad y talento por encima de todo.*
  
**Departamentos**
Central de Compras (Oficinas)
**Ubicaciones**
Madrid\-Leganés (Oficinas Servicios Internos)
**Estado remoto**
Remoto temporal
**Tipo de empleo**
Contrato"
responsable de contenidos remoto,Spain,indeed,Coordinador/a de Programas Públicos,Santander Consumer Bank,"Santander, CB, ES",2026-04-21,,,,https://es.indeed.com/viewjob?jk=d1c2b86c3a73541e,"Coordinador/a de Programas Públicos
Country: Spain
**ES EL MOMENTO**

Santander ( www.santander.com ) está evolucionando de ser una marca global de alto impacto a una organización impulsada por la tecnología, y las personas están en el centro de este camino. Juntos, estamos liderando una transformación centrada en el cliente que valora el pensamiento disruptivo, la valentía de desafiar lo posible y la capacidad de innovar.


Esto es más que un cambio estratégico: es una oportunidad para crecer, aprender y generar un impacto real.


Nuestra misión es contribuir a que más personas y empresas prosperen. Adoptamos una sólida cultura de riesgos y esperamos que todos nuestros equipos asuman un enfoque proactivo y responsable en la gestión del riesgo.


**EL IMPACTO QUE GENERARÁS**

**Faro Santander — Fundación Banco Santander** está buscando **un/a Coordinador/a de Programas Públicos** con base en **Santander.**

Faro Santander es un espacio que aún se está definiendo — y eso es precisamente lo interesante. Buscamos a alguien que entienda la programación pública no como una agenda de eventos, sino como una forma de construir comunidad en torno a debates de actualidad y a experiencias artísticas vivas: alguien que sepa qué conversaciones quiere provocar, con quién y por qué, y que tenga la capacidad de llevarlas a cabo con rigor y con ambición.


Reportando a la Dirección de Programas, el/la Coordinador/a de Programas Públicos será responsable de concebir y producir una programación viva, multidisciplinar y diferenciada. Su trabajo comienza antes de la apertura de puertas: construyendo el tejido de relaciones que hará posible una programación con verdadero arraigo local e internacional.


Estamos redefiniendo nuestra forma de trabajar a través de la innovación, la tecnología de última generación, la colaboración y la libertad de explorar nuevas ideas.


En este puesto, tus principales responsabilidades incluirán:


Desarrollo de programas


Concebir y desarrollar, junto con la Dirección de Programas, líneas de trabajo diferenciadas y multidisciplinares — artes vivas, charlas, festivales, ciclos de cine — capaces de generar sus propios públicos, tanto en diálogo con las exposiciones como con vida propia. Los Programas Públicos de Faro no son un complemento: son una propuesta en sí misma.


Colaboración institucional


Establecer y consolidar relaciones con profesionales del sector, instituciones culturales y organismos a nivel local, nacional e internacional. Faro nace con vocación colaborativa — la coproducción y el intercambio con otras instituciones es parte central de su identidad.


Gestión y producción


Supervisar el ciclo completo de cada proyecto: planificación del calendario, tramitación de licencias y permisos, coordinación técnica y montaje in situ. El/la Coordinador/a tiene autonomía sobre los proyectos que lidera y es responsable de su ejecución integral — gestionando contrataciones externas cuando sea necesario y con el apoyo del equipo de Faro.


Representación institucional


Presentar y moderar actos públicos como figura de referencia de Faro, garantizando una atención profesional y de calidad para todos los asistentes. Quien ocupe este rol es, en muchos momentos, la voz de la institución.


Desarrollo de audiencias


Diseñar e implementar estrategias de captación de públicos con especial atención a la participación intergeneracional y al vínculo con jóvenes, colectivos diversos y comunidades habitualmente alejadas de los espacios culturales. La diversidad de audiencias es una condición de partida.


Gestión administrativa


Coordinar la operativa del programa: planificación del calendario y del presupuesto, seguimiento de ingresos y objetivos de asistencia, y aplicación de metodologías de evaluación para medir el impacto social y cultural de la programación.


**LO QUE APORTARÁS AL EQUIPO**

Nuestra gente es nuestra mayor fortaleza. Cada persona contribuye con perspectivas únicas que nos hacen más fuertes como equipo y como organización. Valoramos quiénes son y potenciamos lo que aportan.


Los siguientes requisitos representan los conocimientos, habilidades y competencias esenciales para este puesto.


**Experiencia profesional**

* Experiencia demostrable en programación cultural o en funciones de contenido y responsabilidad equivalentes — en museos, centros de artes, festivales u otras instituciones culturales.
* Se valorará especialmente la experiencia en entornos internacionales y en proyectos de coproducción con instituciones externas.

**Educación**

* Estudios universitarios superiores, preferiblemente en Historia del Arte, Bellas Artes o Humanidades.

**Idiomas**

* Dominio escrito y hablado del español e inglés. El inglés es imprescindible: el/la coordinador/a trabajará con artistas internacionales y colaborará con instituciones asociadas de Faro en la coproducción de proyectos y contenidos.
* Se valorará el dominio de otros idiomas.

**Habilidades técnicas (Hard skills)**

* Experiencia en producción y gestión de eventos culturales de distinta escala y formato.
* Capacidad para gestionar presupuestos y hacer seguimiento de objetivos con autonomía.
* Dominio de las aplicaciones de Microsoft Suite.

**Habilidades interpersonales (Soft skills)**

* Pensamiento curatorial: conoces bien las prácticas artísticas contemporáneas en relación con temas de actualidad cultural y social.
* Capacidad relacional: construyes vínculos de confianza con perfiles muy distintos — artistas, instituciones, comunidades locales.
* Rigor y flexibilidad: gestionas múltiples proyectos simultáneos sin perder el hilo ni los plazos.
* Compromiso genuino con la diversidad de audiencias: como criterio que informa cada decisión programática.

**Otros**

* Disponibilidad para viajes internacionales.

**VALORAMOS TU IMPACTO**

Tu contribución importa, y la reconocemos. En Santander puedes esperar un paquete retributivo justo y competitivo que refleje tu impacto y el valor que entregarás. Toma un momento para entender a lo que nos referimos:


Crecimiento sin límites. Impulsamos a nuestros equipos con oportunidades globales y amplias trayectorias de carrera para que puedan llegar más lejos.


Flexibilidad que funciona. Disfruta de un modelo híbrido de trabajo—algunos días remoto y otros en la oficina con tu equipo—además de horarios flexibles.


Aprendizaje continuo. Accede a cientos de cursos en nuestras plataformas, incluyendo acceso exclusivo a nuestro espacio global de formación: Santander Open Academy ( www.santanderopenacademy.com )


Recompensas competitivas. Recibe un salario altamente competitivo más un bonus por tus logros, para motivarte a seguir creciendo con nosotros.


Ventajas financieras. Accede a condiciones bancarias preferentes, tipos de interés especiales en préstamos, seguros de vida y mucho más.


Siempre a tu lado. Accede a Santander Contigo, nuestro programa para empleados/as y sus familias que ofrece servicios de asesoramiento legal, apoyo emocional y gestoría.


Estamos aquí para mantener tu motivación, ayudarte a alcanzar tus metas y celebrar tus logros en cada paso del camino.


**CUMPLIMIENTO LOCAL**

Santander se enorgullece de ser una organización que ofrece igualdad de oportunidades sin importar edad, género, discapacidad, estado civil, raza, religión u orientación sexual. Estamos comprometidos en ofrecer un proceso de selección inclusivo y accesible para todas las personas.


**¿Y AHORA QUÉ?**

Si todo lo que acabas de leer encaja contigo, aplica y únete a nuestro equipo.


¿Listo/a para dar el siguiente paso?"
marketing de contenidos editorial,Mexico,indeed,Especialista en Contenido y Marketing,Mentory Grupo Consultor,"Puebla, PUE, MX",2026-04-21,,,,https://mx.indeed.com/viewjob?jk=c5f49e9140f8d625,"**Mentory Grupo Consultor busca Especialista en Contenido y Marketing en Puebla, Puebla**
-----------------------------------------------------------------------------------------



Vacante: **Especialista en Contenido y Marketing / Grupo de Restaurantes**

  

Buscamos una persona creativa, proactiva y apasionada por el diseño y la gastronomía, capaz de transmitir la esencia del restaurante a través de piezas visuales atractivas que conecten con el cliente y fortalezcan la presencia de la marca en medios digitales e impresos.

 **Funciones Clave del Especialista en Contenido:**  

* **Estrategia de Contenidos:**Definir temas, formatos y canales adecuados para el público objetivo.
* **Creación y Edición:**Desarrollar material original (blogposts, videos, infografías) enfocado en marketing digital.
* **Gestión de Redes Sociales:**Construir presencia en línea, interactuar con la audiencia y programar contenido.
* **SEOy Analítica:** Optimizar el contenido para motores de búsqueda y evaluar el rendimiento mediante herramientas comoGoogle Analytics

  

Diseño de contenido gráfico para redes sociales (posts, reels, stories, anuncios), así como desarrollo y adaptación de materiales para uso en restaurante.

  

Edición de video para contenido digital (principalmente formato corto).  

Adaptación y actualización de materiales existentes (menús, promociones, señalética). Preparación de archivos para impresión (correcto uso de formatos, resolución, sangrados, etc.). Asegurar consistencia visual y alineación con la identidad de cada marca.  

Optimización de procesos creativos mediante herramientas de IA.

  

Funciones de **RRPP**

* **Identidad Corporativa:**Creación de logos y branding completo.
* **Diseño Publicitario/Digital:**Flyers, carteles, banners, redes sociales, y publicidad.
* **Diseño Editorial:**Diseño de revistas, libros y catálogos.
* **Packaging:**Diseño de envases y empaques de productos.

 **Habilidades Clave**

* **Creatividad y Pensamiento Crítico:**Capacidad para resolver problemas visuales.
* **Software Técnico:**Dominio de herramientas como Adobe Photoshop, Illustrator e InDesign.
* **Conocimientos Técnicos:**Manejo de teoría del color, tipografía, maquetación y composición.
* **Comunicación:**Capacidad de trabajar con clientes y entender sus necesidades.

 **Objetivo del Puesto**

  

Diseñar y desarrollar materiales gráficos y visuales que fortalezcan la identidad del restaurante, mejoren la comunicación con los clientes y apoyen las estrategias de marketing digital e impreso, garantizando una imagen profesional, atractiva y alineada con la marca.

 **PERFIL IDEAL**

  

Interés por tendencias en diseño, redes sociales y contenido digital.  

Capacidad para trabajar de forma ágil y eficiente, manteniendo atención al detalle y calidad Creativo/a, con buen criterio visual y sensibilidad estética.  

Capacidad para respetar y aplicar lineamientos de marca de forma consistente Organización y manejo eficiente de archivos  

Capacidad de adaptarse a diferentes estilos de marca

 **REQUISITOS TÉCNICOS**

  

Dominio de Adobe Illustrator (indispensable), con capacidad para editar y adaptar archivos complejos, así como preparar materiales para impresión.

  

Dominio de Premiere y/o After Effects para edición de video. Manejo de Photoshop.  

Conocimiento en formatos para impresión y producción gráfica. Experiencia generando contenido para redes sociales.

  

Uso de herramientas de IA aplicadas a diseño.

 **PLUS (DESEABLE)**

  

Experiencia en giro restaurantero.  

Conocimiento en motion graphics o animación básica. Conocimiento en fotografía.

 **Sueldo mensual:** $15,000\.00 MXN

  

Seguro médico de gastos médicos mayores y menores

  

Tipo de puesto: Tiempo completo

  

Modalidad: Presencial

 **Nivel de educación deseada:**  

Superior \- titulado


**Nivel de experiencia deseada:**  

Nivel Experto


**Función departamental:**  

Turismo / Hotelería


**Industria:**  

Restaurantes

  

  

*Esta vacante viene de la bolsa de empleo Talenteca.com:*  

*https://www.talenteca.com/anuncio?j\_id\=69e7ffc85300003200e7d002\&source\=indeed*"
responsable de marca editorial,Mexico,indeed,Diseñador Gráfico,Global Media International Services,"Puebla, PUE, MX",2026-04-20,,,,https://mx.indeed.com/viewjob?jk=a2f054fea0ae6cd7,"**Vacante: Diseñador Gráfico**   
Ubicación: Puebla, Pue.  
Modalidad: Presencial  
Horario: lunes a viernes 8:00 am a 6:00 pm  
Tipo de contrato: Tiempo completo

Diseñar, maquetar y producir materiales gráficos para revistas, campañas publicitarias y medios digitales, garantizando la calidad visual, coherencia de marca y estilo editorial.

El diseñador gráfico editorial es responsable de transformar los contenidos periodísticos y comerciales en piezas visualmente atractivas, modernas y alineadas a la identidad del medio.

Responsabilidades

* Diseñar y maquetar las ediciones impresas y digitales de la revista y especiales editoriales.
* Desarrollar conceptos gráficos y creativos para campañas, portadas, secciones y proyectos de comunicación visual.
* Adaptar materiales a diversos formatos (web, redes sociales, banners, presentaciones, etc.).
* Colaborar con las áreas editorial, digital y comercial para el desarrollo de proyectos integrados.
* Proponer innovaciones gráficas que mejoren la experiencia visual de los lectores y clientes.
* Aplicar retículas editoriales, jerarquía visual y criterios de composición en artículos, reportajes y entrevistas.
* Diseñar portadas de revista con enfoque editorial y comercial.
* Integrar fotografía, tipografía y elementos gráficos para lograr narrativas visuales atractivas.
* Preparar archivos finales para impresión profesional (preprensa, perfiles de color, sangrados y exportación correcta).
* Mantener consistencia en la línea gráfica y estilo editorial de cada edición.

Perfil y características para diseño de revista editorial

* Experiencia en **diseño y maquetación de revistas impresas y digitales**.
* Dominio de **retículas editoriales, estilos de párrafo y composición tipográfica avanzada**.
* Capacidad para estructurar **artículos largos, reportajes, entrevistas y secciones especiales**.
* Criterio visual para **equilibrio entre texto, fotografía e infografía**.
* Conocimiento en **diseño editorial contemporáneo y tendencias en medios de negocios o lifestyle**.
* Experiencia trabajando con **cierres de edición (deadlines editoriales)**.
* Capacidad para desarrollar **propuestas visuales para números especiales o suplementos**.
* Atención al detalle y enfoque en calidad editorial.

Indispensable

* Excelente ortografía, comprensión lectora y proactividad.

Estudios mínimos

Licenciatura en Diseño Gráfico, Comunicación Visual o afines.

Experiencia mínima

2 años en medios editoriales, agencias de publicidad o diseño corporativo.

Dominio de herramientas

* Adobe InDesign
* Illustrator
* Photoshop
* Acrobat Pro
* Canva

Deseable

* Experiencia en medios editoriales.
* Nociones de diseño digital y adaptaciones para redes o web.
* Conocimiento básico en edición de video.
* Experiencia en diseño de **infografías editoriales**.

Tipo de puesto: Tiempo completo, Por tiempo indeterminado

Sueldo: $7,134\.06 \- $12,795\.02 al mes

Beneficios:

* Opción a contrato indefinido

Lugar de trabajo: Empleo presencial"
coordinadora de contenidos creativo,Mexico,indeed,Coordinador de Mercadotecnia,PETCLUB MX,"Anexa 20 de Noviembre, BCN, MX",2026-04-20,,,,https://mx.indeed.com/viewjob?jk=7b1679f26d38393e,"Coordinador de Mercadotecnia

Ubicación: Tijuana, B.C.  
Horario: 8:00 a 6:00 PM

Objetivo del puesto

Crear contenido atractivo y ejecutar estrategias digitales que generen **clientes reales.**

Responsabilidades: Producción de contenido

* Grabar contenido en sucursal (perros, clientes, staff)
* Editar
* Reels
* TikToks
* Stories
* Diseñar **carruseles (diseño \+ copy)**
* Documentar el día a día del negocio

Redes sociales

* Manejo de redes sociales (TikTok, Instagram, Facebook)
* Publicación constante de contenido
* Identificación y adaptación de **tendencias actuales**
* Generación continua de ideas (no contenido genérico)

Marketing \& Estrategia

* Creación de **planes de contenido mensual**
* Diseño y ejecución de campañas (promociones, eventos, aperturas)
* Enfoque en embudo:
* atraer → enganchar → convertir
* Análisis de métricas y mejora continua

Publicidad digital

* Gestión de campañas en:
* **Instagram / Facebook Ads**
* **Google Ads (básico/intermedio)**
* Generación de leads (WhatsApp)
* Optimización básica de campañas:
* segmentación
* presupuesto
* creativos
* Copywriting
* Redacción de captions atractivos (tono moderno, no cursi)
* Creación de hooks (ganchos)
* Llamados a la acción claros (CTA)

Requisitos obligatorios

* **Licenciatura terminada en:** Mercadotecnia, Diseño Gráfico, Comunicación / Audiovisua o carrera afín
* **Experiencia mínima de 2 años en:**
* Edición de video (CapCut, Premiere o similar)
* Manejo de redes sociales para marcas
* Diseño de contenido (carruseles, posts)
* Creación de contenido tipo reels / TikTok
* Ejecución de estrategias de marketing digital
* **Conocimiento en:**
* Tendencias actuales en redes sociales
* Algoritmo de Instagram / TikTok
* Meta Ads (Facebook / Instagram)
* Google Ads (nivel básico/intermedio)

Habilidades clave

* Creatividad con enfoque en resultados (ventas, no solo estética)
* Proactividad (proponer ideas constantemente)
* Rapidez de ejecución
* Sentido común alto
* Excelente ortografía
* Capacidad de resolver sin supervisión constante

Perfil ideal

* **Gusto por convivir con perros de todas las razas (OBLIGATORIO)**
* Cómodo grabando contenido en un ambiente dinámico con múltiples perros
* Estilo moderno, fresco (alineado a marca PetClub)
* Energía alta y actitud resolutiva

Plus (deseable)

* Experiencia apareciendo en cámara
* Experiencia con marcas lifestyle o mascotas
* Experiencia comprobable generando ventas desde redes sociales

Sueldo

Acorde a experiencia

Postulación

Enviar:

* CV
* Portafolio (contenido, redes o proyectos previos)

Tipo de puesto: Tiempo completo

Sueldo: $2,500\.00 \- $3,500\.00 a la semana

Lugar de trabajo: Empleo presencial"
diseño editorial remoto,Mexico,indeed,Diseñador Sr (Dir Arte / audiovisual / fotografía9,Lemon Talent Lab,"Chapultepec, MEX, MX",2026-04-20,,,,https://mx.indeed.com/viewjob?jk=45fcfa3d57b5b8af,"**Descripción**  
Buscamos Diseñador(a) Senior con sólida base en diseño, enfocado(a) en **fotografía, dirección de arte y audiovisual**, para desarrollar proyectos visuales desde el concepto hasta la ejecución.

**Responsabilidades**

* Liderar proyectos visuales
* Desarrollar sistemas gráficos y piezas de alto nivel estético
* Participar en la dirección conceptual y visual
* Traducir ideas en soluciones claras y bien ejecutadas
* Mantener altos estándares de calidad

**Requisitos**

* 3 a 5\+ años de experiencia
* Formación en diseño
* Experiencia en branding, editorial y tipografía
* Experiencia en fotografía y contenido audiovisual
* Inglés avanzado (deseable)

Zona de trabajo: Chapultepec (híbrido)

Favor de mandar portafolio

Sueldo: $25,000\.00 \- $45,000\.00 al mes

Lugar de trabajo: remoto híbrido en Chapultepec, Méx."
coordinadora de contenidos creativo,Mexico,indeed,Coordinador de Marketing Digital,MERAKI,"La Fama, NLE, MX",2026-04-20,,,,https://mx.indeed.com/viewjob?jk=93495dea954df910,"**COORDINADOR DE MARKETING DIGITAL**

***Requisitos:***

* Licenciatura en marketing, comunicación, publicidad o a fin
* Conocimiento en plataformas de redes sociales y elaboración de campañas,
* Experiencia mínima de 2 a 3 años en marketing digital
* Meta Business Suite, Creator Studio, TikTok Business, Mailchimp y Metricool.
* Conocimientos básicos en herramientas de diseño

***Responsabilidades principales***

* Creación de contenido para redes sociales (imagen, video )
* Apoyo en el posicionamiento de marcas en redes sociales y Google.
* Ejecución de tareas complementarias asignadas por la gerencia, según las necesidades del área.
* Llevar a cabo la creacion de contenido para varias cuentas empresariales.

***Requisitos indispensables***

* Experiencia en creación de diseños, videos y contenido para redes sociales.
* Manejo de herramientas de diseño y edición de **producción rápida**
* Capacidad para **trabajar libremente de manera creativa en base a resultados** y optimizar tiempos de entrega
* Experiencia en **video marketing**, enfocada a generar contenido que venda y capte atención (no solo estético).
* Experiencia en **toma y edición de fotografías**

***ACTIVDADES PRINCIPALES:***

\- Crear y administrar el calendario editorial semanal y mensual.

\- Generar contenido visual y escrito (fotos, videos, posts, stories, reels).

\- Monitorear interacciones, responder mensajes y canalizar prospectos.

\- Analizar métricas de crecimiento, engagement y efectividad de contenidos.

\- Administrar campañas pagadas en Meta Ads y Google Ads orientadas a generación de leads

***DIRECCION:*** Av. 2 de Octubre 104 B, La Fama, 66210 Cdad. Santa Catarina, N.L.

***UBICACION:*** https://maps.app.goo.gl/zCn9mRWjwF2z8qH9A

**Ofrecemos:**

* Sueldo semanal $5,000\.00
* Contrato directo con la empresa
* Prestaciones de ley
* Horario lunes a viernes de 8:00 a 6:30 pm

***INTERESADOS POSTULARSE CON PORTAFOLIO ADJUNTO***

**No se tomará en cuenta postulaciones sin portafolio\*\*\***

Tipo de puesto: Tiempo completo

Tipo de puesto: Tiempo completo

Sueldo: $20,000\.00 al mes

Lugar de trabajo: Empleo presencial"
responsable de marca editorial,Mexico,indeed,Diseñador Gráfico,Consultoría en Bienestar Empresarial,"Tres Marías, MIC, MX",2026-04-17,,,,https://mx.indeed.com/viewjob?jk=b4bb86bd33e14123,"**DISEÑADOR GRÁFICO**

El Diseñador Gráfico forma parte del equipo creativo y es responsable de conceptualizar, desarrollar y producir piezas visuales para distintos canales y formatos: digital, retail, empaque y punto de venta. Trabaja en colaboración directa con el Jefe de Diseño y el Gerente Creativo, garantizando que cada entrega cumpla con los lineamientos de identidad de marca, los tiempos acordados y los más altos estándares de calidad gráfica.

**Formación y Experiencia**

* Licenciatura en Diseño Gráfico, Diseño de Comunicación Visual, Artes Visuales o carrera afín.
* Mínimo 2 años de experiencia en posiciones similares: áreas creativas, agencias de publicidad/diseño o departamentos de marketing.
* Experiencia comprobable en producción para múltiples canales: digital, impreso, retail y empaque.
* Manejo de proyectos con alto volumen de producción y tiempos ajustados.
* Se valoran estudios complementarios en Branding, Motion Graphics, UX/UI o Diseño Editorial.

**Herramientas Técnicas (Indispensable)**

* Dominio avanzado de Adobe Creative Suite: Illustrator, Photoshop e InDesign.
* Conocimiento de estándares de producción para impresión y medios digitales.
* Experiencia en gestión de archivos en entornos colaborativos (Google Drive, Dropbox, servidor compartido o similares).
* Deseable: conocimientos de After Effects, Figma o herramientas de prototipado
* Portafolio actualizado que evidencie versatilidad, criterio estético y dominio técnico (requerido para aplicar).

**Competencias Clave**

* Atención al detalle y orientación a la calidad.
* Gestión eficiente del tiempo y prioridades bajo presión.
* Capacidad de escucha activa y apertura al feedback.
* Comunicación asertiva y trabajo en equipo.
* Proactividad y mentalidad de mejora continua.
* Criterio tipográfico sólido y dominio del color.

Tipo de puesto: Tiempo completo

Sueldo: $15,000\.00 \- $20,000\.00 al mes

Beneficios:

* Uniformes gratuitos

Lugar de trabajo: Empleo presencial"
responsable de contenidos remoto,Spain,indeed,Junior Public Health Researcher,ISGLOBAL,"Barcelona, CT, ES",2026-04-17,,,,https://es.indeed.com/viewjob?jk=e5a94af409d1897f,"ISGlobal (Instituto de Salud Global Barcelona) es un instituto de referencia que aborda los desafíos de la salud pública global mediante la investigación, la transferencia a políticas públicas y la educación. ISGlobal cuenta con una amplia cartera en enfermedades transmisibles y no transmisibles, incluyendo determinantes ambientales y climáticos, y aplica un enfoque científico multidisciplinar que abarca desde el nivel molecular hasta el poblacional. La investigación se organiza en cinco programas: Clima, Contaminación del Aire, Naturaleza y Salud Urbana; Medio Ambiente y Salud a lo Largo del Curso de Vida; Infecciones Virales y Bacterianas Globales; Malaria y Enfermedades Parasitarias Desatendidas; y Salud Materna, Infantil y Reproductiva. ISGlobal cuenta con la acreditación Severo Ochoa, un sello de excelencia otorgado por el Ministerio de Ciencia de España.

### **QUE ESTAMOS BUSCANDO**


ISGlobal busca un/a Junior Public Health Researcher altamente motivado/a para coordinar la implementación del estudio de coste\-efectividad. El candidato ideal debe tener interés en la investigación biomédica de enfermedades infecciosas, salud materna y desarrollo global.

### **PRINCIPALES RESPONSABILIDADES**

* Protocolo y Planificación: Desarrollar el protocolo del estudio de coste\-efectividad y el plan de trabajo en colaboración con los socios del consorcio.
* Gestión de Datos: Desarrollar procedimientos para la recogida de datos y asegurar la calidad del análisis para informes y publicaciones científicas.
* Coordinación y Supervisión: Supervisar de forma remota a los puntos focales de datos en cada país (Mozambique, Togo y Sierra Leona) y coordinar actividades de formación.
* Trabajo de Campo: Viajar a los sitios del proyecto según el plan de trabajo para supervisar la recogida de datos y asesorar técnicamente.
* Comunicación: Coordinar reuniones, teleconferencias y preparar actas.
* Redacción Científica: Apoyar en la escritura científica de manuscritos derivados de la investigación y preparar informes para la EDCTP.

**TAREAS AUXILIARES**


Esta descripción de puesto refleja los requerimientos actuales del mismo, pero puede evolucionar en cualquier momento en el futuro a medida que cambien y/o se desarrollen las funciones y responsabilidades, siempre que se realice la debida consulta con la persona titular del puesto.


Esta descripción de puesto no constituye una lista definitiva o exhaustiva de responsabilidades, sino que identifica las responsabilidades y tareas clave del/de la titular del puesto. Los objetivos específicos del/de la titular del puesto estarán sujetos a revisión como parte del proceso de evaluación profesional individual.

### **HABILIDADES**

* Autonomía: Persona proactiva capaz de trabajar de forma independiente conociendo sus propios límites.
* Adaptabilidad: Flexibilidad para adaptarse a nuevos entornos y métodos de trabajo, manteniendo una actitud positiva ante el cambio.
* Comunicación: Excelentes habilidades de comunicación escrita y verbal para elaborar informes técnicos de alta calidad.
* Gestión: Capacidad para diseñar actividades, alcanzar hitos y cumplir con los plazos establecidos.


La persona titular del puesto deberá adherirse a los principios de ISGlobal contenidos en la política de gestión de personas, incluyendo equidad, diversidad y seguridad en el trabajo. Asimismo, será responsable de cumplir con las políticas y procedimientos de ISGlobal.

### **FORMACION Y EXPERIENCIA / CUALIFICACIONES**

* Formación: Grado (ej. ciencias sociales, economía) y estudios de Máster o Doctorado en ciencias sociales (economía u otros temas relacionados).
* Al menos 1 año de experiencia previa en investigación socioeconómica o trabajo relacionado.
* Experiencia demostrada en análisis de coste\-efectividad.
* Formación y experiencia en métodos cuantitativos.

### **IDIOMAS**

* Inglés: Nivel avanzado (requerido).
* Francés y/o Portugués: Conocimiento de trabajo (nivel intermedio) es deseable.
* Catalán y/o Castellano: Es un valor añadido (plus)

### **CONDICIONES**

* Duración: 8 meses
* Fecha de inicio: Mayo de 2026
* Tipo de contrato: Full time
* Salario: Acorde a las escalas salariales internas de ISGlobal

### **CÓMO APLICAR**


Las personas interesadas deben completar el formulario de solicitud y adjuntar su CV y una carta de motivación. Cada documento adjunto debe nombrarse con el nombre y apellido del/de la candidato/a.


La recepción de candidaturas estará abierta hasta el 1 de mayo de 2026\.


Las entrevistas podrán realizarse durante el período de recepción de candidaturas.  

  

Se fomenta la presentación de candidaturas diversas, incluyendo diversidad de género, raza, etnia, religión, edad, orientación sexual, capacidades físicas y opiniones políticas.

### **PROCESO DE SELECCIÓN**


El proceso de selección consta de dos fases:


1\- Entrevista técnica con el equipo que requiere la incorporación, para evaluar las competencias y el CV de la persona candidata.  

2\- Reunión con RR. HH. con la(s) persona(s) finalista(s) para finalizar la evaluación del perfil y tratar cuestiones contractuales e institucionales.


Si fuera necesario, podrá realizarse alguna prueba técnica. Para los puestos estructurales o transversales será obligatoria la Evaluación Psicológica de Competencias.


De acuerdo con los principios OTM\-R, para cada vacante se constituye un comité de selección equilibrado en género al inicio del proceso. Tras la revisión de las candidaturas, el comité iniciará las entrevistas, que incluirán al menos una entrevista técnica y una administrativa. Durante el proceso se podrá solicitar un cuestionario de perfil y/o una prueba técnica.  

  

*En ISGlobal estamos comprometidos con mantener y desarrollar un entorno laboral en el que se respeten los valores y principios de nuestra organización, y en promover la igualdad de oportunidades entre mujeres y hombres en todas las áreas en las que operamos, sin tolerar ningún tipo de discriminación por motivos de edad, género, estado civil, raza, etnia, diversidad funcional, ideología política, religión, orientación sexual, identidad o expresión de género.*  

  

*Confirmamos nuestro compromiso con el valor de la diversidad de nuestro personal y de nuestra comunidad estudiantil, promoviendo la paz, la equidad, la diversidad y la inclusión como elementos esenciales para contribuir a la mejora de la salud a nivel mundial.*"
coordinadora de contenidos creativo,Mexico,indeed,Coordinador de Promoción,Instituto Altazor,"Revolución, BCN, MX",2026-04-17,,,,https://mx.indeed.com/viewjob?jk=39668027cb83a9eb,"**¿Quiénes somos?**

En INSTITUTO ALTAZOR creemos en la educación como una experiencia creativa, crítica y profundamente humana. Fomentamos el arte, la cultura, la innovación y el pensamiento contemporáneo como ejes de formación. Buscamos personas que conecten genuinamente con esta visión y quieran construir comunidad.

**Propósito del puesto**

Diseñar y ejecutar estrategias de vinculación y promoción que fortalezcan nuestra identidad institucional, generen alianzas estratégicas y aseguren el cumplimiento de las metas de inscripción, siempre desde una comunicación auténtica y alineada a nuestros valores.

**Perfil que buscamos**

* Licenciatura en Marketing, Comunicación, Relaciones Públicas o carrera afín.
* Persona organizada, proactiva y con sensibilidad artística y social.
* Interés genuino por la educación, la cultura y el trabajo comunitario.
* Capacidad para trabajar con objetivos claros sin perder el enfoque humano.

**Habilidades clave**

* Excelente comunicación oral y escrita
* Planeación estratégica y enfoque a resultados
* Creatividad aplicada a la promoción educativa
* Capacidad de organización y seguimiento
* Trabajo en equipo y actitud colaborativa
* Habilidad para generar relaciones de confianza con distintos públicos

**Conocimientos técnicos deseables**

* Diseño e implementación de estrategias de marketing educativo
* Manejo de CRM para seguimiento de prospectos
* Gestión de redes sociales institucionales
* Deseable: fotografía, diseño gráfico y creación de contenido
* Uso de herramientas digitales para promoción y análisis de resultados

**Principales responsabilidades**

* Diseñar y ejecutar el plan semestral de vinculación y promoción institucional.
* Asegurar el cumplimiento de las metas de captación e inscripción de alumnos.
* Captar nuevos prospectos y dar seguimiento cercano durante todo el proceso de admisión.
* Coordinar acciones de vinculación con instituciones públicas y privadas para generar alianzas que beneficien a la comunidad estudiantil.
* Gestionar las redes sociales institucionales cuidando la identidad y el tono de Altazor.
* Planear, coordinar y ejecutar eventos culturales, artísticos y deportivos como espacios de encuentro, promoción y comunidad.
* Dar seguimiento a resultados y proponer mejoras continuas.

**Horario**

Lunes a viernes, de 7:00 a.m. a 4:00 p.m. (posible apoyo algunos sábados)

Tipo de puesto: Tiempo completo

Lugar de trabajo: Empleo presencial

Sueldo: $18,000\.00 \- $19,000\.00 al mes

Beneficios:

* Aumentos salariales
* Opción a contrato indefinido

Lugar de trabajo: Empleo presencial"
coordinadora de contenidos creativo,Mexico,indeed,Especialista estratégia digital,Ientc,"Querétaro, QUE, MX",2026-04-17,,,,https://mx.indeed.com/viewjob?jk=1cf5f6f462281b98,"**FUNCIONES Y RESPONSABILIDADES:**

* Ejecutar y optimizar campañas de pauta digital en Google, Meta, LinkedIn y otras plataformas, alineadas a los KPIs y lineamientos de la estrategia digital.
* Monitorear y analizar de forma continua el desempeño de campañas y canales, implementando mejoras en segmentación, creatividades, puja y presupuesto con base en datos.
* Gestionar la ejecución del calendario de contenidos en redes sociales, coordinando con el equipo creativo la producción de piezas alineadas a los objetivos de comunicación.
* Generar reportes periódicos de desempeño de canales digitales (pauta, redes, sitio web y email), identificando insights, oportunidades de optimización y presentar hallazgos al Coordinador con recomendaciones concretas.
* Administrar el sitio web, asegurando la actualización de contenidos, la correcta implementación de prácticas básicas de SEO y el seguimiento de métricas clave.

**ESPECIFICACIONES DEL PUESTO:**

**FORMACIÓN ACÁDEMICA:**

* Licenciatura en Mercadotecnia, Comunicación, Publicidad o carrera afín — titulado.

**EXPERIENCIA:**

* 2\+ años de experiencia en ejecución de campañas de marketing digital: pauta, redes sociales, email marketing y analítica.
* Experiencia en gestión de campañas de pauta en Google Ads y Meta Ads con optimización basada en datos.

**CONOCIMIENTOS TÉCNICOS:**

* Gestión de campañas de pauta digital: Google Ads (Search, Display), Meta Ads y LinkedIn Ads. › Community management y estrategia de contenidos en redes sociales.
* Email marketing: segmentación, flujos de automatización y métricas de entregabilidad.
* Analítica web: Google Analytics 4, métricas de tráfico, conversión y comportamiento.
* SEO básico: optimización on\-page, keywords y estructura de contenidos.
* Briefing de activos digitales: especificaciones de formato y tamaño por plataforma.
* Inglés — lectura de plataformas, documentación técnica y comunicación básica.


**COMPETENCIAS CLAVE:**

* Persistencia y orientación a resultados.
* Disciplina operativa y registro sistemático."
coordinadora de contenidos creativo,Mexico,indeed,COORDINADOR(A) SENIOR DE MARKETING,MEZCAL 7 DESEOS,"Reserva Territorial Atlixcayotl, PUE, MX",2026-04-16,,,,https://mx.indeed.com/viewjob?jk=c724d2728b3255b1,"**Descripción del puesto**

Buscamos un(a) Coordinador(a) de Marketing responsable de planificar, coordinar y ejecutar las estrategias de marketing, comunicación y posicionamiento de la marca, asegurando la correcta implementación de campañas, materiales, activaciones y contenidos en todos los canales.

La posición requiere una persona altamente organizada, resolutiva y con capacidad para coordinar proveedores, agencias externas y equipos internos, supervisando la producción de materiales, contenido y experiencias de marca, así como el cumplimiento de lineamientos visuales y objetivos comerciales.

Este rol combina funciones estratégicas, operativas y administrativas, con fuerte enfoque en ejecución, seguimiento y control.

***Responsabilidades principales***

**Planeación estratégica y campañas de marketing**

* Desarrollar y ejecutar estrategias de marketing por temporada (temporada alta, baja, eventos, campañas comerciales, lanzamientos, etc.)
* Planificar campañas promocionales alineadas a objetivos comerciales y de posicionamiento
* Elaborar calendarios de marketing y comunicación
* Coordinar campañas comerciales, institucionales y promocionales
* Analizar resultados y desempeño de campañas
* Proponer mejoras y ajustes a estrategias de marketing

**Coordinación de agencias y outsourcing creativo**

* Coordinar agencias externas de marketing y comunicación
* Supervisar outsourcing de diseño gráfico
* Gestionar relación con agencias de contenido digital y redes sociales
* Revisar y aprobar propuestas creativas y piezas gráficas
* Asegurar cumplimiento de lineamientos de marca
* Coordinar la programación de contenido en redes sociales
* Revisar y aprobar escaletas semanales de contenido
* Dar seguimiento a publicaciones y campañas digitales
* Supervisar cumplimiento de calendario de contenidos

**Gestión de contenido y redes sociales**

* Coordinar la planeación mensual y semanal de contenido
* Aprobar contenido visual y copys antes de publicación
* Supervisar coherencia de comunicación en redes sociales
* Dar seguimiento a desempeño de contenido y campañas digitales
* Coordinar producción de contenido visual y audiovisual
* Asegurar alineación del contenido con objetivos comerciales

**Producción audiovisual y shootings**

* Coordinar sesiones fotográficas y de video
* Gestionar proveedores y equipo audiovisual
* Coordinar logística de producción (locaciones, materiales, productos, talento, etc.)
* Supervisar ejecución de shootings
* Revisar entregables de material visual
* Asegurar disponibilidad de contenido para campañas y comunicación

**Material interno y comunicación organizacional**

* Desarrollar materiales internos de comunicación
* Generar presentaciones comerciales y corporativas
* Coordinar materiales para capacitaciones y equipos de ventas
* Gestionar apoyos visuales para eventos y presentaciones
* Asegurar correcta aplicación de identidad de marca

**Desarrollo y gestión de materiales de marketing**

* Coordinar diseño y producción de materiales promocionales
* Gestionar desarrollo de material POP
* Supervisar impresión y producción de materiales visuales
* Controlar inventario de materiales promocionales
* Coordinar distribución de materiales a puntos de venta
* Asegurar disponibilidad de materiales para activaciones

Ejemplos de materiales:

* Displays
* Banners
* Stands
* Material POP
* Señalización
* Merchandising
* Material promocional
* Material para ferias y eventos

**Desarrollo y gestión de empaques y etiquetas**

* Coordinar desarrollo y actualización de empaques y etiquetas
* Gestionar ajustes de diseño y especificaciones técnicas
* Coordinar pruebas de impresión
* Dar seguimiento a proveedores de packaging
* Supervisar producción de empaques
* Asegurar cumplimiento de lineamientos regulatorios
* Apoyar en el lanzamiento de nuevos productos

**Activaciones de marca y eventos**

* Planificar y coordinar activaciones de marca
* Gestionar logística de eventos y experiencias de marca
* Coordinar montaje y materiales
* Supervisar ejecución de activaciones
* Coordinar degustaciones y eventos promocionales
* Gestionar presencia de marca en ferias y exposiciones
* Coordinar personal involucrado en eventos

**Gestión y desarrollo de proveedores**

* Identificar y desarrollar proveedores estratégicos
* Solicitar y comparar cotizaciones
* Negociar costos y condiciones
* Dar seguimiento a producción y entregas
* Evaluar desempeño de proveedores
* Mantener base actualizada de proveedores y contactos

**Relación con áreas comerciales y canales de venta**

* Coordinar materiales y apoyos para distribuidores
* Gestionar solicitudes comerciales
* Apoyar en la apertura de nuevos mercados
* Coordinar acciones de marketing con equipos de ventas
* Asegurar disponibilidad de materiales en el canal

**Administración y control operativo**

* Solicitar y gestionar cotizaciones
* Administrar presupuestos de marketing
* Controlar gastos y seguimiento financiero de proyectos
* Elaborar reportes de actividades
* Dar seguimiento a tiempos de entrega
* Organizar documentación y archivos de proyectos

**Requisitos**

* Licenciatura en Marketing, Comunicación, Publicidad, Diseño o afín
* Experiencia mínima de **5 años** en coordinación de Marketing
* Experiencia coordinando agencias o proveedores externos
* Experiencia en producción de materiales y campañas
* Experiencia en activaciones, eventos o marketing operativo
* Experiencia en manejo de múltiples proyectos simultáneamente
* Capacidad de organización y seguimiento
* Habilidad para negociar y resolver problemas

**Competencias clave**

* Organización y planeación
* Gestión de proyectos
* Comunicación efectiva
* Atención al detalle
* Sentido de urgencia
* Resolución de problemas
* Capacidad de coordinación
* Enfoque en ejecución

**Herramientas y conocimientos deseables**

* CRM
* Meta Ads / Google Ads
* Excel / Google Sheets
* PowerPoint
* Illustrator / Photoshop
* Gestión de proyectos
* Producción de materiales impresos
* Branding y comunicación visual
* Coordinación de agencias
* Worspace de Google
* Inglés avanzado

**Requisitos de contratación**

* Disponibilidad para integrarse de manera inmediata o en el corto plazo
* Disponibilidad para trabajar bajo esquema inicial por **honorarios profesionales**
* Capacidad para **emitir facturas** por servicios profesionales (indispensable)
* Disposición para un **periodo de prueba de 3 meses**, durante el cual se evaluará el desempeño, cumplimiento de responsabilidades y adaptación al puesto
* Compromiso con la ejecución de actividades operativas y administrativas del área de marketing
* Disponibilidad para trabajo presencial y, cuando sea necesario, actividades fuera de oficina (eventos, activaciones, visitas a proveedores, etc.)

Sueldo: $17,000\.00 \- $20,000\.00 al mes

Lugar de trabajo: Empleo presencial"
coordinadora de contenidos creativo,Mexico,indeed,Productor de Contenido - Coordinador de Producción,WorkBox,"Miguel Hidalgo, DIF, MX",2026-04-16,,,,https://mx.indeed.com/viewjob?jk=abecaad55790d28e,"**Workbox busca Productor de Contenido \- Coordinador de Producción en Polanco \- Miguel Hidalgo, Ciudad de México**
--------------------------------------------------------------------------------------------------------------------

 **Productor(a) de Contenido / Coordinador(a) de Producción (100% Campo)**  

**Ubicación:**Polanco, CDMX  

**Modalidad:**Tiempo completo

 **Sobre el puesto**  

Buscamos a una persona altamente resolutiva, organizada y enfocada en la ejecución, capaz de transformar ideas creativas en producciones reales, eficientes y sin fricción.

  

Esta posición es**100% operativa en campo**, por lo que requiere disponibilidad total para desplazarse constantemente en la ciudad, gestionando todos los elementos necesarios para cada grabación. La misión del rol es asegurar que todo esté listo antes del inicio de cada producción, garantizando procesos fluidos y sin imprevistos.

 **Responsabilidades principales**

  

* Traducir ideas en**planes de producción claros y ejecutables**
* Gestionar en campo**locaciones, permisos y logística de grabación**
* Conseguir**props, equipo técnico, talento y recursos necesarios**directamente en sitio
* Coordinar**proveedores, tiempos y personal operativo**
* Anticipar y resolver**problemas logísticos en tiempo real**
* Asegurar que todo esté listo antes del inicio del rodaje
* Supervisar la ejecución para garantizar el cumplimiento del plan

 **Perfil requerido**

  

* Experiencia mínima de 2 años en**producción, logística o ejecución de proyectos**
* Perfil altamente**resolutivo, proactivo y orientado a resultados**
* Experiencia trabajando en**campo y bajo presión**
* Capacidad de**gestión simultánea de múltiples tareas operativas**
* Habilidad para**toma de decisiones rápidas**
* Excelente**comunicación y coordinación**
* Alto nivel de**organización y atención al detalle**

 **Ofrecemos**

  

* Sueldo mensual:**$20,000 $30,000 MXN netos**(según experiencia)
* **Prestaciones de ley**
* Participación en proyectos dinámicos de producción de contenido
* Entorno de trabajo enfocado en ejecución, agilidad y resultados

  

Si tienes experiencia en producción en campo y sabes cómo resolver sobre la marcha, esta posición es para ti.

 **Nivel de educación deseada:**  

Superior \- titulado


**Nivel de experiencia deseada:**  

Nivel Medio


**Función departamental:**  

Marketing / RRPP / Comunicación


**Industria:**  

Marketing

  

  

*Esta vacante viene de la bolsa de empleo Talenteca.com:*  

*https://www.talenteca.com/anuncio?j\_id\=69e1288d5b000039004d04ad\&source\=indeed*"
coordinadora de contenidos creativo,Mexico,indeed,Coordinadora de Mercadotecnia,DELCHI DEL NORTE SA DE CV,"Haciendas del Valle I, CHH, MX",2026-04-16,,,,https://mx.indeed.com/viewjob?jk=78564cee0011b0d4,"**Objetivo del puesto:**

Coordinar la planeación, conceptualización y ejecución de eventos, activaciones y proyectos estratégicos, así como el desarrollo de contenido creativo, asegurando experiencias alineadas a la marca.

**Responsabilidades:**

Planeación y ejecución de eventos y activaciones

Desarrollo de cronogramas, planes operativos y checklists

Coordinación de proveedores, cotizaciones y presupuestos

Gestión de permisos para eventos

Supervisión de montaje, ejecución y desmontaje

Coordinación en sitio y resolución de imprevistos

Generación de contenido durante eventos

Comunicación con clientes y partes interesadas

Documentación de resultados y propuestas de mejora

**Requisitos:**

Licenciatura en Marketing, Comunicación, Diseño, Producción de Eventos o afín

2 a 4 años de experiencia en eventos, marketing o producción creativa

**Conocimientos clave:**

Planeación de eventos y branding

Gestión de presupuestos

Tendencias en diseño y experiencias

Excel / Google Sheets

Canva y presentaciones ejecutivas

**Habilidades:**

Organización y seguimiento

Creatividad y criterio estético

Excelente redacción

Negociación con proveedores

Resolución de problemas

Trabajo en equipo

Tipo de puesto: Tiempo completo, Por tiempo indeterminado

Sueldo: $18,000\.00 \- $20,000\.00 al mes

Beneficios:

* Opción a contrato indefinido

Escolaridad:

* Licenciatura terminada (Deseable)

Idioma:

* Inglés (Deseable)

Lugar de trabajo: Empleo presencial"
coordinadora de contenidos creativo,Mexico,indeed,Coordinador de Marketing,Avances Técnicos en Informática,"Verde Valle, JAL, MX",2026-04-15,,,,https://mx.indeed.com/viewjob?jk=9e1bff2e1f2c38b3,"**¿Eres un apasionado de la estrategia digital y la creación de contenido con enfoque en negocios?**

**Avances Técnicos en Informática** busca un **Coordinador de Marketing** en Guadalajara para integrarse a nuestro equipo comercial. Si tienes habilidad para transformar ideas en campañas de impacto y te motiva el entorno tecnológico, esta es tu oportunidad para crecer profesionalmente.

**Tu impacto en la organización**

Como Coordinador de Marketing, serás el motor creativo y ejecutivo de nuestra presencia digital:

* **Gestión de Ecosistema Digital:** Administrarás redes sociales (LinkedIn como eje clave), calendarización y ejecución de contenidos.
* **Creación de Contenido de Valor:** Desarrollarás material visual y copies estratégicos utilizando herramientas como Canva y CapCut.
* **Impulso de Campañas:** Apoyarás en campañas digitales en Meta Ads y Google Analytics, gestionando métricas de alcance, engagement y generación de leads.
* **Colaboración Estratégica:** Trabajarás de la mano con el área comercial y dirección para alinear contenidos, eventos y campañas con los objetivos de negocio.

**Lo que esta posición te ofrece**

* **Compensación Atractiva:** Salario mensual de $12,000 más bonos por cumplimiento de KPIs.
* Prestaciones superiores a las de Ley

**Perfil del candidato ideal**

* **Formación:** Licenciatura terminada en Marketing, Comunicación, Diseño Gráfico, Publicidad o afines.
* **Experiencia:** Mínimo 1 año comprobable en manejo de redes sociales, creación de contenido y apoyo en campañas digitales.
* **Habilidades Técnicas:** Dominio de Canva, Meta Business Suite y herramientas de Google.
* **Habilidades Blandas:** Proactividad para proponer, organización para manejar múltiples tareas y una excelente comunicación clara.

**Detalles de la vacante**

* **Ubicación:** Guadalajara.
* **Horario:** Lunes a viernes de 8:00 a 18:00 hrs. y sábados **REMOTOS** de 09:00 a 14:00 hrs.
* **Tipo de empleo:** Tiempo completo con disponibilidad para viajar.

**¿Listo para llevar nuestro marketing al siguiente nivel?**

Envianos tu cv al: **3316000091**

Sueldo: A partir de $12,000\.00 al mes

Beneficios:

* Apoyo para estudios
* Descuento de empleados
* Descuentos y precios preferenciales
* Seguro de vida
* Teléfono de la empresa
* Vales de despensa

Lugar de trabajo: Empleo presencial"
coordinadora de contenidos creativo,Mexico,indeed,Marketing Digital y Creacion de Contenido,CP DIGITAL PRINTERS,"León, GUA, MX",2026-04-15,,,,https://mx.indeed.com/viewjob?jk=2c2f9a09b34d0767,"En **CP Digital Printers** estamos buscando a una persona creativa, organizada y orientada a resultados para integrarse a nuestro equipo como **Especialista en Marketing Digital y Creación de Contenido**.

Esta posición será responsable de la **creación de contenido digital** y del **apoyo en la gestión de campañas publicitarias**, trabajando de la mano con nuestro **Coordinador de Marketing Digital**, a quien reportará directamente.

Buscamos a alguien con iniciativa, buen criterio visual y capacidad de ejecutar ideas de principio a fin, con enfoque en generación de leads, posicionamiento de marca y apoyo al crecimiento comercial de la empresa.

Responsabilidades

* Crear contenido para redes sociales y plataformas digitales:
* Publicaciones
* Videos
* Reels
* Historias
* Contenido para YouTube
* Editar video e imágenes para campañas y contenido orgánico.

Apoyar en la planeación y ejecución de contenido para:

* Facebook
* Instagram
* TikTok
* YouTube
* Dar seguimiento operativo a campañas digitales.
* Colaborar con el Coordinador de Marketing Digital en campañas de:
* Meta Ads
* Google Ads
* YouTube Ads
* TikTok Ads
* Proponer ideas nuevas de contenido y mejoras en comunicación digital.
* Trabajar en conjunto con dirección y ventas para alinear el contenido a objetivos comerciales.
* Apoyar en el análisis de métricas y resultados de contenido y campañas.
* Mantener orden en calendarios, entregables, materiales y seguimiento de actividades.

**Perfil que buscamos**

Buscamos a alguien que:

* Piense siempre en objetivos, métricas y resultados.
* Proponga ideas nuevas y sepa ejecutarlas de principio a fin.
* Sea ordenado(a), responsable y le guste trabajar con datos.
* Disfrute trabajar en equipo con ventas y dirección.
* Tenga criterio visual, creatividad y buena comunicación.
* Sea proactivo(a) y con disposición para aprender y mejorar constantemente.

Requisitos

* Experiencia en creación de contenido digital y manejo de redes sociales.
* Conocimientos en:
* Meta Ads / Meta Business
* Google Ads
* YouTube Ads
* TikTok Ads
* Experiencia en edición de video e imágenes.
* Manejo de herramientas de diseño y edición.
* Conocimiento básico o intermedio en campañas digitales.
* Capacidad para coordinar varias tareas al mismo tiempo.
* Buena redacción y ortografía.
* Deseable experiencia en generación de contenido orientado a ventas o captación de clientes.

Ofrecemos

* Sueldo competitivo acorde a experiencia.
* Bonos o esquema variable ligado a resultados digitales (leads y ventas).
* Crecimiento dentro de un proyecto en expansión.
* Ambiente de trabajo retador, con autonomía para proponer y mejorar.
* Oportunidad de desarrollar campañas y contenido con impacto real en ventas.

Cómo postularte

Postúlate por este medio y comparte:

* CV actualizado
* Portafolio o ejemplos de contenido
* Enlaces a trabajos, redes o campañas en las que hayas participado

Tipo de puesto: Tiempo completo, Por tiempo indeterminado

Sueldo: $1\.00 \- $2\.00 al mes

Beneficios:

* Opción a contrato indefinido
* Teléfono de la empresa

Lugar de trabajo: Empleo presencial"
responsable de marca editorial,Mexico,indeed,EDITOR Y REDACTOR DE CONTENIDO,HUMAN / TONALI,"Benito Juárez, DIF, MX",2026-04-14,,,,https://mx.indeed.com/viewjob?jk=c89d5e7057419fa4,"En EA Editorial estamos buscando a una/un Editor y Redactor de contenido que nos aporte todo su talento y que sea responsable de crear y modificar el contenido escrito, asegurando la calidad, coherencia y estilo de acuerdo con los estándares establecidos por el cliente. Este rol implica la revisión meticulosa de textos, la corrección de errores gramaticales y ortográficos, así como la colaboración con escritores y otros miembros del equipo para garantizar la entrega oportuna de contenido de alta calidad.

Participa de manera activa en integración de ranking, investigaciones y proyectos de la empresa, es un plus si tienes conocimiento del medio político de México.

**FUNCIONES:**

* Cumplir con las políticas de contenido que defina el Comité Editorial.
* Realizar entrevistas a empresarios, licenciados en derecho, empresas nacionales e internacionales, funcionarios publicos.
* Colaborar con escritores y redactores para desarrollar y mejorar el estilo y tono del contenido.
* Asegurar que el contenido cumpla con los estándares de la empresa y las pautas editoriales.
* Gestionar el flujo de trabajo editorial, asignar tareas y establecer plazos.
* Realizar investigaciones adicionales cuando sea necesario para verificar la precisión de la información.
* Mantenerse actualizado sobre tendencias y cambios en el campo editorial.
* Proporcionar retroalimentación constructiva a los escritores para mejorar la calidad del contenido.
* Conocimientos básicos de fotografía.
* Colaborar con otros departamentos, como diseño y marketing, para asegurar la coherencia de la marca en todo el contenido.
* Realizar entrevistas con base en la línea editorial y de contenido definido por la empresa.
* Tener buena ortografía, sintaxis y redacción
* Investigar los antecedentes y trayectoria del entrevistado sea persona física o moral.
* Mantenerse informado al día de los hechos que puedan impactar los sectores y temas relacionados con el suplemento.
* Recabar la firma del cliente en la orden Editorial y envío de políticas del área respectiva.
* Relacionarse de una manera eficaz y adecuada con los clientes, así como tener seguridad en su persona.

**REQUISITOS:**

* Egresado de la carrera de Comunicación, periodismo o redacción
* Genero indistinto
* Que sepa trasladarse en la CDMX
* Experiencia en medios impresos (1 año)
* Bienvenidos los recién egresados y becarios
* De 22 a 40 años

**Zona para laborar:** Colonia Del Valle, Alcaldía Benito Juárez

**Horario:** De Lunes a Viernes de 9:00 a 18:00

Tipo de puesto: Tiempo completo

Sueldo: $10,500\.00 al mes

Beneficios:

* Descuento de gimnasio
* Estacionamiento gratuito
* Horarios flexibles
* Opción a contrato indefinido
* Seguro de la vista
* Seguro dental

Lugar de trabajo: Empleo presencial"
coordinadora de contenidos creativo,Mexico,indeed,Coordinador de Admisiones y Marketing,Artepiel Handbags,"Oaxaca de Juárez, OAX, MX",2026-04-14,,,,https://mx.indeed.com/viewjob?jk=f462ad4524874acc,"Buscamos una persona proactiva, organizada y creativa para un rol híbrido que combina **marketing digital, ventas y atención al cliente**. Esta posición es clave para el crecimiento de nuestra escuela de idiomas y requiere alguien que pueda manejar múltiples responsabilidades con entusiasmo y profesionalismo.

**Responsabilidades principales:**  
**.** Dar información a prospectos y alumnos de forma presencial, telefónica y por mensajes.

· Realizar seguimiento a prospectos hasta la inscripción y recibir pagos de inscripciones.

· Crear contenido visual y publicaciones para redes sociales (fotos, posts, historias, videos cortos).

· Participar en visitas a escuelas y asistencia a expos para promoción directa.

· Mantener interacción constante con prospectos y alumnos en redes sociales y otros canales.

· Generar reportes de seguimiento de prospectos, pagos e inscripciones.

· Proponer ideas creativas para campañas de marketing y promoción.

**Perfil deseado:**

· Licenciatura terminada en Mercadotecnia, Comunicación, Administración, Diseño, Idiomas o afín.

· Experiencia en ventas, marketing digital o atención al cliente: mínimo 1 año.

· Creativo, organizado, proactivo y con excelentes habilidades de comunicación.

· Capacidad para multitarea y trabajo presencial dinámico.

· Inglés intermedio deseable.

Sueldo: $9,000\.00 \- $10,000\.00 al mes

Beneficios:

* Descuentos y precios preferenciales
* Opción a contrato indefinido
* Teléfono de la empresa
* Uniformes gratuitos
* Vacaciones adicionales o permisos con goce de sueldo

Lugar de trabajo: Empleo presencial"
coordinadora de contenidos creativo,Mexico,indeed,AI Marketing & Growth Specialist (Lead Generation & Automation),CELLULAR INSTITUTE,"Cancún Centro, ROO, MX",2026-04-14,,,,https://mx.indeed.com/viewjob?jk=a31e83005f45ddda,"**Sobre nosotros**

Cellular Institute es un centro líder en medicina regenerativa y longevidad, enfocado en tecnologías avanzadas como células madre, exosomas, terapias de optimización y recuperación.

Nuestro objetivo es claro:  
**Transformar la medicina tradicional y escalar el acceso a terapias avanzadas a nivel global.**

Estamos construyendo un sistema de marketing y ventas altamente optimizado, impulsado por AI, automatización y contenido estratégico.

**Sobre el rol**

Estamos buscando un perfil híbrido de alto nivel que combine:

* Marketing digital
* Automatización (CRM \+ AI)
* Estrategia de generación de leads
* Community management enfocado en conversión

Este NO es un rol de community manager tradicional.  
Buscamos a alguien que entienda cómo convertir tráfico en pacientes reales.

**Responsabilidades** Lead Generation \& Growth

* Optimizar campañas en Meta Ads y Google Ads
* Analizar performance (CPL, conversion rate, ROAS)
* Detectar fatiga de creativos y proponer nuevas estrategias
* Identificar qué tipo de contenido convierte mejor

Automatización \& AI

* Diseñar e implementar workflows en CRM (HubSpot o similar)
* Automatizar:
* Respuestas iniciales
* Follow\-ups
* Secuencias de nurturing
* Integrar herramientas de AI (chatbots, GPT, automatizaciones)

Tracking \& Performance

* Generar reportes semanales:
* Costo por lead
* Leads calificados
* Conversiones y revenue
* Detectar oportunidades de mejora en el funnel
* Monitorear velocidad de respuesta y seguimiento

Community \& Lead Management

* Gestionar mensajes en:
* Instagram (DMs y comentarios)
* Facebook
* Email
* Website chat
* Dar seguimiento a leads hasta que pasen a coordinadores
* Asegurar que ningún lead quede sin respuesta
* Proteger y fortalecer la reputación de la marca

Content \& Social Media Intelligence

* Analizar qué contenido está funcionando
* Proponer:
* Nuevos hooks
* Temas
* Estructuras de video
* Colaborar con el equipo de contenido

CRM \& Pipeline

* Supervisar flujo de leads y estado del pipeline
* Identificar leads perdidos y oportunidades de recuperación
* Optimizar procesos de seguimiento y cierre

**Perfil ideal** Experiencia requerida

* \+3 años en marketing digital / growth / performance
* Experiencia con CRM (HubSpot, GoHighLevel, etc.)
* Experiencia en campañas pagadas (Meta Ads / Google Ads)
* Experiencia con automatizaciones (Zapier, Make, etc.)

Habilidades clave

* Pensamiento analítico (data\-driven)
* Mentalidad orientada a resultados (no solo contenido)
* Proactividad y capacidad de ejecución
* Organización y seguimiento

Plus (altamente valorado)

* Experiencia en:
* Clínicas / salud / longevidad
* High\-ticket sales ($5,000\+)
* Experiencia con AI aplicada a marketing

**Compensación**

* Salario base competitivo
* Bonos por performance (leads, conversiones, revenue)

**Ubicación**

* Cancún, México

**Importante**

Este rol es clave para el crecimiento de la empresa.  
Buscamos alguien que quiera construir, optimizar y escalar un sistema real — no solo ejecutar tareas.

Tipo de puesto: Tiempo completo, Por tiempo indeterminado

Sueldo: $20,000\.00 \- $30,000\.00 al mes

Lugar de trabajo: Empleo presencial"
dirección creativa remoto,Spain,indeed,Motion Graphics Designer,Adsmurai,"Madrid, MD, ES",2026-04-13,,,,https://es.indeed.com/viewjob?jk=3d17d27960989c4c,"**Adsmurai** es una empresa tecnológica especializada en la automatización y optimización de campañas de Paid Media y en servicios de consultoría, contenido y creatividad, orgánico y reputación online. Nuestro objetivo es llevar el crecimiento digital de nuestros clientes un paso más allá a través de un impacto positivo en las personas y una mejor publicidad.


Somos partners oficiales de Meta, Google, TikTok y Pinterest y hemos desarrollado nuestra propia tecnología para apoyar a los anunciantes a gestionar todas sus campañas de Paid Media desde un único lugar.

  

 Estamos en la búsqueda de un Motion Graphic Designer apasionado y creativo, con experiencia de al menos 2 años en la producción de contenido visual dinámico para campañas publicitarias de grandes marcas, principalmente enfocado en TikTok e Instagram. El candidato ideal no solo será experto en edición de video y diseño de motion graphics, sino que también se encargará de la grabación de contenido con influencers y, preferiblemente, contará con conocimientos de dirección de actores para optimizar la calidad de las producciones. Te esperamos para formar parte de nuestro equipazo del Creativ\_ en Madrid.

  

**Los retos de la posición son:**

* Creación, grabación y edición de contenido audiovisual: desarrollar y grabar contenido audiovisual innovador y atractivo con influencers, asegurando que el proceso de filmación refleje la visión creativa.
* Editar el contenido grabado para plataformas como TikTok e Instagram, utilizando software avanzado de edición como Adobe Premiere y After Effects.
* Incorporar gráficos en movimiento (motion graphics), animaciones y efectos visuales que refuercen el mensaje de las campañas y que sean efectivos en las plataformas sociales.
* Diseño de motion graphics y uso de IA: conceptualizar y producir gráficos animados adaptados a los formatos verticales y dinámicos de TikTok e Instagram, utilizando herramientas de IA para mejorar la eficiencia en la creación de efectos visuales y contenido dinámico.
* Crear transiciones, títulos y efectos visuales con un enfoque visualmente atractivo y creativo.
* Supervisión de producción y postproducción: coordinar la grabación de contenido con influencers, gestionando tanto la dirección de actores como la logística de la producción.
* Supervisar la postproducción y utilizar herramientas de IA para optimizar la corrección de color, el ajuste de audio y otros efectos visuales.
* Ofrecer feedback sobre el contenido entregado por los creadores e influencers, asegurando que se ajuste a los estándares de calidad de las marcas.
* Desarrollo de guiones y storyboards: colaborar en la creación de guiones y storyboards específicos para campañas publicitarias en TikTok e Instagram, asegurando que el contenido refleje los objetivos comerciales y de comunicación de la marca.
* Adaptar el contenido a las tendencias y formatos más efectivos de las plataformas sociales, maximizando su impacto.
* Colaboración con influencers y creadores de contenido: trabajar directamente con influencers, coordinando y supervisando la grabación de contenido audiovisual.
* Asegurar la dirección creativa durante el proceso de grabación, aplicando conocimientos de dirección de actores para lograr actuaciones auténticas y eficaces.

  

**Eres tú si:**

* Tienes experiencia previa de 2\-4 años como motion designer, idealmente en proyectos para marcas reconocidas y orientados a TikTok e Instagram.
* Posees dominio de software de edición y postproducción, especialmente Adobe Premiere, After Effects y herramientas similares.
* Aportas experiencia en grabación de contenido audiovisual y conocimiento de dirección de actores.
* Consideras que tienes conocimiento y experiencia en el uso de herramientas de IA para la generación de efectos visuales y contenido creativo.
* Proporcionas al equipo habilidad comprobada para crear gráficos en movimiento y animaciones visualmente atractivas.
* Tienes conocimiento de las tendencias actuales en TikTok e Instagram, así como de los formatos y estilos de contenido más efectivos para estas redes.
* Cuentas con un alto nivel de inglés (escrito y hablado) para colaborar con clientes e influencers internacionales.
* Posees creatividad, atención al detalle y capacidad para gestionar múltiples proyectos con plazos ajustados.

 **¿Qué ofrecemos?**

* Contrato indefinido.
* Jornada intensiva los viernes y en agosto.
* Flexibilidad horaria de entrada y salida.
* Modelo híbrido oficina\-remoto.
* 23 días de vacaciones (\+1 día por año trabajado).
* Día libre por tu cumpleaños.
* Actividades de equipo y afterwork.
* Formación activa dentro de la empresa.
* AdsmuAcademy
* Clases de inglés.
* Acuerdo con gimnasio (Wellhub).
* Plan de retribución flexible: seguro médico, ticket restaurante y/o transporte.

  

Estos son nuestros valores:

* **Make things happen:** Aplicamos la razón en la toma de decisiones basándonos en datos. Gestionamos de principio a fin y orientándonos a resultados.
* **Walk, run, fly:** Disparamos la proactividad ejecutando ideas. Nos marcamos metas ambiciosas, tenemos curiosidad y no tenemos miedo al fracaso.
* **Passionate players:** Trabajamos con actitud positiva y ponemos pasión en todo lo que hacemos, con perseverancia y orgullo por nuestro trabajo.
* **Work together:** Construimos relaciones de confianza basadas en la honestidad. Escuchamos, empatizamos y respetamos a las personas.

  

Nuestra cultura está en línea con los valores universales de libertad, cooperación y pasión por mejorar. Trabajamos cada día para que todo el mundo tenga las mismas oportunidades independientemente de su sexo, etnia, nacionalidad, orientación sexual, creencias políticas o religiosas y nunca aprobaremos ninguna acción discriminatoria.


Adsmurai nació en 2014 de una conversación entre amigos y tratamos de mantener y transmitir ese buen rollo y convertirlo en un pilar fundamental de nuestra cultura.


\#motiongraphics \#creatividad"
coordinadora de contenidos creativo,Mexico,indeed,Coordinador de Mercadotecnia,AUTOMOTRIZ DEL CENTRO (CHEVROLET),"Querétaro, QUE, MX",2026-04-13,,,,https://mx.indeed.com/viewjob?jk=318248564b788316,"En **Autorama Seminuevos Querétaro** estamos buscando talento creativo, estratégico y con pasión por el marketing.

**Responsabilidades principales:**

* Planeación y ejecución de campañas de marketing
* Manejo de redes sociales y contenido digital
* Coordinación de eventos y activaciones
* Seguimiento a leads y estrategias comerciales
* Análisis de resultados y métricas

**Requisitos:**

* Licenciatura en Marketing, Comunicación o afín.
* Experiencia en marketing digital
* Creatividad y enfoque a resultados
* Trabajo en equipo

Ubicación: Dentro de las instalciones de Jetour\-Soueast Querétaro Centro.

¡Únete a nuestro equipo y crece con nosotros!

Tipo de puesto: Tiempo completo

Sueldo: $17,000\.00 \- $18,000\.00 al mes

Lugar de trabajo: Empleo presencial"
responsable de marca editorial,Mexico,indeed,Diseñador Gráfico para Laboratorio Farmacéutico Alternativo,Laboratorios Cohonasa,"Veracruz Centro, VER, MX",2026-04-12,,,,https://mx.indeed.com/viewjob?jk=7331cb833c9dcf2d,"En **COHONASA**, buscamos un(a) **Diseñador(a) Gráfico** con alto enfoque en detalle, ejecución técnica y criterio creativo, para integrarse al área de marketing y desarrollo de producto.

Esta posición es clave para asegurar la correcta presentación visual de nuestras líneas, especialmente en **etiquetado, diseño editorial y materiales comerciales**

**Responsabilidades principales**

* Diseño y desarrollo de **etiquetas de productos** (ajustes, variantes, adaptación a formatos de impresión)
* Maquetación de:
* Catálogos
* Documentos editoriales
* Presentaciones comerciales
* Elaboración de **tablas nutrimentales** y composición técnica de información
* Desarrollo de material gráfico:
* Folletería
* Banners
* Material para imprenta
* Montaje de **mockups** y presentaciones visuales
* Retoque fotográfico y apoyo en fotografía de producto
* Adaptación de diseños a distintos formatos y requerimientos
* Seguimiento de lineamientos de marca y directrices creativas

**Requisitos técnicos**

* Dominio comprobable de:
* CorelDRAW
* Adobe Photoshop
* Adobe Illustrator
* Experiencia en:
* Diseño editorial (maquetación)
* Preparación de archivos para impresión
* Desarrollo de etiquetas de producto
* Conocimiento en:
* Estructuración de tablas nutrimentales
* Uso de herramientas de **IA aplicada al diseño**
* Excelente ortografía y cuidado en redacción visual

**Perfil ideal**

* Alto nivel de **atención al detalle**
* Capacidad de **seguir directrices** con precisión
* Habilidad para **proponer ideas y soluciones visuales**
* Pensamiento analítico y estructurado
* Creatividad aplicada (no solo estética, también funcional)
* Organización y manejo de múltiples entregables
* Capacidad para trabajar bajo presión en momentos clave

**Aptitudes clave**

* Autodidacta
* Proactivo(a)
* Responsable
* Enfoque en mejora continua
* Pensamiento lógico

**Postulación**

Es indispensable enviar:

* Currículum (con escolaridad)
* **Portafolio o brochure de trabajos** (especialmente etiquetas, editorial o productos físicos)

Tipo de puesto: Tiempo completo, Por periodo de prueba  
Duración del contrato: 3 meses

Sueldo: $9,000\.00 \- $12,000\.00 al mes

Beneficios:

* Descuento de empleados
* Descuentos y precios preferenciales
* Opción a contrato indefinido

Lugar de trabajo: Empleo presencial"
responsable de contenidos remoto,Spain,indeed,Project Manager Sport Marketing,MADISON MK,"Madrid, MD, ES",2026-04-12,,,,https://es.indeed.com/viewjob?jk=ee7aef4945f747d8,"**miércoles, 25 de marzo de 2026**

**Madrid (Madrid)**

**Nº Vacantes (Puestos): 1****Funciones**

**Si te apasiona la gestión integral de eventos deportivos, disfrutas haciéndolo y sabes que no tienes competencia..., tenemos algo que contarte: ¡MADISON te está buscando!** **Somos una compañía líder en el sector del Marketing Deportivo. Somos especialistas en conectar a las marcas con su target a través de contenidos de valor, experiencias únicas, eventos y estrategias de Comunicación y MK, enfocadas a acompañar a nuestros clientes en la consecución de sus objetivos.****Cada proyecto es un reto y a cada reto le otorgamos una entidad propia, le dotamos de originalidad y aplicamos las últimas tendencias para llegar a la meta en primera posición.****Convertimos las ideas en realidad y contamos con un gran equipo multidisciplinar que nos aporta un alto valor diferencial en todos los ámbitos del Marketing Deportivo****Estamos buscando ampliar nuestro equipo con una persona en el puesto de JEFE DE PROYECTO.****¿Te motivan los retos?****¿CÚALES SERÁN TUS FUNCIONES?****Gestión integral del proyecto deportivo: coordinación, organización y liderazgo de los equipos e intervinientes implicados en la gestión del evento.****Interlocución con clientes, patrocinadores y partners.****Control y aseguramiento de resultados de rentabilidad del proyecto y de la satisfacción del cliente.**
**Requisitos** **¿Qué te pedimos?**


**¿QUÉ BUSCAMOS EN Ti?****Altos conocimientos en la industria del Marketing****Imprescindible experiencia previa en gestión de eventos deportivos****Además, es importante que cuentes con las siguientes competencias:** **Planificación estratégica****Visión económica de proyectos****Comunicación efectiva****Liderazgo y gestión de equipos****Capacidad de decisión de forma ágil.****Imprescindible disponibilidad para viajar y fines de semana.**
**Se ofrece** **¿Qué te ofrecemos?**


**Qué ofrecemos****Incorporación a una agencia líder en Marketing Deportivo****Participación en proyectos con marcas nacionales e internacionales.****Entorno dinámico y creativo .****Posibilidad de desarrollo y crecimiento profesional dentro de la compañía.****Contrato Indefinido.****Modelo de trabajo flexible 4 dias presencial 1 remoto.****Jornada Flexible y los viernes y verano Jornada intensiva de Mañana.**
 ***Los procesos de selección se llevarán a cabo siguiendo los criterios de igualdad de oportunidades con perspectiva de género, neutralidad y transparencia.******Responsable de tratamiento: GRUPO MADISON MK******Legitimación: Aplicación de medidas precontractuales (art. 6\.1\.b RGPD)******Finalidad: Gestión de solicitudes de empleo y procesos selectivos******Plazo de conservación: En el supuesto de ser elegido/a se conservará en nuestras BBDD de candidatos y en su expediente laboral. En caso de autoexclusión o exclusión, conservaremos su Currículo por un periodo de dos años en nuestras BBDD para futuros procesos de selección, atendiendo a su formación académica y/o experiencia profesional. En todo caso se le dará la posibilidad de oponerse a la conservación de sus datos.******Para ejercitar sus derechos y revisar información adicional acceda a nuestra política de privacidad en*** ***www.madisonmk.com.***"
responsable de marca editorial,Mexico,indeed,Jr Brand & Content Strategist,Endeavor,"Ciudad de México, DIF, MX",2026-04-11,,,,https://mx.indeed.com/viewjob?jk=c7afa19e5d6279b8,"**Endeavor es la comunidad de emprendimiento más grande y prestigiosa del mundo.**  

Con oficinas en \+30 países, nuestros \+1,500 emprendedores incluyen \+50 unicornios que confían en la red incomparable de mentores, inversores y consejeros de élite para impulsar su crecimiento exponencial.

**Nuestra creencia:** los emprendedores de alto impacto transforman economías, culturas y sociedades.

**Lo que hacemos:** potenciamos a nuestros Emprendedores Endeavor con mentores, inversiones y conexiones estratégicas para escalar juntos.

**Propósito del rol**
---------------------


Supervisa la estrategia editorial, visual y digital de Endeavor México, asegurando que la narrativa de la marca se comunique de forma coherente, atractiva y relevante en todos los puntos de contacto. Es responsable de amplificar las experiencias de marca, contar historias poderosas de la red y asegurar una presencia sólida y continua en los canales digitales

**Responsabilidades**
---------------------

* Diseñar y ejecutar la estrategia de comunicación editorial y visual de la marca.
* Liderar la línea editorial mensual centrada en historias de alto impacto y valor estratégico.
* Coordinar la programación, publicación y desempeño de contenidos en redes sociales, newsletters y sitio web.
* Supervisar que todo el contenido visual y escrito cumpla con los lineamientos de identidad y narrativa de la marca Endeavor.
* Medir el desempeño de los contenidos y proponer mejoras basadas en datos y feedback de la red.

**Perfil del candidato/a**
--------------------------

* \+2 años de experiencia en estrategia de contenido, comunicación de marca o diseño narrativo digital.
* Capacidad de liderazgo creativo\-operativo, con sensibilidad estética y visión editorial.
* Experiencia en construir y sostener la identidad de marca a través de contenido visual y verbal.
* Habilidad para traducir conceptos estratégicos en campañas y mensajes digeribles para múltiples audiencias.

**Soft Skills:**

* Visión narrativa y sentido estético
* Liderazgo proactivo y colaborativo
* Capacidad de síntesis y enfoque en impacto
* Criterio editorial y atención al detalle

**Hard Skills:**

* Dominio de plataformas digitales (LinkedIn, Meta, Mailchimp, Webflow)
* Conocimiento avanzado de herramientas de diseño (Canva, Adobe Suite)
* Estrategia y programación de contenido digital
* Redacción institucional y storytelling visual

**Localización**
----------------


Buscamos candidatos ubicados en la **Ciudad de México** o con disponibilidad de mudanza. El modelo de trabajo en Endeavor es híbrido (**2 días presencial en oficina**).

**¿Quiénes somos?**
-------------------


Endeavor es una organización impulsada por sus valores. Buscamos a alguien que esté alineado a estos:

* **Entrepreneur First:** somos una organización de, por y para emprendedores.
* **Go Big:** creemos que la locura es un cumplido y apuntamos siempre hacia metas aspiracionales.
* **Network of Trust:** nuestra comunidad está construida en confianza y respeto mutuo.
* **Pay It Forward:** multiplicamos nuestro impacto ayudando primero.
* **One Endeavor:** no tenemos fronteras, trabajamos con \+500 personas en 30 países.
* **Always Agile:** entendemos que la planificación, no los planes, es lo que importa.

**Beneficios**
--------------

* Bono anual equivalente a 3 meses de sueldo con base en resultados y políticas vigentes (únicamente aplica si ya estás titulado/a).
* 20 días de aguinaldo.
* Seguro de gastos médicos mayores.
* Short Friday (viernes corto).
* Trabajo híbrido y flexibilidad de horario.
* Dos semanas de vacaciones pagadas adicionales a las de Ley (en fechas determinadas por Endeavor).
* Exposición directa con scaleups, corporativos, VCs y aliados estratégicos del ecosistema.
* Crecimiento profesional en un equipo global de \+500 personas en más de 30 países."
coordinadora de contenidos creativo,Mexico,indeed,Coordinador de Publicidad,Handi,"Anáhuac, NLE, MX",2026-04-10,,,,https://mx.indeed.com/viewjob?jk=5556a39f2e272d0d,"Buscamos un **Coordinador de Publicidad y Redes Sociales** responsable de administrar la estrategia digital de la empresa, coordinar la generación de contenido con la agencia externa y asegurar una presencia constante, profesional y alineada a la marca en todas las plataformas.  
Este rol no requiere producción creativa avanzada, pero sí excelente organización, criterio visual y habilidad para ejecutar campañas y publicaciones.

**Responsabilidades principalesGestión de redes sociales**

* Administrar y programar publicaciones en Instagram, Facebook, TikTok y demás plataformas.
* Mantener un calendario de contenidos actualizado y ordenado.
* Dar seguimiento al desempeño de contenido (básico: likes, alcance, crecimiento, comentarios).

**Coordinación con la agencia de marketing**

* Recibir el contenido generado por la agencia (reels, imágenes, copies).
* Solicitar ajustes cuando sea necesario (correcciones, formato, timings).
* Asegurar que la agencia entregue a tiempo según la estrategia o calendario.

**Comunicación y marca**

* Responder mensajes y comentarios básicos (no ventas profundas).
* Mantener una comunicación coherente con la identidad de la marca.
* Detectar oportunidades de contenido o mejoras en la experiencia de usuario.

**Publicidad digital**

*(nivel básico a intermedio — la agencia llevará lo avanzado)*

* Apoyar en la configuración, monitoreo y optimización básica de campañas pagadas.
* Preparar reportes mensuales de resultados de marketing.

**Organización y análisis**

* Llevar control de KPIs como crecimiento, interacción y rendimiento de anuncios.
* Preparar reportes internos de desempeño.

**Requisitos**

* Experiencia mínima de 1–2 años en manejo de redes sociales o roles similares.
* Conocimiento básico/intermedio de Meta Business Suite y TikTok Business.
* Capacidad para coordinar equipos externos (agencia).
* Excelente ortografía y comunicación escrita.
* Orden, seguimiento y capacidad de trabajar con calendarios.
* Creatividad ligera (criterio visual, saber qué funciona y qué no).

**Deseable (no obligatorio)**

* Conocimientos en Canva o edición básica.
* Experiencia previa con marketing para servicios o negocios locales.
* Habilidad para trabajar en ambientes dinámicos.

Tipo de puesto: Tiempo completo

Sueldo: $4,953\.63 \- $20,000\.00 al mes

Lugar de trabajo: Empleo presencial"
responsable de marca editorial,Mexico,indeed,Comms Associate Jr,Endeavor,"Ciudad de México, DIF, MX",2026-04-10,,,,https://mx.indeed.com/viewjob?jk=ae19d4111764a7d1,"**Endeavor es la comunidad de emprendimiento más grande y prestigiosa del mundo.**  

Con oficinas en \+30 países, nuestros \+1,500 emprendedores incluyen \+50 unicornios que confían en la red incomparable de mentores, inversores y consejeros de élite para impulsar su crecimiento exponencial.

**Nuestra creencia:** los emprendedores de alto impacto transforman economías, culturas y sociedades.

**Lo que hacemos:** potenciamos a nuestros Emprendedores Endeavor con mentores, inversiones y conexiones estratégicas para escalar juntos.

**Propósito del rol**
---------------------


Supervisa la estrategia editorial, visual y digital de Endeavor México, asegurando que la narrativa de la marca se comunique de forma coherente, atractiva y relevante en todos los puntos de contacto. Es responsable de amplificar las experiencias de marca, contar historias poderosas de la red y asegurar una presencia sólida y continua en los canales digitales.

**Responsabilidades**
---------------------

* Diseñar y ejecutar la estrategia de comunicación editorial y visual de la marca.
* Liderar la línea editorial mensual centrada en historias de alto impacto y valor estratégico.
* Coordinar la programación, publicación y desempeño de contenidos en redes sociales, newsletters y sitio web.
* Supervisar que todo el contenido visual y escrito cumpla con los lineamientos de identidad y narrativa de la marca Endeavor.
* Medir el desempeño de los contenidos y proponer mejoras basadas en datos y feedback de la red.

**Perfil del candidato/a**
--------------------------

* \+2 años de experiencia en estrategia de contenido, comunicación de marca o diseño narrativo digital.
* Capacidad de liderazgo creativo\-operativo, con sensibilidad estética y visión editorial.
* Experiencia en construir y sostener la identidad de marca a través de contenido visual y verbal.
* Habilidad para traducir conceptos estratégicos en campañas y mensajes digeribles para múltiples audiencias.

**Soft Skills:**

* Visión narrativa y sentido estético
* Liderazgo proactivo y colaborativo
* Capacidad de síntesis y enfoque en impacto
* Criterio editorial y atención al detalle

**Hard Skills:**

* Dominio de plataformas digitales (LinkedIn, Meta, Mailchimp, Webflow)
* Conocimiento avanzado de herramientas de diseño (Canva, Adobe Suite)
* Estrategia y programación de contenido digital
* Redacción institucional y storytelling visual

**Localización**
----------------


Buscamos candidatos ubicados en la **Ciudad de México** o con disponibilidad de mudanza. El modelo de trabajo en Endeavor es híbrido (**2 días presencial en oficina**).

**¿Quiénes somos?**
-------------------


Endeavor es una organización impulsada por sus valores. Buscamos a alguien que esté alineado a estos:

* **Entrepreneur First:** somos una organización de, por y para emprendedores.
* **Go Big:** creemos que la locura es un cumplido y apuntamos siempre hacia metas aspiracionales.
* **Network of Trust:** nuestra comunidad está construida en confianza y respeto mutuo.
* **Pay It Forward:** multiplicamos nuestro impacto ayudando primero.
* **One Endeavor:** no tenemos fronteras, trabajamos con \+500 personas en 30 países.
* **Always Agile:** entendemos que la planificación, no los planes, es lo que importa.

**Beneficios**
--------------

* Bono anual equivalente a 3 meses de sueldo con base en resultados y políticas vigentes (únicamente aplica si ya estás titulado/a).
* 20 días de aguinaldo.
* Seguro de gastos médicos mayores.
* Short Friday (viernes corto).
* Trabajo híbrido y flexibilidad de horario.
* Dos semanas de vacaciones pagadas adicionales a las de Ley (en fechas determinadas por Endeavor).
* Exposición directa con scaleups, corporativos, VCs y aliados estratégicos del ecosistema.
* Crecimiento profesional en un equipo global de \+500 personas en más de 30 países."
coordinadora de contenidos creativo,Mexico,indeed,Coordinador Proyectos Digitales,Gen Ti,"Guadalupe, ZAC, MX",2026-04-09,,,,https://mx.indeed.com/viewjob?jk=7f8162f9a6ae9bc4,"Buscamos una persona creativa, organizada y resolutiva que quiera crecer dentro del mundo del marketing digital.

Es una excelente oportunidad para alguien que quiera desarrollarse en múltiples áreas y tener exposición directa con clientes y dirección.

**Responsabilidades**

* Gestión y seguimiento **de clientes**
* Planeación y calendarización de contenido
* Publicación y administración de redes sociales
* Supervisión y coordinación de equipo (diseño / contenido)
* Comunicación directa con clientes (seguimiento y ajustes)
* Apoyo en diseño gráfico (posts, historias, materiales digitales)
* Asegurar entregables en tiempo y forma

**Perfil que buscamos**

* Experiencia básica en marketing digital o manejo de redes
* Conocimiento en herramientas de diseño (Canva, Adobe básico, etc.)
* Organización y seguimiento de proyectos
* Buena comunicación y trato con clientes

Tipo de puesto: Por periodo de prueba

Sueldo: $9,800\.00 \- $12,000\.00 al mes

Lugar de trabajo: Empleo presencial"
content creator editorial,Spain,indeed,Staff Writer (Dutch speaker),FeverUp,"Madrid, MD, ES",2026-04-09,,,,https://es.indeed.com/viewjob?jk=568c5f5ddb6fe255,"Hey there!
  

We're Fever, the world's leading tech platform for culture and live entertainment.



Our mission? To democratize access to culture and entertainment. With our proprietary cutting\-edge technology and data\-driven approach, we're revolutionizing the way people engage with live entertainment.
  

  

Every month, our platform inspires over 300 million people in \+55 countries (and counting) to discover unforgettable experiences while also empowering event creators with our data and technology, helping them scale, innovate, and enhance their events to reach new audiences.



Our results? We've teamed up with major industry leaders like Netflix, F.C. Barcelona, and Primavera Sound, presented international award\-winning experiences, and are backed by several leading global investors! Impressive, right?



To achieve our mission, we are looking for bar\-raisers with a hands\-on mindset who are eager to help shape the future of entertainment!  

  

Ready to be part of the experience?



Now, let's discuss this role and what you will do to help achieve Fever's mission.


**About the Team**



Secret Media Network is a digital media group focused on recommending perfect plans, discovering great places, sharing things to do and relevant breaking news in different cities around the world. Our family is composed of Secret Chicago, Secret LA, Secret NYC, Secret Miami, Secret Toronto, Secret London, Paris Secret, Madrid Secreto, and more!



About the role



Join our dynamic editorial team: We are currently seeking a talented Staff Writer to join our Secret Amsterdam team!



This is an exceptional chance to become part of a professional newsroom, where you'll have the opportunity to advance your career as a vital member of one of the most sought\-after digital media teams, based in Madrid or Barcelona.



Your responsibilities will include:


* Generating diverse content ideas (beyond articles) for Fever's International Markets, commercial partners, and Fever Original events.
* Producing engaging, precise, and informative articles promptly on various topics.
* Assisting our local experts in covering events, news stories, and city happenings.
* Ensuring all website copy and headlines adhere to our editorial standards and style guide.
* Ensuring all posts are SEO\-friendly (SEO training provided!).
* Supporting promotional efforts and collaborations across SMN when required (as communicated by your manager).
* Assisting in the development of articles and updating evergreen content pieces.


**About You**



We're seeking someone who:


* Is seeking an entry\-level position in a dynamic environment offering significant learning and growth opportunities.
* Has native\-level proficiency in written and spoken Dutch and fluent English.
* German is a plus.
* Has demonstrable prior experience in digital writing.
* Possesses a keen understanding of what makes a story shareable on social media.
* Is highly familiar with social and digital publishing tools.
* Approaches beat management with organization and precision.
* Is an expert in culture and entertainment, with a deep understanding of city lifestyle, culture, food, and art scenes.


**Benefits \& Perks**


* Opportunity to have a real impact in a high\-growth global category leader!
* 40% discount on all Fever events and experiences
* Home office friendly!
* Responsibility from day one and professional and personal growth
* Great work environment with a young, international team of talented people
* Health insurance and other benefits such as Flexible remuneration with a 100% tax exemption through Cobee.
* English and/or Spanish Lessons
* Gympass (now Wellhub) membership
* We have free food, drink and fruit at the office!
* Possibility to receive in advance part of your salary by Payflow


**Application Process**  

  

For the path forward, here's what to expect:


* A video call interview with our Talent team
* A 60 min psychometric online test
* An editing test to showcase your expertise and knowledge
* A conversation with our management team to explore alignment and potential


**Join us in shaping digital narratives that resonate globally. Apply now and be part of something exciting!**



\#LI\-Hybrid



Thank you for considering joining Fever. We cannot wait to learn more about you!



If you want to learn more about us: Fever's Blog \| Tech.Eu \|TechCrunch



Fever is committed to creating an inclusive and diverse workspace where everyone's background and ideas count. Our main goal is to find the best possible talent regardless of place of birth, racial or ethnic origin, gender, gender identity, religion, opinion, sexual orientation, disability, pregnancy, marital status, age or caring responsibilities. We encourage everyone to apply!



If you require any kind of accommodation during the selection process please contact our Talent team so we can help you by providing a welcoming and seamless journey.



If you want to know more about how Fever processes your personal data, click here Fever \- Candidate Privacy Notice"
content creator editorial,Spain,indeed,Staff Writer (Dutch speaker),FeverUp,"Barcelona, CT, ES",2026-04-09,,,,https://es.indeed.com/viewjob?jk=422c7d03bf8f5f33,"Hey there!
  

We're Fever, the world's leading tech platform for culture and live entertainment.



Our mission? To democratize access to culture and entertainment. With our proprietary cutting\-edge technology and data\-driven approach, we're revolutionizing the way people engage with live entertainment.
  

  

Every month, our platform inspires over 300 million people in \+55 countries (and counting) to discover unforgettable experiences while also empowering event creators with our data and technology, helping them scale, innovate, and enhance their events to reach new audiences.



Our results? We've teamed up with major industry leaders like Netflix, F.C. Barcelona, and Primavera Sound, presented international award\-winning experiences, and are backed by several leading global investors! Impressive, right?



To achieve our mission, we are looking for bar\-raisers with a hands\-on mindset who are eager to help shape the future of entertainment!  

  

Ready to be part of the experience?



Now, let's discuss this role and what you will do to help achieve Fever's mission.


**About the Team**



Secret Media Network is a digital media group focused on recommending perfect plans, discovering great places, sharing things to do and relevant breaking news in different cities around the world. Our family is composed of Secret Chicago, Secret LA, Secret NYC, Secret Miami, Secret Toronto, Secret London, Paris Secret, Madrid Secreto, and more!



About the role



Join our dynamic editorial team: We are currently seeking a talented Staff Writer to join our Secret Amsterdam team!



This is an exceptional chance to become part of a professional newsroom, where you'll have the opportunity to advance your career as a vital member of one of the most sought\-after digital media teams, based in Madrid or Barcelona.



Your responsibilities will include:


* Generating diverse content ideas (beyond articles) for Fever's International Markets, commercial partners, and Fever Original events.
* Producing engaging, precise, and informative articles promptly on various topics.
* Assisting our local experts in covering events, news stories, and city happenings.
* Ensuring all website copy and headlines adhere to our editorial standards and style guide.
* Ensuring all posts are SEO\-friendly (SEO training provided!).
* Supporting promotional efforts and collaborations across SMN when required (as communicated by your manager).
* Assisting in the development of articles and updating evergreen content pieces.


**About You**



We're seeking someone who:


* Is seeking an entry\-level position in a dynamic environment offering significant learning and growth opportunities.
* Has native\-level proficiency in written and spoken Dutch and fluent English.
* German is a plus.
* Has demonstrable prior experience in digital writing.
* Possesses a keen understanding of what makes a story shareable on social media.
* Is highly familiar with social and digital publishing tools.
* Approaches beat management with organization and precision.
* Is an expert in culture and entertainment, with a deep understanding of city lifestyle, culture, food, and art scenes.


**Benefits \& Perks**


* Opportunity to have a real impact in a high\-growth global category leader!
* 40% discount on all Fever events and experiences
* Home office friendly!
* Responsibility from day one and professional and personal growth
* Great work environment with a young, international team of talented people
* Health insurance and other benefits such as Flexible remuneration with a 100% tax exemption through Cobee.
* English and/or Spanish Lessons
* Gympass (now Wellhub) membership
* We have free food, drink and fruit at the office!
* Possibility to receive in advance part of your salary by Payflow


**Application Process**  

  

For the path forward, here's what to expect:


* A video call interview with our Talent team
* A 60 min psychometric online test
* An editing test to showcase your expertise and knowledge
* A conversation with our management team to explore alignment and potential


**Join us in shaping digital narratives that resonate globally. Apply now and be part of something exciting!**



\#LI\-Hybrid



Thank you for considering joining Fever. We cannot wait to learn more about you!



If you want to learn more about us: Fever's Blog \| Tech.Eu \|TechCrunch



Fever is committed to creating an inclusive and diverse workspace where everyone's background and ideas count. Our main goal is to find the best possible talent regardless of place of birth, racial or ethnic origin, gender, gender identity, religion, opinion, sexual orientation, disability, pregnancy, marital status, age or caring responsibilities. We encourage everyone to apply!



If you require any kind of accommodation during the selection process please contact our Talent team so we can help you by providing a welcoming and seamless journey.



If you want to know more about how Fever processes your personal data, click here Fever \- Candidate Privacy Notice"
content creator editorial,Spain,indeed,Staff Writer Intern (French Speaker),FeverUp,"Madrid, MD, ES",2026-04-09,,,,https://es.indeed.com/viewjob?jk=75fc4b57621fd177,"Hey there!
  

We're Fever, the world's leading tech platform for culture and live entertainment.



Our mission? To democratize access to culture and entertainment. With our proprietary cutting\-edge technology and data\-driven approach, we're revolutionizing the way people engage with live entertainment.
  

  

Every month, our platform inspires over 300 million people in \+55 countries (and counting) to discover unforgettable experiences while also empowering event creators with our data and technology, helping them scale, innovate, and enhance their events to reach new audiences.



Our results? We've teamed up with major industry leaders like Netflix, F.C. Barcelona, and Primavera Sound, presented international award\-winning experiences, and are backed by several leading global investors! Impressive, right?



To achieve our mission, we are looking for bar\-raisers with a hands\-on mindset who are eager to help shape the future of entertainment!  

  

Ready to be part of the experience?



Now, let's discuss this role and what you will do to help achieve Fever's mission.



**About the Team**  

  

Secret Media Network (SMN) is a global digital media group focused on recommending the best plans, discovering great places, sharing things to do, and delivering relevant breaking news in cities around the world. Our portfolio includes well\-known city\-based brands such as Secret London, Secret NYC, Secret LA, Secret Chicago, Secret Sydney, Lisboa Secreta, Paris Secret, Madrid Secreto, Barcelona Secreta, and many more.  

Our content reaches millions of readers every month through highly optimized editorial articles, newsletters, and social media platforms. We combine local expertise with strong SEO strategies to ensure our content is discoverable, engaging, and impactful.  


  

**Internship Opportunity Overview**  

  

To support ongoing editorial production while several senior writers focus on a special internal project, Secret Media Network is offering four (4\) paid editorial internship positions within our Content \& Editorial team.  

  

These internships are designed to provide students with hands\-on experience in digital journalism, SEO\-driven content creation, and social media publishing within a fast\-paced international media environment, working closely with local editors and the wider international editorial team.
  

**Internship Responsibilities:**

You will take an active role in the day\-to\-day editorial operations, gaining exposure to the full lifecycle of digital content production.  

Key responsibilities include:
* Researching, pitching, and writing engaging editorial articles tailored to a specific city market
* Producing accurate, informative, and SEO\-optimized content at pace
* Learning and applying SEO best practices to ensure strong search engine positioning
* Monitoring and updating daily site content, including news, features, and local reporting
* Researching and becoming knowledgeable about venues, events, restaurants, and cultural trends in the assigned city
* Managing and contributing to an editorial calendar alongside editors and fellow writers
* Supporting coverage of trending stories, seasonal campaigns, and long\-lead features
* Proofreading articles and headlines to meet SMN editorial standards and style guidelines
* Assisting with social media amplification across META platforms.

**Learning Outcomes \& Benefits**  

  

This internship offers students a strong professional foundation in digital media. By the end of the program, interns will:
* Gain real\-world experience in digital journalism and online publishing
* Build a professional portfolio with published articles on high\-traffic international platforms
* Develop a solid understanding of SEO, audience growth, and content performance analytics
* Learn how editorial teams operate within a global media network
* Improve research, writing, editing, and time\-management skills
* Understand how content strategies are adapted for different cities and audiences
* Receive direct mentorship and feedback from experienced editors

This experience is particularly valuable for students pursuing careers in journalism, communications, marketing, digital media, or content strategy.
  

**Ideal Candidate Profile**
  

We are looking for motivated, curious, and creative students who demonstrate:
* Proficiency in the role's required language (English, French, or Portuguese)
* Fluency in English
* Previous experience or strong interest in digital writing or journalism
* A strong sense of what makes content engaging and shareable on social media
* Familiarity with digital publishing tools and social platforms
* An organized and proactive approach to managing tasks and deadlines
* A genuine interest in city life, culture, food, entertainment, and local news
* Willingness to learn and adapt in a fast\-paced editorial environment

**Internship Duration \& Start Dates**

Each internship has a **6\-month duration**, with two possible intake periods:
* 1st of March – 31st of August
* 1st of September – 31st of March
* Schedule: 9:00\-14:00

This part\-time structure is designed to be compatible with university schedules.
  

**Benefits and Perks**
* Opportunity to have a real impact in a high\-growth global category leader
* 40% discount on all Fever events and experiences
* Work in a location in the heart of Madrid \- Home office friendly
* Great work environment with a young, international team of talented people to work with!
* We have free food, drink and fruit at the office!
  


Thank you for considering joining Fever. We cannot wait to learn more about you!



If you want to learn more about us: Fever's Blog \| Tech.Eu \|TechCrunch



Fever is committed to creating an inclusive and diverse workspace where everyone's background and ideas count. Our main goal is to find the best possible talent regardless of place of birth, racial or ethnic origin, gender, gender identity, religion, opinion, sexual orientation, disability, pregnancy, marital status, age or caring responsibilities. We encourage everyone to apply!



If you require any kind of accommodation during the selection process please contact our Talent team so we can help you by providing a welcoming and seamless journey.



If you want to know more about how Fever processes your personal data, click here Fever \- Candidate Privacy Notice"
coordinadora de contenidos creativo,Mexico,indeed,Coordinador de Sistemas (TI) Con experiencia en Marketing digital,Grupo CCN Queretaro,"Querétaro, QUE, MX",2026-04-08,,,,https://mx.indeed.com/viewjob?jk=bae5421321a0800e,"Salario quincenal neto: $16,000

Experiencia preferente en ERP ODDO

**Requisitos:**

* Licenciatura o Ingeniería en Sistemas, Tecnologías de la Información, Informática o afín (titulado).
* **Experiencia mínima de 5 años en puestos similares** (Indispensable).
* Sólida experiencia en la gestión integral de áreas de TI:
* Infraestructura y redes
* Soporte técnico
* Desarrollo de sistemas
* Seguridad de la información
* Administración de ERP/CRM
* Experiencia preferente en ERP ODDO
* Experiencia en implementación y seguimiento de **metodologías basadas en KPIs y objetivos SMART**.
* Manejo de **cursos comprobables, certificaciones o actualizaciones en TI** (deseable).
* Marketing digital: 2 años (Obligatorio)
* Google Ads
* Linkedin
* Facebook Advertising
* Gestión de redes: 3 años (Obligatorio)
* WordPress: (Deseable)

**Funciones principales:**

* Coordinar y supervisar todas las operaciones del área de Sistemas.
* Diseñar e implementar estrategias tecnológicas alineadas a los objetivos del negocio.
* Asegurar la disponibilidad, seguridad y eficiencia de la infraestructura tecnológica.
* Liderar proyectos de innovación, incluyendo la integración de soluciones de Inteligencia Artificial.
* Definir, monitorear y optimizar indicadores clave de desempeño (KPIs).
* Establecer metas SMART para el equipo y dar seguimiento puntual a su cumplimiento.
* Gestionar proveedores de tecnología y servicios.
* Garantizar el cumplimiento de normativas aplicables y estándares de calidad.
* Conocimientos y aplicación de **Inteligencia Artificia** en procesos organizacionales.
* Planificación de contenido mensual social media (parrilla).
* Pago de campañas semanales en social media.
* Planear ,ejecutra y optimizar campañas en Meta ads y google ads.
* Reportes de estadísticas mensuales de redes sociales.
* Actualización de información en descripción de posteos (contactos,links,correos).
* Crear estrategías para redes sociales, mensuales para buscar mejorar
* Crear campañas publicitarias enfocadas en generación de leads en social media.
* Baja de ideas creativas con equipo de diseño.
* Supervisión de grabación o toma de video para redes sociales.
* Apoyo y seguimiento de campañas de Google Ads implementación con Gerente
* Generar estrategias y planificar proyectos comerciales junto con manager.

**Ofrecemos**

* Prestaciones de ley.
* Oportunidad de desarrollo profesional.
* Estabilidad laboral.

Sueldo: $16,000 NETOS al mes

**Nivel de educación deseada:**  
Superior \- titulado

**Nivel de experiencia deseada:**  
Nivel Coordinación

**Función departamental:**  
Marketing / RRPP / Comunicación

**Horario:**  
Lunes a viernes 8:30 a 5:30 lunes a viernes y sábados de 9:00 a 13:00

**Industria:**  
Facilitys

**Habilidades:**

* Trabajo en Equipo
* liderazgo
* Comunicación Efectiva

Sueldo: $16,000\.00 al mes

Lugar de trabajo: Empleo presencial"
coordinadora de contenidos creativo,Mexico,indeed,Coordinador logístico,Construnorte,"Tultitlán, MEX, MX",2026-04-08,,,,https://mx.indeed.com/viewjob?jk=9cd240a913a201a8,"##### ***Tultitlán******,*** ***MEX******,*** ***México***

  

Como empleado de nuestra empresa, **colaborará con cada departamento para crear e implementar productos revolucionarios.** Venga a trabajar en una empresa en crecimiento que ofrece grandes beneficios con oportunidades para avanzar y aprender junto con líderes consumados. Buscamos un miembro del personal experimentado y excepcional.
  

  

Este puesto es **creativo y riguroso** por naturaleza, debe pensar fuera de la caja. Esperamos que el candidato sea proactivo y tenga una mentalidad orientada a resultados. Para tener éxito, debe tener sólidas habilidades para resolver problemas.


###### **Relación con el cliente**


###### **Evolución personal**


###### **Autonomía**


###### **Trabajo administrativo**


###### **Conocimientos técnicos**


#### **Responsabilidades**


* Dirigir todo el ciclo de ventas
* Alcanzar los objetivos de ventas mensuales
* Calificar las necesidades del cliente
* Negociar y contratar
* Dominar demostraciones de nuestro software
#### **Requisitos**


* Licenciatura o superior
* Pasión por productos de software
* Inglés escrito avanzado
* Altamente creativo e independiente
* Permiso de trabajo válido para Bélgica
#### **Deseable**


* Experiencia en redacción de contenido en línea
* Idiomas adicionales
* Experiencia en Google Adwords
* Fuertes habilidades analíticas
**¿Cuáles son las ventajas del trabajo?**
-----------------------------------------

  

  

* Forma parte de un equipo de personas muy inteligentes dentro de una cultura amistosa y abierta.
* Sin gerentes incompetentes, sin herramientas complejas para usar, sin horarios de trabajo rígidos
* No se pierde el tiempo en procesos empresariales; se tienen responsabilidades reales y autonomía.
* Amplíe su conocimiento de diversas industrias comerciales
* Crear contenido que ayude a nuestros usuarios diariamente
* Responsabilidades y retos reales en una empresa que se expande con rapidez.
##### **Nuestro producto**


Descubra nuestros productos.

  


**Qué ofrecemos**
-----------------

  

  

Cada empleado tiene la oportunidad de ver el impacto de su trabajo. Puede hacer una contribución real al éxito de la empresa.
  

Se organizan varias actividades a lo largo del año, como actividades deportivas semanales, eventos para fomentar el trabajo en equipo, una convivencia al mes, ¡y mucho más!


### **Beneficios**


Puesto de tiempo completo
  

Salario atractivo.


### **Capacitaciones**


12 días al año, incluyendo
  

6 a su elección.


### **Actividad deportiva**


Practique cualquier deporte con sus colegas
  

y nosotros lo pagamos.


### **Comida y bebida**


Ofrecemos fruta, café y
  

botanas."
responsable de contenidos remoto,Spain,indeed,Especialista en Marketing - Dcode,Sener,"MD, ES",2026-04-08,,,,https://es.indeed.com/viewjob?jk=1ac1085b5fe7583e,"En el **Grupo Sener**, ponemos al servicio de nuestros clientes el conocimiento de casi siete décadas de ingeniería e innovación tecnológica para ayudarles con los problemas y retos de su día a día.


Necesitamos incorporar perfiles a nuestro negocio **Dcode** que tiene un enfoque absolutamente digital, lo que complementa de manera perfecta el ámbito de actuación con la eficiencia operativa.


Queremos acompañar en la transformación digital de las empresas y de sus negocios en todo tipo de mercados, tales como industria, energía, infraestructuras, transporte, aeroespacial, defensa o salud.


Nuestra misión en **Dcode** es impulsar la digitalización mediante el conocimiento de la industria y los procesos operativos, haciendo que nuestros clientes sean más orientados a los datos, seguros y eficientes ante la creciente competencia del mercado.

**Qué harás:**  

Serás responsable de desarrollar y ejecutar campañas de marketing integradas para generar demanda, mejorar el reconocimiento de la marca Sener en el **ámbito digital** y fomentar relaciones sólidas con stakeholders internos y externos. Este rol desempeñará un papel clave en la promoción de las soluciones innovadoras de Sener en IA, Analítica de Datos y Ciberseguridad.

**Como responsabilidades clave, destacamos las siguientes:**

**Generación de Demanda para Ventas:**

* Desarrollar y ejecutar campañas de marketing integradas (ej. email marketing, marketing de contenidos, campañas en redes sociales, webinars, publicidad en línea, llamadas) para generar leads cualificados y apoyar los esfuerzos comerciales. Debe ser capaz de mantener una primera conversación con el cliente y generar demanda en torno a los servicios del portafolio de Sener.
* Ser capaz de aplicar un enfoque adecuado tanto para el posicionamiento de servicios como de productos digitales.
* Realizar estudios de mercado y análisis de la competencia para identificar audiencias objetivo y desarrollar estrategias de marketing efectivas.
* Gestionar y optimizar plataformas de automatización de marketing para nutrir leads y hacer seguimiento del rendimiento de las campañas.
* Entender y trabajar con los KPIs de negocio a los que se dará seguimiento (coste de adquisición, LTV, tiempos de velocidad de pipeline, win rate, etc.).
* Apoyar en la definición de acciones que impulsen el crecimiento de pipeline en aquellas fases del funnel de ventas en las que sea necesario.
* Utilización de bases de datos de clientes así como de plataformas de intent data.
* Colaborar con el equipo de ventas para alinear las actividades de marketing con los objetivos comerciales y proporcionar materiales de apoyo (casos de éxito, one\-pager, comparativas, landign pages, etc.) y leads cualificados.

**Comunicación Externa:**

* Gestionar actividades de relaciones públicas, incluyendo encuentros relacionales con influencers, asociaciones y medios sectoriales, en coordinación con Comunicación Corporativa.
* Construir y mantener la presencia en línea de la empresa a través de redes sociales, contenido web y blogs del sector, en coordinación con Comunicación Corporativa.
* Representar a la empresa en eventos, conferencias y ferias del sector (incluyendo planificación y logística).

**Actividades Generales de Marketing:**

* Planificar y ejecutar presupuestos de marketing en colaboración con los equipos de Ventas y Estrategia.
* Hacer seguimiento y análisis del rendimiento de las campañas de marketing y proporcionar informes periódicos sobre métricas clave. Conocimientos de modelos de atribución. Métricas de impacto en la distribución de contenidos.
* Mantenerse actualizado sobre tendencias del sector y mejores prácticas en marketing y comunicación.

 **Qué esperamos de ti:**

* Título universitario en Marketing, Comunicación o un campo relacionado.
* Más de **5 años de experiencia** en un puesto de marketing, preferiblemente en un entorno B2B.
* Experiencia demostrada en el desarrollo y ejecución de campañas de marketing exitosas.
* Conocimiento sólido de principios y mejores prácticas de marketing digital.
* Experiencia con plataformas de automatización de marketing (ej. Marketo, HubSpot) es valorada.
* Experiencia o conocimientos en servicios de Datos/IA/Ciberseguridad es un plus.
* Experiencia en la gestión de eventos.
* Excelentes habilidades de comunicación escrita y verbal.
* Se valorarán conocimientos en entorno de diseño (Canva/Adobe) y creación audiovisual.
* Habilidades analíticas y de resolución de problemas.
* Capacidad para trabajar de forma independiente y en equipo.
* Nivel alto de inglés.

**Qué te ofrecemos:**  

Estos son algunos de los beneficios de los que disfrutarás en el **Grupo Sener**:

* Tendrás la oportunidad de participar en proyectos innovadores y de alto nivel tecnológico a nivel internacional, colaborando con un equipo multidisciplinar y altamente cualificado.
* Disfrutaras de una mejor gestión de tu tiempo a través de nuestras políticas de flexibilidad horaria y trabajo en remoto.
* Podrás optimizar tu salario con nuestro plan retributivo flexible (tarjeta de comida, seguro médico privado, tickets guardería...) y dispondrás de un seguro de vida y accidentes.
* Te cuidaremos con nuestro programa de bienestar físico y emocional, que incluye deportes, talleres, etc.
* Impulsaremos tu desarrollo profesional, con formación técnica, en habilidades, idiomas, etc. para que continúes creciendo y alcanzando tus metas.
* Promovemos la igualdad de oportunidades, diversidad e inclusión de todas las personas y estamos certificados como Entidad Familiarmente Responsable (efr).


Si te sientes identificado/a con nuestros valores y quieres formar parte de una ingeniería familiar internacional puntera, ¡te esperamos! Queremos llegar tan lejos como quieras llegar tú."
diseño editorial remoto,Mexico,indeed,Multimedia Producer,Ole Distribución,"Ciudad de México, DIF, MX",2026-04-07,,,,https://mx.indeed.com/viewjob?jk=c1b6dca7234e0ca8,"**COMPAÑÍA DE MEDIOS GLOBALES: Mulitimedia Producer**

Con habilidades para trabajar en equipo, creativo y organizado  
Que tenga amplio portafolio de campañas digitales.

Edición y producción de video

Realizar la producción del contenido audiovisual (grabación de cámaras, iluminación, microfonía, dirección del talento u objeto)

Realizar la postproducción del material grabado teniendo en cuenta el guion técnico y demás elementos que se aprobaron en la preproducción (edición lineal, colorización básica, animación 2D, montaje sonoro básico, codificación) de acuerdo a las necesidades del cliente.

Apoyar al equipo editorial y comercial para la construcción de contenidos audiovisuales.

Desarrollar propuestas de líneas gráficas para los formatos existentes o futuros.

Apoyar a las diferentes unidades de la Compañía en sus necesidades de preproducción, producción y postproducción audiovisual.

Manejo avanzado de software de edición (como Adobe Premiere, Final Cut, DaVinci Resolve, etc.)

Diseño gráfico y creación de contenido visual para plataformas digitales

Dominio de herramientas de diseño (Adobe Photoshop, Illustrator, After Effects, etc.).\- Capacidad para trabajar en equipo y adaptarse a proyectos multidisciplinarios

Diseñador grafico, comunicación.

3 años de experiencia en el puesto

Independent Contractor

Tipo de puesto: Tiempo completo

Lugar de trabajo: remoto híbrido en Ciudad de México, CDMX"
responsable de contenidos remoto,Spain,indeed,Tecnico instalador de maquinaria construction,Topcon,"En remoto, ES",2026-04-07,,,,https://es.indeed.com/viewjob?jk=d08051a0c14e2e31,"Topcon Positioning Group is headquartered in Livermore, California, USA (topconpositioning.com). We design, manufacture and distribute productivity tools for developing a brighter future. Whether cultivating the earth or building upon it, Topcon brings innovation in workflow automation and seamless connectivity of data to construction, geopositioning and agriculture industries focused on developing a sustainable tomorrow.  


Learn more about working with us at topconcareers.com  


Para nuestra Unidad de Topcon Positioning – España – buscamos un  


TÉCNICO/A INSTALADOR/A Y DE SOPORTE PARA SISTEMAS DE CONTROL Y GUIADO DE MAQUINARIA DE CONSTRUCCION  


Área de trabajo: Zona Norte de España, con principal atención en la Zona Nord\-Este, donde se concentra nuestra mayor actividad comercial.  


FUNCIONES DEL PUESTO  


Instalación, reparación, calibración, soporte y puesta en marcha de sistemas GPS Y LPS para guiado y automatización de maquinaria de construcción en la zona Norte de España.  
Formación a cliente final, distribuidores y colaboradores externos de los sistemas fabricados por nuestra marca.  
Soporte telefónico y remoto a compañeros, clientes, distribuidores y colaboradores.  
Colaboración con otros compañeros del equipo para la resolución de las incidencias.  
Comunicaciones por mail o Teams en inglés con nuestro departamento de Professional Services para el reporte de incidencias o mejoras, solicitud de ayuda, etc.  
Asistencias de campo en toda la zona Norte para reparar averías, realizar calibraciones de equipos, formaciones, etc.  
Disponibilidad para viajar de lunes a viernes.  
Revisión de los equipos a instalar previa a la realización de cada instalación.  
Comunicación fluida con el responsable de soporte y comercial de zona para optimizar la planificación semanal.  
Fabricación de cables/arneses según esquemas.  
Asistencia a formaciones periódicas en nuestro centro de formación sito en Concordia Sulla Secchia ( Modena – Italia). Autoformación a través de nuestra plataforma web “My Topcon Now” y otras herramientas proporcionadas por la empresa.  
Creación de contenido como guías y manuales de instalación.  


REQUISITOS  


Formación \& Experiencia  


Conocimientos de electrónica, electricidad, electromecánica y sistemas hidráulicos suficientes para la realización del trabajo.  
Al menos 2 años de experiencia profesional en sistemas de topografía y control de maquinaria para la construcción: Excavadoras, Dozer, Motoniveladoras, tractores, etc.  
Actitud positiva y resolutiva  
Habilidad para trabajar con tecnología  
Disponibilidad para viajar.  
Buena capacidad de comunicación con compañeros y clientes.  
Capacidad para leer y comprender los dibujos de diseño de componentes.  
Capacidad para leer y comprender dibujos esquemáticos de cableado.  
Uso de equipos de prueba como proveedores de energía, multímetros, etc.  
Habilidades informáticas en la suite básica de Microsoft Office.  
Habilidades de resolución de problemas.  
Gestión eficaz del tiempo y habilidades organizativas.  
Conciencia y enfoque en el cliente  
Fuertes habilidades analíticas.  
Dominio del inglés – Nivel básico con orientación técnica que permita:  
Comprender documentación técnica (manuales, guías, especificaciones).  
Asistir a formaciones técnicas impartidas en inglés.  
Redactar contenido técnico sencillo (informes, instrucciones, documentación interna).  
Manejar terminología específica del área."
diseño editorial remoto,Mexico,indeed,Internship | Content Marketing B2B (Área Corporativa),Anzures Group,"Colegio Del Aire, JAL, MX",2026-03-31,,,,https://mx.indeed.com/viewjob?jk=e7c67cc658588d26,"**Content Marketing B2B (Área Corporativa)**

Empresa: Anzures Group

Despacho en Comercio Exterior: Ejecutamos tus operaciones de Importación y Exportación enfocadas en la región Asia\-Pacífico.

**Descripción del puesto**

Anzures Group busca integrar a un(a) **Content Marketing B2B** para colaborar en el desarrollo y ejecución de su estrategia de contenido corporativo en canales digitales.

La posición está enfocada en la formación práctica dentro de un entorno profesional, participando en la creación de contenido dirigido a empresas (B2B), con enfoque en posicionamiento de marca, generación de valor y comunicación estratégica.

**Objetivo del puesto**

Apoyar en la estructuración, producción y ejecución de contenido corporativo digital, alineado a lineamientos estratégicos de comunicación y objetivos comerciales de la firma.

**Responsabilidades**

* Apoyar en la definición y ejecución de la línea editorial (tono, pilares, narrativa B2B)
* Participar en la planeación mensual de contenido para redes sociales
* Desarrollar piezas de contenido digital (video corto y carruseles)
* Editar contenido audiovisual con lineamientos corporativos
* Adaptar información técnica a formatos claros y comprensibles
* Apoyar en la documentación de lineamientos visuales y de comunicación
* Dar seguimiento a métricas básicas de desempeño (alcance, interacción, engagement)
* Proponer mejoras continuas en contenido y formatos

**Entregables del rol**

* Apoyo en calendario mensual de contenidos
* Producción de contenido digital (reels y piezas gráficas)
* Participación en desarrollo de series de contenido
* Apoyo en manual de comunicación digital
* Reporte básico de métricas y aprendizajes

**Perfil requerido**

* **Estudiante o recién egresado** de Marketing, Comunicación, Negocios o afín
* Interés en marketing digital y contenido corporativo
* Conocimiento básico de redes sociales (Instagram, TikTok, LinkedIn)
* Nociones de edición de video y diseño (CapCut, Canva o similar)
* Buena redacción y ortografía
* Capacidad de organización y seguimiento de tareas
* Actitud proactiva y disposición de aprendizaje

**Competencias a desarrollar**

* Content marketing B2B
* Comunicación corporativa
* Planeación estratégica de contenido
* Edición audiovisual profesional
* Análisis de métricas digitales
* Pensamiento estructurado aplicado a negocio

**Compensación**

Sueldo a definir según perfil y disponibilidad de horario. No es que se ve en el listado. La plataforma no me permite cambiarlo.  
El sueldo es por horas de servicio profesional \+ apoyo económico.  
Posibilidad de continuidad y crecimiento dentro del área.

**Modalidad**

(Híbrido / Presencial – Guadalajara)

**Tipo de puesto**

Internship / Pasantía (Medio tiempo o tiempo completo a recien egresados)

Correo: natzira.anzures@gmail.com

Sueldo: $10,000\.00 \- $12,000\.00 al mes

Lugar de trabajo: remoto híbrido en Colegio Del Aire, Jal."
diseño editorial remoto,Mexico,indeed,Marketing Digital con especialidad en redes sociales y creación de contenido,KEY PACK SOLUTIONS,"Apodaca, NLE, MX",2026-03-31,,,,https://mx.indeed.com/viewjob?jk=92ce54334f095ba7,"CONTACTAME 461 2605728

**Responsabilidades principales**

Diseño, desarrollo y mantenimiento de sitios web.

Creación y optimización de contenido digital enfocado en posicionamiento y conversión.

Gestión integral de plataformas digitales y redes sociales.

Implementación y análisis de campañas publicitarias digitales.

**Habilidades técnicas**

*Desarrollo y diseño web*

Diseño web enfocado en experiencia de usuario (UX/UI).

Desarrollo web (estructura, optimización y mantenimiento).

Manejo de WordPress (creación, administración y personalización de sitios).

Uso de constructores visuales como Elementor.

Configuración y gestión de plugins (incluyendo SEO y rendimiento).

Administración de dominios y hosting.

Optimización de imágenes (formatos como WebP para rendimiento web).

**SEO y analítica**

Implementación de estrategias de SEO on\-page y técnico.

Uso de herramientas como Google Search Console.

Gestión y análisis de campañas en Google Ads.

Interpretación de métricas y optimización basada en datos.

**Diseño y contenido**

Diseño gráfico para medios digitales.

Edición de fotografía.

Edición de video para contenido digital.

Creación de blogs optimizados para SEO.

Redacción de contenido (copywriting) para redes sociales y campañas.

Marketing digital y redes sociales

Desarrollo de estrategias de marketing digital.

Planificación de contenido (parrillas editoriales).

Programación y gestión de publicaciones en:

LinkedIn

Facebook

Instagram

Gestión de campañas publicitarias en:

Meta Ads (Facebook e Instagram)

LinkedIn Ads

Google Ads

Herramientas y nuevas tecnologías

Uso de herramientas de Inteligencia Artificial para generación de contenido, automatización y optimización de procesos.

Habilidades clave (Soft Skills)

Organización y gestión de múltiples proyectos.

Pensamiento estratégico.

Atención al detalle.

Capacidad de análisis y toma de decisiones basada en datos.

Comunicación efectiva.

Proactividad y autonomía.

Extra:

Capacidad de integrar diseño, desarrollo y marketing en una sola estrategia.

Enfoque en resultados (tráfico, conversión, posicionamiento).

Tipo de puesto: Tiempo completo

Sueldo: $16,000\.00 \- $18,000\.00 al mes

Lugar de trabajo: Empleo remoto"
content manager editorial cultural,Argentina,indeed,"iGaming Content Writer – LATAM (Peru, Chile & Argentina)",North Star Network,"Desde casa, AR",2026-03-31,,,,https://ar.indeed.com/viewjob?jk=61ad76e43e302c32,"**About North Star Network**

North Star Network (NSN) is a global sports and betting media group that builds and operates leading digital brands connecting sports fans and bettors across 30\+ countries.

Our mission is to turn passion for sports and gaming into trusted information, data\-driven insights, and responsible entertainment.

We’re a multicultural and fully remote company uniting 50\+ in\-house and 200\+ external experts from more than 20 nationalities across Europe, Africa, and the Americas.

**About the Role**

At North Star Network, we are looking to expand our **Latin America content team** by hiring **three Content Writers**, each dedicated to one local market:

* **Peru**
* **Chile**
* **Argentina**

As a **Content Writer**, you will be responsible for producing **high\-quality, accurate, and SEO\-driven content** tailored to your assigned market. Your work will play a key role in attracting, engaging, and converting users across our iGaming and sports platforms.

Reporting to a **Content Manager or Senior Content Manager**, you will collaborate closely with Editors, SEO specialists, and other Writers to ensure our content meets the highest editorial standards while supporting traffic growth and monetization goals.

This role is ideal for writers who combine **strong editorial skills, local market expertise, and a performance\-driven mindset** in fast\-paced digital environments.

**Key Responsibilities**

**Content Creation**

* Write original, high\-quality articles following provided briefs, tone, and structure.
* Adapt writing style, terminology, and references to the **local audience** in Peru, Chile, or Argentina.
* Ensure factual accuracy, clarity, and a professional yet engaging tone.
* Deliver a consistent volume of content within deadlines, meeting editorial, quality, and SEO expectations.
* Research relevant sports events, trends, and operators to provide reliable and up\-to\-date information.
* Bring first\-hand market knowledge and in\-depth local expertise where applicable.

**SEO Integration**

* Apply SEO best practices, including keyword usage, internal linking, structured formatting, and on\-page optimization.
* Follow content briefs and editorial guidelines to optimize for **visibility, engagement, and conversion**.
* Collaborate with SEO specialists and Content Managers to adjust and improve existing content.
* Monitor article performance when requested and incorporate feedback to refine content.
* Review published articles regularly and implement updates when content becomes outdated.

**Collaboration \& Feedback**

* Work closely with Editors and Content Managers to refine drafts and integrate feedback efficiently.
* Collaborate with other writers to maintain consistent quality and tone across brands and markets.
* Participate in content reviews, workshops, and editorial discussions.
* Communicate proactively regarding progress, challenges, deadlines, and content ideas.

**Compliance \& Quality**

* Ensure all content complies with brand, editorial, and regulatory guidelines, particularly in **iGaming and sports betting**.
* Maintain accuracy, transparency, and neutrality when writing about operators, bonuses, games, or predictions.
* Perform thorough self\-proofreading before submission to minimize revisions.
* Stay informed about **local regulations, market trends, and audience expectations** in your assigned country.

**What We’re Looking For**

* Native or near\-native **Spanish speaker**, with strong cultural and market knowledge of **Peru, Chile, or Argentina**.
* Professional working proficiency in **English**.
* Proven experience as a Content Writer, SEO Writer, Copywriter, or Journalist.
* Solid understanding of SEO fundamentals and digital publishing.
* Strong research skills and attention to detail.
* Ability to work independently, manage deadlines, and apply feedback constructively.
* Interest or experience in **sports, iGaming, or digital media** is a strong plus.
* Familiarity with CMS platforms (e.g. WordPress) is an advantage.
* Comfortable working in a **remote, multicultural environment**.

**What We Offer**

* Work on **high\-traffic international brands** reaching millions of sports fans worldwide.
* **100% remote work** possible.
* Join a diverse, international team passionate about sports, content, and digital innovation.
* Opportunities to grow within a **fast\-expanding global media company**.
* A culture of **autonomy, trust, and collaboration**.
* Competitive compensation depending on experience and seniority.

**Ready to Join Us?**

If you’re passionate about sports, content, and iGaming and you want to make an impact in one of Latin America’s key markets we’d love to hear from you.

**Apply now and help shape NSN’s Spanish\-language content across Latin America.**

Job Type: Temporary

Application Question(s):

* How many years of experience do you have in the iGaming industry?
* What is your salary expectation ( EURO) and what is your availability ?
* Which market would you like to work on (PE, CL, or ARG)?
* In 1–2 sentences, how would you define “high\-quality content”?
* Submit a demo article in Spanish

Work Location: Remote"
dirección creativa remoto,Spain,indeed,Digital Growth Specialist,CREATIT,"Madrid, MD, ES",2026-03-31,,,,https://es.indeed.com/viewjob?jk=54c3db16ddb72f71,"**¡Hola! somos creatit**. la agencia digital de alto rendimiento para los negocios que más crecen en digital.


Llevamos más de 5 años impulsando a PYMES y StartUps a crecer, evolucionar y destacar. Nacimos como un pequeño equipo con una gran ambición, y hoy seguimos creciendo, sumando talento y clientes que confían en nosotros para llevar sus negocios al siguiente nivel.


Nuestro foco es claro: **maximizar ingresos y construir marcas sólidas** trabajando todas las fases del funnel. En nuestro ADN conviven la innovación, la estrategia y la experiencia de usuario.


No vendemos humo: todo lo que hacemos se mide, se analiza y se optimiza para obtener resultados reales.


No somos solo una agencia: somos un partner estratégico que entiende el negocio, detecta oportunidades y ejecuta con precisión para superar cualquier reto.


El objetivo de cada cliente es también el nuestro.

**¿Cuál será tu misión?**


Serás responsable de **impulsar el crecimiento digital de nuestros clientes desde un enfoque técnico y estratégico**, trabajando sobre todo lo que impacta directamente en revenue.


Tu rol estará centrado en **paid media, data, automatización y eCommerce**, con una visión completa de funnel del negocio.


No es un rol de gestión diaria de cliente, pero sí participarás en **reuniones estratégicas y consultoría**, aportando criterio y dirección.


Trabajarás con autonomía, priorizando lo que realmente mueve el negocio y ejecutando con foco en resultados.


Buscamos a alguien con mentalidad estratégica y capacidad organizativa, con el potencial de evolucionar hacia un rol de liderazgo a medio plazo.

###### **¿Qué harás en tu día a día?**

**Growth \& Performance**

* Gestión y optimización de campañas en **Meta Ads, Google Ads y TikTok Ads**
* Escalado de cuentas y toma de decisiones basadas en datos
* Testing estructurado de audiencias, creatividades y funnels

**Data \& Analítica**

* Creación y análisis de **dashboards y reports**
* Interpretación de KPIs clave (CAC, LTV, ROAS, etc.)
* Detección de oportunidades de mejora en todo el funnel

**Marketing Automation**

* Diseño y optimización de flujos en **Klaviyo, Connectif o similares**
* Estrategias de captación, conversión y retención

**eCommerce**

* Trabajo sobre tiendas **Shopify (o similares)**
* Optimización de conversión (CRO) y experiencia de usuario
* Coordinación con equipo creativo para mejorar performance

**Tracking \& Tech**

* Implementación y revisión de **tracking (GA4, píxeles, eventos, etc.)**
* Integraciones entre herramientas


️‍️**¿Qué buscamos?**

* **2\-3 años de experiencia** en roles de performance/growth
* Experiencia real gestionando **Paid media (Meta, Google, TikTok)**
* Conocimientos en **email marketing / automation (Klaviyo, Connectif…)**
* Experiencia trabajando con **eCommerce (Shopify idealmente)**
* Buen nivel de **analítica (GA4, dashboards, interpretación de datos)**
* Experiencia en **tracking e integraciones**
* Inglés nivel medio


Y sobre todo:

* Mentalidad de **negocio (no solo ejecutar campañas)**
* Capacidad analítica y criterio propio
* Alta organización y atención al detalle
* Autonomía y proactividad
* Curiosidad constante por mejorar y aprender

**Además, haríamos un match perfecto si tienes:**

* Te flipa el mundo digital y entender cómo escalar negocios
* Disfrutas más optimizando que ejecutando tareas sin sentido
* Te obsesiona el dato y tomar decisiones con criterio
* Eres exigente contigo mismx y con el trabajo
* Buscas impacto real, no “hacer campañas por hacer”
* Te gusta construir, probar y mejorar constantemente


️‍**¿Qué hace de creatit un sitio único?**

* **Buen ambiente y equipo unido**: trabajamos codo a codo, compartimos ideas, nos apoyamos y celebramos juntos los éxitos. La colaboración y la empatía no son discurso: son nuestro día a día.
* **Cultura de alto rendimiento**: somos un equipo joven, dinámico y ambicioso, donde el análisis, la creatividad y la comunicación fluida son la base para conseguir resultados reales.
* **Aprendizaje y crecimiento constante**: trabajamos con marcas que crecen rápido, lo que nos obliga a innovar, adaptarnos y aprender cada semana. Potenciamos el desarrollo profesional de cada persona, dándote autonomía y responsabilidades reales desde el inicio.
* **Visión clara y ambición compartida**: queremos ser la agencia digital de referencia en España, y buscamos personas que quieran crecer con nosotros y dejar huella en cada proyecto.

**¿Qué ofrecemos?**

* **Contrato indefinido** y jornada completa desde el primer día.
* **Modelo híbrido**: 3 días en oficina (Madrid) y 2 días en remoto.
* ‍ **Full teletrabajo** en julio, agosto y Navidad para que disfrutes de más flexibilidad.
* **Horario flexible y Jornada intensiva en Verano.**
* ️ **23 días de vacaciones** \+ 24 y 31 de diciembre libres.
* **Formación continua**: somos partners certificados de Google, Meta y otras herramientas líderes.
* **Bonus extra**: porcentaje de lo facturado por cada cliente que traigas.
* **Crecimiento sin techo**: empresa joven, en expansión y con oportunidades reales de asumir más responsabilidad y liderazgo.
* **Buen ambiente y equilibrio**: nos gusta trabajar duro, pero también disfrutar del camino.
* **Retribución flexible con Cobee.**
* **Salario acorde a tu experiencia y valor**.


Si has llegado hasta aquí, es porque algo de todo esto va contigo.


Puede que seas justo la persona que estamos buscando… y nosotros, el equipo en el que quieres estar.

**¿Te animas?**"
