{"type": "FeatureCollection", "features": [{"type": "Feature", "geometry": {"type": "Point", "coordinates": [-57.5802543, -25.2845278]}, "properties": {"name": "The American School of Asuncion", "type": "establishment", "phone": "(021) 236 4000", "rating": 0.0}}, {"type": "Feature", "geometry": {"type": "Point", "coordinates": [-57.5548595, -25.259923]}, "properties": {"name": "St. Anne's School / Colegio Santa Anna", "type": "establishment", "phone": "(021) 295 649", "rating": 0.0}}, {"type": "Feature", "geometry": {"type": "Point", "coordinates": [-57.58253329999999, -25.2573843]}, "properties": {"name": "Colegio Técnico Cerro Corá", "type": "establishment", "phone": "(021) 282 170", "rating": 4.4}}, {"type": "Feature", "geometry": {"type": "Point", "coordinates": [-57.58664100000001, -25.2787466]}, "properties": {"name": "Asunción Christian Academy", "type": "establishment", "phone": "(021) 338 1009", "rating": 4.4}}, {"type": "Feature", "geometry": {"type": "Point", "coordinates": [-57.57130900000001, -25.300953]}, "properties": {"name": "Colegio Técnico Nacional de Asunción", "type": "establishment", "phone": "(021) 608 663", "rating": 4.7}}, {"type": "Feature", "geometry": {"type": "Point", "coordinates": [-57.53225279999999, -25.3180198]}, "properties": {"name": "Colegio de la Asunción", "type": "establishment", "phone": "(021) 680 913", "rating": 4.7}}, {"type": "Feature", "geometry": {"type": "Point", "coordinates": [-57.5561818, -25.2834081]}, "properties": {"name": "Colegio Goethe", "type": "establishment", "phone": "(021) 662 546", "rating": 0.0}}, {"type": "Feature", "geometry": {"type": "Point", "coordinates": [-57.56220689999999, -25.2699279]}, "properties": {"name": "The CCPA School", "type": "establishment", "phone": "(021) 615 160", "rating": 0.0}}, {"type": "Feature", "geometry": {"type": "Point", "coordinates": [-57.5918332, -25.267025]}, "properties": {"name": "Educational Center San Ignacio de Loyola", "type": "establishment", "phone": "0972 295870", "rating": 0.0}}, {"type": "Feature", "geometry": {"type": "Point", "coordinates": [-57.5879596, -25.2722381]}, "properties": {"name": "Deutsche Schule Concordia", "type": "establishment", "phone": "(021) 291 370", "rating": 0.0}}, {"type": "Feature", "geometry": {"type": "Point", "coordinates": [-57.58721929999999, -25.2961945]}, "properties": {"name": "Colegio Las Almenas", "type": "establishment", "phone": "(021) 604 055", "rating": 0.0}}, {"type": "Feature", "geometry": {"type": "Point", "coordinates": [-57.5815206, -25.2650988]}, "properties": {"name": "Technical College Javier", "type": "establishment", "phone": "(021) 296 187", "rating": 0.0}}, {"type": "Feature", "geometry": {"type": "Point", "coordinates": [-57.5716484, -25.2626595]}, "properties": {"name": "Lumen School", "type": "establishment", "phone": "(021) 283 483", "rating": 0.0}}, {"type": "Feature", "geometry": {"type": "Point", "coordinates": [-57.56167730000001, -25.3001627]}, "properties": {"name": "Albert Einstein School", "type": "establishment", "phone": "(021) 613 781", "rating": 4.1}}, {"type": "Feature", "geometry": {"type": "Point", "coordinates": [-57.64203879999999, -25.2929227]}, "properties": {"name": "Escuela Nacional de Comercio N°1 Alfonso B. Campos", "type": "establishment", "phone": "0971 759988", "rating": 4.6}}, {"type": "Feature", "geometry": {"type": "Point", "coordinates": [-57.6015969, -25.2664792]}, "properties": {"name": "CDI COLEGIO", "type": "establishment", "phone": "", "rating": 4.9}}, {"type": "Feature", "geometry": {"type": "Point", "coordinates": [-57.5857484, -25.2759414]}, "properties": {"name": "Colegio Aula Viva", "type": "establishment", "phone": "0982 429050", "rating": 0.0}}, {"type": "Feature", "geometry": {"type": "Point", "coordinates": [-57.57459849999999, -25.2570875]}, "properties": {"name": "TEIJ", "type": "establishment", "phone": "0981 292124", "rating": 4.7}}, {"type": "Feature", "geometry": {"type": "Point", "coordinates": [-57.6157098, -25.2895378]}, "properties": {"name": "Colegio Internacional", "type": "establishment", "phone": "(021) 200 675", "rating": 0.0}}, {"type": "Feature", "geometry": {"type": "Point", "coordinates": [-57.5630237, -25.3045079]}, "properties": {"name": "Colegio Privado del Sol", "type": "establishment", "phone": "(021) 512 617", "rating": 0.0}}, {"type": "Feature", "geometry": {"type": "Point", "coordinates": [-57.56545120000001, -25.2636322]}, "properties": {"name": "\"Doña Francisca Eloisa Duarte\" Primary School N°962", "type": "establishment", "phone": "(021) 291 399", "rating": 0.0}}, {"type": "Feature", "geometry": {"type": "Point", "coordinates": [-57.58133970000001, -25.2582189]}, "properties": {"name": "Escuela Basica Nro. 19 Rca. Oriental Del Uruguay", "type": "establishment", "phone": "(021) 290 345", "rating": 0.0}}, {"type": "Feature", "geometry": {"type": "Point", "coordinates": [-57.58068839999999, -25.2503751]}, "properties": {"name": "Escuela Básica. N° 7269 Padre José María Vélaz de Fe y Alegría", "type": "establishment", "phone": "0986 804338", "rating": 0.0}}, {"type": "Feature", "geometry": {"type": "Point", "coordinates": [-57.57525520000001, -25.3200098]}, "properties": {"name": "Esc. Básica N°434 Juan Eudoro Cáceres", "type": "establishment", "phone": "0985 242454", "rating": 0.0}}, {"type": "Feature", "geometry": {"type": "Point", "coordinates": [-57.5700198, -25.2872461]}, "properties": {"name": "Roberto Schaerer", "type": "establishment", "phone": "0991 870225", "rating": 0.0}}, {"type": "Feature", "geometry": {"type": "Point", "coordinates": [-57.55711770000001, -25.2683765]}, "properties": {"name": "School First President", "type": "establishment", "phone": "(021) 282 083", "rating": 0.0}}, {"type": "Feature", "geometry": {"type": "Point", "coordinates": [-57.6299528, -25.3095797]}, "properties": {"name": "파라과이한국학교(Colegio Coreano del Paraguay)", "type": "establishment", "phone": "(021) 310 052", "rating": 0.0}}, {"type": "Feature", "geometry": {"type": "Point", "coordinates": [-57.583251, -25.320845]}, "properties": {"name": "ESCUELA BÁSICA N°4865 CENTRO EDUCATIVO CAMPO VERDE", "type": "establishment", "phone": "(021) 522 001", "rating": 4.5}}, {"type": "Feature", "geometry": {"type": "Point", "coordinates": [-57.60744889999999, -25.3017701]}, "properties": {"name": "CEPPE Centro De Enseñanza Primaria Y Preescolar", "type": "establishment", "phone": "0986 789547", "rating": 0.0}}, {"type": "Feature", "geometry": {"type": "Point", "coordinates": [-57.62, -25.2852778]}, "properties": {"name": "Escuela Basica Santa Sofia", "type": "establishment", "phone": "(021) 225 035", "rating": 0.0}}, {"type": "Feature", "geometry": {"type": "Point", "coordinates": [-57.60787409999999, -25.2884427]}, "properties": {"name": "Basic School No.9 Adela Speratti", "type": "establishment", "phone": "(021) 204 713", "rating": 0.0}}, {"type": "Feature", "geometry": {"type": "Point", "coordinates": [-57.6402057, -25.3063946]}, "properties": {"name": "National school Dr. Juan Manuel Frutos", "type": "establishment", "phone": "(021) 372 395", "rating": 0.0}}, {"type": "Feature", "geometry": {"type": "Point", "coordinates": [-57.587836, -25.300194]}, "properties": {"name": "Colegio Campoalto", "type": "establishment", "phone": "(021) 608 587", "rating": 0.0}}, {"type": "Feature", "geometry": {"type": "Point", "coordinates": [-57.56689189999999, -25.2770654]}, "properties": {"name": "Colegio Nacional Pdte Dr José Patricio Guggiari", "type": "establishment", "phone": "(021) 606 075", "rating": 0.0}}, {"type": "Feature", "geometry": {"type": "Point", "coordinates": [-57.6172545, -25.2940791]}, "properties": {"name": "National School of Commerce no. 2", "type": "establishment", "phone": "(021) 223 195", "rating": 3.8}}, {"type": "Feature", "geometry": {"type": "Point", "coordinates": [-57.5469872, -25.2439972]}, "properties": {"name": "Higher Education Center María Serrana", "type": "establishment", "phone": "(021) 297 113", "rating": 0.0}}, {"type": "Feature", "geometry": {"type": "Point", "coordinates": [-57.623999, -25.3247186]}, "properties": {"name": "Alpha College Paraguay", "type": "establishment", "phone": "0974 854386", "rating": 4.1}}, {"type": "Feature", "geometry": {"type": "Point", "coordinates": [-57.6444285, -25.2782675]}, "properties": {"name": "Colegio Dr. Jose Gaspar Rodriguez de Francia", "type": "establishment", "phone": "(021) 493 614", "rating": 0.0}}, {"type": "Feature", "geometry": {"type": "Point", "coordinates": [-57.567942, -25.3256027]}, "properties": {"name": "Catholic Apostolic College San Jose", "type": "establishment", "phone": "0971 324002", "rating": 0.0}}, {"type": "Feature", "geometry": {"type": "Point", "coordinates": [-57.59796060000001, -25.3203098]}, "properties": {"name": "Virgin of Nazareth College", "type": "establishment", "phone": "(021) 552 524", "rating": 0.0}}, {"type": "Feature", "geometry": {"type": "Point", "coordinates": [-57.58395969999999, -25.2998535]}, "properties": {"name": "Colegio Nac. E.M.D. Dr. Eduardo Alvarin Romero", "type": "establishment", "phone": "(021) 605 601", "rating": 0.0}}, {"type": "Feature", "geometry": {"type": "Point", "coordinates": [-57.6222427, -25.3231296]}, "properties": {"name": "Sister Eusebia Palomino Private school", "type": "establishment", "phone": "(021) 332 092", "rating": 0.0}}, {"type": "Feature", "geometry": {"type": "Point", "coordinates": [-57.60697469999999, -25.3122327]}, "properties": {"name": "Divine Word College", "type": "establishment", "phone": "(021) 551 446", "rating": 4.6}}, {"type": "Feature", "geometry": {"type": "Point", "coordinates": [-57.6431273, -25.2873398]}, "properties": {"name": "Autonomous University of Asuncion", "type": "establishment", "phone": "(021) 495 873", "rating": 4.5}}, {"type": "Feature", "geometry": {"type": "Point", "coordinates": [-57.63200129999999, -25.2807615]}, "properties": {"name": "Universidad Católica \"Nuestra Señora de la Asunción\" Sede Central", "type": "establishment", "phone": "(021) 318 4000", "rating": 3.9}}, {"type": "Feature", "geometry": {"type": "Point", "coordinates": [-57.51973979999999, -25.3357603]}, "properties": {"name": "National University of Asuncion", "type": "establishment", "phone": "(021) 585 540", "rating": 4.6}}, {"type": "Feature", "geometry": {"type": "Point", "coordinates": [-57.5725747, -25.2867981]}, "properties": {"name": "Pacific Private University", "type": "establishment", "phone": "(021) 615 490", "rating": 4.5}}, {"type": "Feature", "geometry": {"type": "Point", "coordinates": [-57.5994016, -25.2771806]}, "properties": {"name": "Universidad Central del Paraguay", "type": "establishment", "phone": "0993 456000", "rating": 4.6}}, {"type": "Feature", "geometry": {"type": "Point", "coordinates": [-57.61175530000001, -25.2863006]}, "properties": {"name": "Columbia University of Paraguay", "type": "establishment", "phone": "(021) 219 8000", "rating": 4.5}}, {"type": "Feature", "geometry": {"type": "Point", "coordinates": [-57.6297954, -25.2859002]}, "properties": {"name": "Columbia University of Paraguay", "type": "establishment", "phone": "(021) 490 811", "rating": 4.5}}, {"type": "Feature", "geometry": {"type": "Point", "coordinates": [-57.5927993, -25.2820808]}, "properties": {"name": "UCSA - Campus Universitario", "type": "establishment", "phone": "(021) 221 106", "rating": 4.3}}, {"type": "Feature", "geometry": {"type": "Point", "coordinates": [-57.64304909999999, -25.2805458]}, "properties": {"name": "Universidad Autónoma del Paraguay", "type": "establishment", "phone": "(021) 447 579", "rating": 4.4}}, {"type": "Feature", "geometry": {"type": "Point", "coordinates": [-57.6049789, -25.2900011]}, "properties": {"name": "Universidad Metropolitana de Asunción", "type": "establishment", "phone": "(021) 201 939", "rating": 4.6}}, {"type": "Feature", "geometry": {"type": "Point", "coordinates": [-57.636523, -25.3244841]}, "properties": {"name": "Universidad Católica Nuestra Señora de la Asunción", "type": "establishment", "phone": "(021) 318 4000", "rating": 4.3}}, {"type": "Feature", "geometry": {"type": "Point", "coordinates": [-57.59412, -25.274873]}, "properties": {"name": "University of the Integration of the Americas", "type": "establishment", "phone": "(021) 288 9000", "rating": 4.3}}, {"type": "Feature", "geometry": {"type": "Point", "coordinates": [-57.59946600000001, -25.278563]}, "properties": {"name": "Universidad Americana", "type": "establishment", "phone": "(021) 729 4900", "rating": 4.2}}, {"type": "Feature", "geometry": {"type": "Point", "coordinates": [-57.6480212, -25.2798795]}, "properties": {"name": "Universidad Privada del Este - Sede Asunción", "type": "establishment", "phone": "0981 191853", "rating": 4.6}}, {"type": "Feature", "geometry": {"type": "Point", "coordinates": [-57.6444972, -25.2930134]}, "properties": {"name": "UNADES", "type": "establishment", "phone": "(021) 371 371", "rating": 4.6}}, {"type": "Feature", "geometry": {"type": "Point", "coordinates": [-57.5835683, -25.2944432]}, "properties": {"name": "UCOM - Universidad Comunera", "type": "establishment", "phone": "(021) 338 7000", "rating": 4.4}}, {"type": "Feature", "geometry": {"type": "Point", "coordinates": [-57.5881018, -25.3135169]}, "properties": {"name": "Guarani Hispanic University", "type": "establishment", "phone": "(021) 615 951", "rating": 4.8}}, {"type": "Feature", "geometry": {"type": "Point", "coordinates": [-57.53787029999999, -25.2370319]}, "properties": {"name": "Universidad Maria Auxiliadora", "type": "establishment", "phone": "(021) 296 900", "rating": 4.5}}, {"type": "Feature", "geometry": {"type": "Point", "coordinates": [-57.58669429999999, -25.2908146]}, "properties": {"name": "University Sustainable Development - UDS", "type": "establishment", "phone": "(021) 600 973", "rating": 4.7}}, {"type": "Feature", "geometry": {"type": "Point", "coordinates": [-57.59362709999999, -25.2648633]}, "properties": {"name": "Universidad San Ignacio de Loyola - Paraguay", "type": "establishment", "phone": "(021) 282 801", "rating": 4.6}}, {"type": "Feature", "geometry": {"type": "Point", "coordinates": [-57.5655699, -25.2835719]}, "properties": {"name": "The Library delSol", "type": "establishment", "phone": "0986 110395", "rating": 0.0}}, {"type": "Feature", "geometry": {"type": "Point", "coordinates": [-57.6165813, -25.2873644]}, "properties": {"name": "National Library of Paraguay", "type": "establishment", "phone": "", "rating": 4.3}}, {"type": "Feature", "geometry": {"type": "Point", "coordinates": [-57.6233581, -25.2851532]}, "properties": {"name": "Roosevelt Public Library", "type": "establishment", "phone": "0986 242204", "rating": 4.6}}, {"type": "Feature", "geometry": {"type": "Point", "coordinates": [-57.569563, -25.2637826]}, "properties": {"name": "Biblioteca de Derecho UNA", "type": "establishment", "phone": "", "rating": 4.3}}, {"type": "Feature", "geometry": {"type": "Point", "coordinates": [-57.57940809999999, -25.2748758]}, "properties": {"name": "Biblioparque Parque de la Salud IPS", "type": "establishment", "phone": "", "rating": 5}}, {"type": "Feature", "geometry": {"type": "Point", "coordinates": [-57.6360043, -25.2773063]}, "properties": {"name": "Central Archives and Library of Congress", "type": "establishment", "phone": "(021) 414 5000", "rating": 4.5}}, {"type": "Feature", "geometry": {"type": "Point", "coordinates": [-57.5656208, -25.2725039]}, "properties": {"name": "CCPJ", "type": "establishment", "phone": "(021) 607 276", "rating": 4.8}}, {"type": "Feature", "geometry": {"type": "Point", "coordinates": [-57.6380843, -25.2782416]}, "properties": {"name": "Biblioteca Municipal Augusto Roa Bastos", "type": "establishment", "phone": "(021) 442 448", "rating": 4.5}}, {"type": "Feature", "geometry": {"type": "Point", "coordinates": [-57.5995387, -25.2785419]}, "properties": {"name": "Biblioteca Augusto Roa Bastos, Universidad Americana", "type": "establishment", "phone": "", "rating": 4.8}}, {"type": "Feature", "geometry": {"type": "Point", "coordinates": [-57.56641489999999, -25.281477]}, "properties": {"name": "Literato", "type": "book_store", "phone": "0982 998882", "rating": 4.8}}, {"type": "Feature", "geometry": {"type": "Point", "coordinates": [-57.5732639, -25.2952245]}, "properties": {"name": "Fundación Biblioteca Maximilian Freundorfer", "type": "establishment", "phone": "(021) 623 885", "rating": 5}}, {"type": "Feature", "geometry": {"type": "Point", "coordinates": [-57.63135440000001, -25.2837278]}, "properties": {"name": "Intercontinental library S.A.", "type": "book_store", "phone": "0972 231260", "rating": 4.6}}, {"type": "Feature", "geometry": {"type": "Point", "coordinates": [-57.5965554, -25.2831699]}, "properties": {"name": "Biblioteca Callejera N° 5", "type": "establishment", "phone": "0981 818378", "rating": 5}}, {"type": "Feature", "geometry": {"type": "Point", "coordinates": [-57.5837817, -25.3192527]}, "properties": {"name": "Biblioteca del INAES", "type": "book_store", "phone": "", "rating": 4.4}}, {"type": "Feature", "geometry": {"type": "Point", "coordinates": [-57.6298647, -25.2887731]}, "properties": {"name": "Cultural Center of Spain Juan de Salazar", "type": "establishment", "phone": "0974 599961", "rating": 4.7}}, {"type": "Feature", "geometry": {"type": "Point", "coordinates": [-57.623399, -25.284999]}, "properties": {"name": "Centro Cultural Paraguayo Americano - CCPA", "type": "establishment", "phone": "(021) 729 7272", "rating": 4.5}}, {"type": "Feature", "geometry": {"type": "Point", "coordinates": [-57.6422638, -25.2861543]}, "properties": {"name": "Libreria De La Paz", "type": "establishment", "phone": "(021) 494 965", "rating": 4.4}}, {"type": "Feature", "geometry": {"type": "Point", "coordinates": [-57.56751999999999, -25.2830458]}, "properties": {"name": "Books", "type": "book_store", "phone": "(021) 611 730", "rating": 4.4}}, {"type": "Feature", "geometry": {"type": "Point", "coordinates": [-57.61544319999999, -25.2901257]}, "properties": {"name": "Biblioteca \"George E. Wiley Jr\"", "type": "establishment", "phone": "(021) 200 663", "rating": 5}}, {"type": "Feature", "geometry": {"type": "Point", "coordinates": [-57.6015689, -25.2919484]}, "properties": {"name": "Books - Casa Central", "type": "establishment", "phone": "0983 461551", "rating": 4.6}}, {"type": "Feature", "geometry": {"type": "Point", "coordinates": [-57.57652030000001, -25.2936509]}, "properties": {"name": "Ese Lugar! - Quinta Nauar", "type": "establishment", "phone": "(021) 604 061", "rating": 4.6}}, {"type": "Feature", "geometry": {"type": "Point", "coordinates": [-57.55766709999999, -25.2733026]}, "properties": {"name": "Tierra Colorada Gastro", "type": "establishment", "phone": "(021) 663 335", "rating": 4.7}}, {"type": "Feature", "geometry": {"type": "Point", "coordinates": [-57.5567876, -25.2725889]}, "properties": {"name": "Casa Luma", "type": "establishment", "phone": "0974 727272", "rating": 4.8}}, {"type": "Feature", "geometry": {"type": "Point", "coordinates": [-57.640662, -25.281724]}, "properties": {"name": "Taberna Española", "type": "establishment", "phone": "0981 441199", "rating": 4.6}}, {"type": "Feature", "geometry": {"type": "Point", "coordinates": [-57.5635565, -25.284572]}, "properties": {"name": "Maurice de Talleyrand", "type": "establishment", "phone": "(021) 695 573", "rating": 4.7}}, {"type": "Feature", "geometry": {"type": "Point", "coordinates": [-57.63618979999999, -25.282218]}, "properties": {"name": "Bolsi", "type": "cafe", "phone": "0981 293130", "rating": 4.6}}, {"type": "Feature", "geometry": {"type": "Point", "coordinates": [-57.5569764, -25.2869412]}, "properties": {"name": "La Cabrera Santa Teresa", "type": "establishment", "phone": "0984 505178", "rating": 4.7}}, {"type": "Feature", "geometry": {"type": "Point", "coordinates": [-57.5618357, -25.3078647]}, "properties": {"name": "Cocina Clandestina", "type": "establishment", "phone": "0983 286114", "rating": 4.6}}, {"type": "Feature", "geometry": {"type": "Point", "coordinates": [-57.57524050000001, -25.2979518]}, "properties": {"name": "San Pietro Restaurante", "type": "establishment", "phone": "0976 332231", "rating": 4.6}}, {"type": "Feature", "geometry": {"type": "Point", "coordinates": [-57.55636689999999, -25.2735027]}, "properties": {"name": "Alba By Casa Luma", "type": "establishment", "phone": "0976 536000", "rating": 4.8}}, {"type": "Feature", "geometry": {"type": "Point", "coordinates": [-57.61306929999999, -25.2866501]}, "properties": {"name": "Bar San Miguel", "type": "cafe", "phone": "0987 100102", "rating": 4.6}}, {"type": "Feature", "geometry": {"type": "Point", "coordinates": [-57.5888511, -25.2963028]}, "properties": {"name": "Churrasquería O Gaúcho", "type": "establishment", "phone": "(021) 608 596", "rating": 4.7}}, {"type": "Feature", "geometry": {"type": "Point", "coordinates": [-57.6397945, -25.2793348]}, "properties": {"name": "La Maria Cocina y Carbon del Centro", "type": "establishment", "phone": "0981 781001", "rating": 4.7}}, {"type": "Feature", "geometry": {"type": "Point", "coordinates": [-57.6280459, -25.2851792]}, "properties": {"name": "Bar San Roque", "type": "establishment", "phone": "(021) 446 015", "rating": 4.5}}, {"type": "Feature", "geometry": {"type": "Point", "coordinates": [-57.56763220000001, -25.2835356]}, "properties": {"name": "LA CABRERA", "type": "establishment", "phone": "0984 739437", "rating": 4.6}}, {"type": "Feature", "geometry": {"type": "Point", "coordinates": [-57.5672976, -25.2844435]}, "properties": {"name": "Zulu Rooftop", "type": "establishment", "phone": "0974 400500", "rating": 4.3}}, {"type": "Feature", "geometry": {"type": "Point", "coordinates": [-57.5671038, -25.2820571]}, "properties": {"name": "Mercato La Caoba", "type": "establishment", "phone": "0974 103071", "rating": 4.4}}, {"type": "Feature", "geometry": {"type": "Point", "coordinates": [-57.5656064, -25.268441]}, "properties": {"name": "TORO Restaurante", "type": "establishment", "phone": "0974 240095", "rating": 4.6}}, {"type": "Feature", "geometry": {"type": "Point", "coordinates": [-57.5713104, -25.2882322]}, "properties": {"name": "1688 Resto", "type": "establishment", "phone": "0981 459750", "rating": 4.6}}, {"type": "Feature", "geometry": {"type": "Point", "coordinates": [-57.63407059999999, -25.282364]}, "properties": {"name": "Restaurante El Bodegón", "type": "establishment", "phone": "(021) 494 240", "rating": 4.5}}, {"type": "Feature", "geometry": {"type": "Point", "coordinates": [-57.5758957, -25.2873598]}, "properties": {"name": "El Café de Acá", "type": "cafe", "phone": "0973 153040", "rating": 4.6}}, {"type": "Feature", "geometry": {"type": "Point", "coordinates": [-57.57087329999999, -25.2840734]}, "properties": {"name": "Typica Café Paraguay", "type": "cafe", "phone": "0981 130150", "rating": 4.6}}, {"type": "Feature", "geometry": {"type": "Point", "coordinates": [-57.6358775, -25.2814489]}, "properties": {"name": "Kaffe'i - Coffee Roasters", "type": "cafe", "phone": "", "rating": 4.6}}, {"type": "Feature", "geometry": {"type": "Point", "coordinates": [-57.60584469999999, -25.2836507]}, "properties": {"name": "El Cafetero", "type": "cafe", "phone": "0974 844500", "rating": 4.6}}, {"type": "Feature", "geometry": {"type": "Point", "coordinates": [-57.5783238, -25.2877667]}, "properties": {"name": "Mary's Coffee", "type": "cafe", "phone": "0981 774979", "rating": 4.6}}, {"type": "Feature", "geometry": {"type": "Point", "coordinates": [-57.5822394, -25.2960286]}, "properties": {"name": "Artesanos Café", "type": "cafe", "phone": "0984 812120", "rating": 4.4}}, {"type": "Feature", "geometry": {"type": "Point", "coordinates": [-57.61921079999999, -25.2840987]}, "properties": {"name": "Musa Café", "type": "cafe", "phone": "", "rating": 4.8}}, {"type": "Feature", "geometry": {"type": "Point", "coordinates": [-57.6382282, -25.2775353]}, "properties": {"name": "Anga Café Arte Bar", "type": "cafe", "phone": "0992 500560", "rating": 4.6}}, {"type": "Feature", "geometry": {"type": "Point", "coordinates": [-57.5785707, -25.3018872]}, "properties": {"name": "El Café de Acá - Los Laureles", "type": "cafe", "phone": "0973 153040", "rating": 4.4}}, {"type": "Feature", "geometry": {"type": "Point", "coordinates": [-57.59892310000001, -25.2782529]}, "properties": {"name": "Coffee Cat", "type": "cafe", "phone": "0982 303053", "rating": 4.5}}, {"type": "Feature", "geometry": {"type": "Point", "coordinates": [-57.56330939999999, -25.2725516]}, "properties": {"name": "Almarreina", "type": "cafe", "phone": "0981 149936", "rating": 4.3}}, {"type": "Feature", "geometry": {"type": "Point", "coordinates": [-57.6153472, -25.283244]}, "properties": {"name": "Cafe Comporta", "type": "cafe", "phone": "0994 980005", "rating": 4}}, {"type": "Feature", "geometry": {"type": "Point", "coordinates": [-57.6083858, -25.2808309]}, "properties": {"name": "El Café de Acá - Barrio Jara (Textilia)", "type": "cafe", "phone": "0973 153040", "rating": 4.5}}, {"type": "Feature", "geometry": {"type": "Point", "coordinates": [-57.6150315, -25.2851784]}, "properties": {"name": "La Herencia Tienda Cafe", "type": "cafe", "phone": "0986 125100", "rating": 4.5}}, {"type": "Feature", "geometry": {"type": "Point", "coordinates": [-57.63293729999999, -25.283342]}, "properties": {"name": "Café Martínez", "type": "cafe", "phone": "(021) 492 902", "rating": 4.4}}, {"type": "Feature", "geometry": {"type": "Point", "coordinates": [-57.5664397, -25.2814665]}, "properties": {"name": "Urbano Café", "type": "cafe", "phone": "0972 811800", "rating": 4.4}}, {"type": "Feature", "geometry": {"type": "Point", "coordinates": [-57.58193009999999, -25.2950175]}, "properties": {"name": "Café Urbano", "type": "cafe", "phone": "", "rating": 4.4}}, {"type": "Feature", "geometry": {"type": "Point", "coordinates": [-57.638181, -25.279578]}, "properties": {"name": "Café Consulado", "type": "cafe", "phone": "0971 227665", "rating": 4.5}}, {"type": "Feature", "geometry": {"type": "Point", "coordinates": [-57.5630768, -25.2836695]}, "properties": {"name": "Juan Valdez Café Petrobras Santa Teresa", "type": "cafe", "phone": "0983 106489", "rating": 4.2}}, {"type": "Feature", "geometry": {"type": "Point", "coordinates": [-57.57825140000001, -25.2881823]}, "properties": {"name": "La Cafebreria", "type": "cafe", "phone": "0984 902284", "rating": 4.5}}, {"type": "Feature", "geometry": {"type": "Point", "coordinates": [-57.57683050000001, -25.2855139]}, "properties": {"name": "Capitão Bar - Asunción", "type": "bar", "phone": "0972 560438", "rating": 4.3}}, {"type": "Feature", "geometry": {"type": "Point", "coordinates": [-57.637389, -25.278497]}, "properties": {"name": "O'Leary club", "type": "bar", "phone": "0981 757814", "rating": 4.2}}, {"type": "Feature", "geometry": {"type": "Point", "coordinates": [-57.5775661, -25.2856379]}, "properties": {"name": "Kilkenny", "type": "bar", "phone": "(021) 609 688", "rating": 4.4}}, {"type": "Feature", "geometry": {"type": "Point", "coordinates": [-57.5736916, -25.322206]}, "properties": {"name": "La Esquinita Bar", "type": "bar", "phone": "0986 170242", "rating": 4.4}}, {"type": "Feature", "geometry": {"type": "Point", "coordinates": [-57.5713962, -25.2842757]}, "properties": {"name": "Barbara", "type": "bar", "phone": "0981 981191", "rating": 4.1}}, {"type": "Feature", "geometry": {"type": "Point", "coordinates": [-57.5774108, -25.287639]}, "properties": {"name": "Colombo Bar", "type": "bar", "phone": "", "rating": 4.2}}, {"type": "Feature", "geometry": {"type": "Point", "coordinates": [-57.58138710000001, -25.2964552]}, "properties": {"name": "Charles The Bar", "type": "bar", "phone": "0981 921737", "rating": 4.4}}, {"type": "Feature", "geometry": {"type": "Point", "coordinates": [-57.5681929, -25.2846846]}, "properties": {"name": "Mosconi Pool Bar", "type": "bar", "phone": "0981 439596", "rating": 4.6}}, {"type": "Feature", "geometry": {"type": "Point", "coordinates": [-57.57648469999999, -25.2861786]}, "properties": {"name": "KingFish", "type": "bar", "phone": "0981 765104", "rating": 3.9}}, {"type": "Feature", "geometry": {"type": "Point", "coordinates": [-57.57729339999999, -25.2857475]}, "properties": {"name": "Paseo Carmelitas", "type": "bar", "phone": "(021) 608 226", "rating": 4.5}}, {"type": "Feature", "geometry": {"type": "Point", "coordinates": [-57.6333935, -25.2830479]}, "properties": {"name": "Arsenal Cué", "type": "bar", "phone": "", "rating": 4.2}}, {"type": "Feature", "geometry": {"type": "Point", "coordinates": [-57.6285528, -25.2873292]}, "properties": {"name": "Britannia Pub", "type": "bar", "phone": "(021) 443 990", "rating": 4.5}}, {"type": "Feature", "geometry": {"type": "Point", "coordinates": [-57.5767262, -25.2875351]}, "properties": {"name": "Pool House", "type": "bar", "phone": "0986 220220", "rating": 4.3}}, {"type": "Feature", "geometry": {"type": "Point", "coordinates": [-57.58365609999999, -25.2895434]}, "properties": {"name": "Palo Santo Brewing Company", "type": "bar", "phone": "0972 234336", "rating": 4.5}}, {"type": "Feature", "geometry": {"type": "Point", "coordinates": [-57.5764114, -25.2861885]}, "properties": {"name": "McCarthy's Irish Pub", "type": "bar", "phone": "(021) 609 688", "rating": 4.4}}, {"type": "Feature", "geometry": {"type": "Point", "coordinates": [-57.57679019999999, -25.2859783]}, "properties": {"name": "Mamba Carmelitas", "type": "bar", "phone": "0981 050201", "rating": 4.2}}, {"type": "Feature", "geometry": {"type": "Point", "coordinates": [-57.58970710000001, -25.2855837]}, "properties": {"name": "Sacramento Brewing Co.", "type": "bar", "phone": "0971 405014", "rating": 4.4}}, {"type": "Feature", "geometry": {"type": "Point", "coordinates": [-57.5759983, -25.2872829]}, "properties": {"name": "Dorsia Cocktail Bar", "type": "art_gallery", "phone": "0971 110440", "rating": 4.8}}, {"type": "Feature", "geometry": {"type": "Point", "coordinates": [-57.5767349, -25.2874365]}, "properties": {"name": "Central Bar", "type": "bar", "phone": "0981 102194", "rating": 4}}, {"type": "Feature", "geometry": {"type": "Point", "coordinates": [-57.5699596, -25.2732295]}, "properties": {"name": "MOLAS 1901 tapas bar", "type": "bar", "phone": "0976 562600", "rating": 4.3}}, {"type": "Feature", "geometry": {"type": "Point", "coordinates": [-57.58668900000001, -25.2580916]}, "properties": {"name": "Dra. Cake", "type": "bakery", "phone": "0981 999796", "rating": 4.8}}, {"type": "Feature", "geometry": {"type": "Point", "coordinates": [-57.57291569999999, -25.2797396]}, "properties": {"name": "Oveja Negra", "type": "bakery", "phone": "0983 345745", "rating": 4.8}}, {"type": "Feature", "geometry": {"type": "Point", "coordinates": [-57.556748, -25.2887615]}, "properties": {"name": "Karu", "type": "bakery", "phone": "0981 222672", "rating": 4.5}}, {"type": "Feature", "geometry": {"type": "Point", "coordinates": [-57.5801484, -25.289828]}, "properties": {"name": "Mercadito Emporio", "type": "bakery", "phone": "0994 750800", "rating": 4.5}}, {"type": "Feature", "geometry": {"type": "Point", "coordinates": [-57.60660019999999, -25.2783169]}, "properties": {"name": "Georges Patissier", "type": "bakery", "phone": "", "rating": 4.7}}, {"type": "Feature", "geometry": {"type": "Point", "coordinates": [-57.56431039999999, -25.2881932]}, "properties": {"name": "Nana Bakery", "type": "bakery", "phone": "", "rating": 5}}, {"type": "Feature", "geometry": {"type": "Point", "coordinates": [-57.5958232, -25.2870309]}, "properties": {"name": "IH Patisserie", "type": "bakery", "phone": "0984 985176", "rating": 4.9}}, {"type": "Feature", "geometry": {"type": "Point", "coordinates": [-57.5584728, -25.303282]}, "properties": {"name": "HELENA LA PASTELERIA", "type": "bakery", "phone": "0971 987333", "rating": 4.8}}, {"type": "Feature", "geometry": {"type": "Point", "coordinates": [-57.5529491, -25.266861]}, "properties": {"name": "La Gourmande", "type": "bakery", "phone": "0983 308043", "rating": 4.3}}, {"type": "Feature", "geometry": {"type": "Point", "coordinates": [-57.5746343, -25.2876612]}, "properties": {"name": "Robinson Bakeshop", "type": "bakery", "phone": "0984 222277", "rating": 4.3}}, {"type": "Feature", "geometry": {"type": "Point", "coordinates": [-57.5981869, -25.3270272]}, "properties": {"name": "Panaderia Asuncion", "type": "cafe", "phone": "(021) 556 027", "rating": 4.6}}, {"type": "Feature", "geometry": {"type": "Point", "coordinates": [-57.57050959999999, -25.2749429]}, "properties": {"name": "Tea Time Bakery", "type": "bakery", "phone": "0982 826896", "rating": 4.2}}, {"type": "Feature", "geometry": {"type": "Point", "coordinates": [-57.5757831, -25.2747191]}, "properties": {"name": "Tía Laura Delicias Carmelitas", "type": "establishment", "phone": "0984 777690", "rating": 4.6}}, {"type": "Feature", "geometry": {"type": "Point", "coordinates": [-57.5548091, -25.2924454]}, "properties": {"name": "Ña Masa", "type": "bakery", "phone": "0991 797038", "rating": 4.9}}, {"type": "Feature", "geometry": {"type": "Point", "coordinates": [-57.5827196, -25.3008489]}, "properties": {"name": "Chaval Recoleta", "type": "bakery", "phone": "0976 890359", "rating": 4.5}}, {"type": "Feature", "geometry": {"type": "Point", "coordinates": [-57.6074771, -25.3173884]}, "properties": {"name": "Don Mario Bakery", "type": "bakery", "phone": "(021) 550 559", "rating": 4.4}}, {"type": "Feature", "geometry": {"type": "Point", "coordinates": [-57.5751857, -25.2885726]}, "properties": {"name": "La Dolceria", "type": "bakery", "phone": "0981 913292", "rating": 4.5}}, {"type": "Feature", "geometry": {"type": "Point", "coordinates": [-57.5795599, -25.2679316]}, "properties": {"name": "Gonzarolls", "type": "establishment", "phone": "0986 333002", "rating": 4.9}}, {"type": "Feature", "geometry": {"type": "Point", "coordinates": [-57.56970449999999, -25.3031438]}, "properties": {"name": "OFRENDA Pastelería", "type": "bakery", "phone": "0982 573073", "rating": 5}}, {"type": "Feature", "geometry": {"type": "Point", "coordinates": [-57.6124009, -25.2831041]}, "properties": {"name": "Oveja Negra", "type": "bakery", "phone": "0971 778286", "rating": 4.7}}, {"type": "Feature", "geometry": {"type": "Point", "coordinates": [-57.56437729999999, -25.2687493]}, "properties": {"name": "160B - Food Park Mburucuja", "type": "establishment", "phone": "", "rating": 4.4}}, {"type": "Feature", "geometry": {"type": "Point", "coordinates": [-57.57752310000001, -25.2855078]}, "properties": {"name": "MUME RESTO BAR", "type": "establishment", "phone": "0991 591888", "rating": 4.4}}, {"type": "Feature", "geometry": {"type": "Point", "coordinates": [-57.5649524, -25.2690629]}, "properties": {"name": "La Nutry Healthy Food", "type": "establishment", "phone": "0981 130133", "rating": 4.5}}, {"type": "Feature", "geometry": {"type": "Point", "coordinates": [-57.633188, -25.281595]}, "properties": {"name": "Lido Bar", "type": "establishment", "phone": "(021) 446 171", "rating": 4.4}}, {"type": "Feature", "geometry": {"type": "Point", "coordinates": [-57.5684961, -25.2744237]}, "properties": {"name": "Lomilito's", "type": "establishment", "phone": "0991 911153", "rating": 4.3}}, {"type": "Feature", "geometry": {"type": "Point", "coordinates": [-57.58267439999999, -25.2672176]}, "properties": {"name": "Shell", "type": "convenience_store", "phone": "4175000", "rating": 4.1}}, {"type": "Feature", "geometry": {"type": "Point", "coordinates": [-57.6382201, -25.2828551]}, "properties": {"name": "Bar La Esquina", "type": "establishment", "phone": "(021) 492 918", "rating": 4.6}}, {"type": "Feature", "geometry": {"type": "Point", "coordinates": [-57.59626340000001, -25.2875614]}, "properties": {"name": "Javorai", "type": "establishment", "phone": "(021) 225 570", "rating": 4.6}}, {"type": "Feature", "geometry": {"type": "Point", "coordinates": [-57.6282478, -25.2875179]}, "properties": {"name": "Lo de Osvaldo - Centro", "type": "establishment", "phone": "0982 128140", "rating": 4.6}}, {"type": "Feature", "geometry": {"type": "Point", "coordinates": [-57.6447801, -25.2862577]}, "properties": {"name": "La Económica", "type": "establishment", "phone": "(021) 494 722", "rating": 4.6}}, {"type": "Feature", "geometry": {"type": "Point", "coordinates": [-57.56606069999999, -25.2595515]}, "properties": {"name": "Festa Restaurante", "type": "establishment", "phone": "", "rating": 3.2}}, {"type": "Feature", "geometry": {"type": "Point", "coordinates": [-57.56190580000001, -25.2926352]}, "properties": {"name": "Hospital Universitario Ntra. Ms. Asuncion", "type": "establishment", "phone": "(021) 729 0042", "rating": 3.4}}, {"type": "Feature", "geometry": {"type": "Point", "coordinates": [-57.54655839999999, -25.2567786]}, "properties": {"name": "Hospital San Jorge, Instituto Nacional de Cardiología ASUNCION", "type": "establishment", "phone": "(021) 292 532", "rating": 4.2}}, {"type": "Feature", "geometry": {"type": "Point", "coordinates": [-57.58064459999999, -25.2714132]}, "properties": {"name": "Instituto de Previsión Social", "type": "establishment", "phone": "(021) 290 136", "rating": 3.2}}, {"type": "Feature", "geometry": {"type": "Point", "coordinates": [-57.5932261, -25.2779394]}, "properties": {"name": "Institute of Tropical Medicine", "type": "establishment", "phone": "(021) 292 463", "rating": 4.3}}, {"type": "Feature", "geometry": {"type": "Point", "coordinates": [-57.61293269999999, -25.3006664]}, "properties": {"name": "Hospital del Trauma Prof. Dr. Manuel Giagni", "type": "establishment", "phone": "(021) 204 800", "rating": 3.9}}, {"type": "Feature", "geometry": {"type": "Point", "coordinates": [-57.5783017, -25.3208209]}, "properties": {"name": "Hospital San Pablo", "type": "establishment", "phone": "(021) 500 078", "rating": 4}}, {"type": "Feature", "geometry": {"type": "Point", "coordinates": [-57.576069, -25.261057]}, "properties": {"name": "Hospital Materno Infantil Santisima Trinidad", "type": "establishment", "phone": "(021) 290 165", "rating": 3.5}}, {"type": "Feature", "geometry": {"type": "Point", "coordinates": [-57.6445401, -25.2993306]}, "properties": {"name": "Public Hospital Barrio Obrero", "type": "establishment", "phone": "(021) 370 099", "rating": 3.5}}, {"type": "Feature", "geometry": {"type": "Point", "coordinates": [-57.5227777, -25.3234821]}, "properties": {"name": "Clinical Hospital of San Lorenzo", "type": "establishment", "phone": "(021) 585 730", "rating": 4}}, {"type": "Feature", "geometry": {"type": "Point", "coordinates": [-57.59286170000001, -25.2749777]}, "properties": {"name": "Instituto Nacional de Enfermedades Respiratorias y del Ambiente Juan Max Boettner", "type": "establishment", "phone": "(021) 290 123", "rating": 4.4}}, {"type": "Feature", "geometry": {"type": "Point", "coordinates": [-57.6072885, -25.2729386]}, "properties": {"name": "La Costa", "type": "establishment", "phone": "(021) 217 1000", "rating": 4}}, {"type": "Feature", "geometry": {"type": "Point", "coordinates": [-57.62186000000001, -25.288247]}, "properties": {"name": "Sanatorio Migone", "type": "establishment", "phone": "(021) 218 2000", "rating": 3.5}}, {"type": "Feature", "geometry": {"type": "Point", "coordinates": [-57.5976957, -25.2880058]}, "properties": {"name": "Sanatorio Italiano", "type": "establishment", "phone": "(021) 214 260", "rating": 3.7}}, {"type": "Feature", "geometry": {"type": "Point", "coordinates": [-57.58114680000001, -25.2585181]}, "properties": {"name": "Sanatorio Santa Barbara", "type": "establishment", "phone": "(021) 299 388", "rating": 3.8}}, {"type": "Feature", "geometry": {"type": "Point", "coordinates": [-57.64574649999999, -25.2795969]}, "properties": {"name": "Central Hospital", "type": "establishment", "phone": "(021) 440 189", "rating": 4.2}}, {"type": "Feature", "geometry": {"type": "Point", "coordinates": [-57.65182970000001, -25.2798154]}, "properties": {"name": "Ex Hospital de Clinicas", "type": "establishment", "phone": "(021) 683 930", "rating": 3.9}}, {"type": "Feature", "geometry": {"type": "Point", "coordinates": [-57.5444978, -25.2414517]}, "properties": {"name": "Hospital Materno Infantil Loma Pyta - Asunción", "type": "establishment", "phone": "(021) 729 2000", "rating": 3.8}}, {"type": "Feature", "geometry": {"type": "Point", "coordinates": [-57.5988742, -25.2763065]}, "properties": {"name": "Sanatorio Santa Julia", "type": "establishment", "phone": "(021) 236 5000", "rating": 3.5}}, {"type": "Feature", "geometry": {"type": "Point", "coordinates": [-57.59402850000001, -25.2795717]}, "properties": {"name": "Hospital Psiquiátrico", "type": "establishment", "phone": "(021) 293 608", "rating": 3.7}}, {"type": "Feature", "geometry": {"type": "Point", "coordinates": [-57.578588, -25.2993976]}, "properties": {"name": "Centro Médico Bautista", "type": "establishment", "phone": "(021) 688 9000", "rating": 4.1}}, {"type": "Feature", "geometry": {"type": "Point", "coordinates": [-57.5811856, -25.2675872]}, "properties": {"name": "Dr. Jorge Jara Yorg", "type": "doctor", "phone": "0981 976421", "rating": 4.8}}, {"type": "Feature", "geometry": {"type": "Point", "coordinates": [-57.6134879, -25.2956108]}, "properties": {"name": "Clínica Dr.Valé - Asunción I Consultas médicas y Estudios", "type": "establishment", "phone": "0971 963000", "rating": 4}}, {"type": "Feature", "geometry": {"type": "Point", "coordinates": [-57.56814349999999, -25.3002463]}, "properties": {"name": "Consultorio Dr. Vacante", "type": "establishment", "phone": "0981 240335", "rating": 4.8}}, {"type": "Feature", "geometry": {"type": "Point", "coordinates": [-57.5766655, -25.2708165]}, "properties": {"name": "Clínica Dr. Irrazabal", "type": "establishment", "phone": "(021) 290 608", "rating": 5}}, {"type": "Feature", "geometry": {"type": "Point", "coordinates": [-57.5987934, -25.2891817]}, "properties": {"name": "Dr Carlos Vera Andrada, consultorio", "type": "establishment", "phone": "(021) 205 824", "rating": 5}}, {"type": "Feature", "geometry": {"type": "Point", "coordinates": [-57.5882363, -25.2985802]}, "properties": {"name": "Clinica IMA", "type": "doctor", "phone": "0986 960270", "rating": 3.8}}, {"type": "Feature", "geometry": {"type": "Point", "coordinates": [-57.5772593, -25.2553413]}, "properties": {"name": "Centro Médico Corppolive", "type": "establishment", "phone": "0971 568547", "rating": 5}}, {"type": "Feature", "geometry": {"type": "Point", "coordinates": [-57.6162965, -25.3074828]}, "properties": {"name": "Consultorio Dr. Alfonso", "type": "doctor", "phone": "0983 505909", "rating": 5}}, {"type": "Feature", "geometry": {"type": "Point", "coordinates": [-57.5738052, -25.2782788]}, "properties": {"name": "CEINEC- Centro Integral de Neurociencias", "type": "doctor", "phone": "0986 877177", "rating": 4.9}}, {"type": "Feature", "geometry": {"type": "Point", "coordinates": [-57.60841619999999, -25.2998567]}, "properties": {"name": "Cirujano Vascular Y Flebologo Especialista En Varices- Dr.Canata Paraguay", "type": "doctor", "phone": "(021) 214 191", "rating": 3.3}}, {"type": "Feature", "geometry": {"type": "Point", "coordinates": [-57.55404710000001, -25.309431]}, "properties": {"name": "La Costa Lynch", "type": "establishment", "phone": "(021) 658 3000", "rating": 3.5}}, {"type": "Feature", "geometry": {"type": "Point", "coordinates": [-57.59805410000001, -25.2880686]}, "properties": {"name": "Consultorio Dr. Enrique Basili F.", "type": "doctor", "phone": "(021) 208 662", "rating": 5}}, {"type": "Feature", "geometry": {"type": "Point", "coordinates": [-57.5699258, -25.317894]}, "properties": {"name": "Centro Médico Francés", "type": "doctor", "phone": "0971 253000", "rating": 4.5}}, {"type": "Feature", "geometry": {"type": "Point", "coordinates": [-57.5592899, -25.2694154]}, "properties": {"name": "Osler Clinic / Dr. Javier Bogarín", "type": "establishment", "phone": "0986 171500", "rating": 5}}, {"type": "Feature", "geometry": {"type": "Point", "coordinates": [-57.6161474, -25.2842421]}, "properties": {"name": "Clínica Doctor Mussi", "type": "doctor", "phone": "202452", "rating": 5}}, {"type": "Feature", "geometry": {"type": "Point", "coordinates": [-57.55401849999999, -25.2866743]}, "properties": {"name": "Dr Hermes Godoy Muller", "type": "doctor", "phone": "0984 808218", "rating": 5}}, {"type": "Feature", "geometry": {"type": "Point", "coordinates": [-57.55861729999999, -25.3085334]}, "properties": {"name": "Dr. Gaston Trossero - Odontología Avanzada", "type": "dentist", "phone": "0984 102984", "rating": 5}}, {"type": "Feature", "geometry": {"type": "Point", "coordinates": [-57.592412, -25.29567]}, "properties": {"name": "Asuncion Dental Clinic", "type": "establishment", "phone": "0984 536880", "rating": 4.8}}, {"type": "Feature", "geometry": {"type": "Point", "coordinates": [-57.59773789999999, -25.2841142]}, "properties": {"name": "Delica Dental Clinic - DDC", "type": "dentist", "phone": "0985 391551", "rating": 4.9}}, {"type": "Feature", "geometry": {"type": "Point", "coordinates": [-57.5592273, -25.3067208]}, "properties": {"name": "Dental Protection Center", "type": "dentist", "phone": "0981 600044", "rating": 4.9}}, {"type": "Feature", "geometry": {"type": "Point", "coordinates": [-57.60076480000001, -25.3027734]}, "properties": {"name": "Odonto Center Especialidades", "type": "establishment", "phone": "0983 535456", "rating": 4.9}}, {"type": "Feature", "geometry": {"type": "Point", "coordinates": [-57.56307200000001, -25.2852771]}, "properties": {"name": "Moreira Odontología Digital", "type": "dentist", "phone": "0986 605580", "rating": 4.8}}, {"type": "Feature", "geometry": {"type": "Point", "coordinates": [-57.6209776, -25.290086]}, "properties": {"name": "Odontología 3", "type": "dentist", "phone": "(021) 200 175", "rating": 4.5}}, {"type": "Feature", "geometry": {"type": "Point", "coordinates": [-57.57731940000001, -25.2687842]}, "properties": {"name": "Clinica Neufeld", "type": "establishment", "phone": "0981 460005", "rating": 4.7}}, {"type": "Feature", "geometry": {"type": "Point", "coordinates": [-57.63218320000001, -25.2852965]}, "properties": {"name": "Clinical Odontoandrauss Assumption", "type": "dentist", "phone": "0985 522225", "rating": 4.7}}, {"type": "Feature", "geometry": {"type": "Point", "coordinates": [-57.5767254, -25.2632374]}, "properties": {"name": "Trinidad Clinica Dental", "type": "establishment", "phone": "0981 294790", "rating": 4.7}}, {"type": "Feature", "geometry": {"type": "Point", "coordinates": [-57.590213, -25.2825577]}, "properties": {"name": "Clinica Elgue", "type": "dentist", "phone": "0971 999888", "rating": 4.8}}, {"type": "Feature", "geometry": {"type": "Point", "coordinates": [-57.60858799999999, -25.2999016]}, "properties": {"name": "Consultorio Dra. Malu Sosa Plate - Odonto ML", "type": "doctor", "phone": "0981 335213", "rating": 5}}, {"type": "Feature", "geometry": {"type": "Point", "coordinates": [-57.55918149999999, -25.2800194]}, "properties": {"name": "Centro Odontologico MEDIDENT", "type": "establishment", "phone": "(021) 607 057", "rating": 4.3}}, {"type": "Feature", "geometry": {"type": "Point", "coordinates": [-57.61542069999999, -25.3091982]}, "properties": {"name": "𝗏𝗂𝖽𝖺𝗱𝗲𝗻𝘁𝗮𝗹", "type": "dentist", "phone": "0991 707289", "rating": 4.9}}, {"type": "Feature", "geometry": {"type": "Point", "coordinates": [-57.60226849999999, -25.2990958]}, "properties": {"name": "Odontología Dra. Silvana Boccia", "type": "dentist", "phone": "(021) 227 368", "rating": 4.5}}, {"type": "Feature", "geometry": {"type": "Point", "coordinates": [-57.6064241, -25.2874232]}, "properties": {"name": "INSTITUTO DE ODONTOLOGIA AVANZADA", "type": "establishment", "phone": "0981 139996", "rating": 4.5}}, {"type": "Feature", "geometry": {"type": "Point", "coordinates": [-57.5827003, -25.2669484]}, "properties": {"name": "Clínica integral MAE", "type": "establishment", "phone": "0991 419331", "rating": 5}}, {"type": "Feature", "geometry": {"type": "Point", "coordinates": [-57.60988099999999, -25.2893697]}, "properties": {"name": "Clinica Zanon", "type": "dentist", "phone": "0981 858199", "rating": 4.7}}, {"type": "Feature", "geometry": {"type": "Point", "coordinates": [-57.5832504, -25.258577]}, "properties": {"name": "Dental MOLAS - Consultorio Odontologico", "type": "dentist", "phone": "0981 744380", "rating": 4.6}}, {"type": "Feature", "geometry": {"type": "Point", "coordinates": [-57.5868815, -25.292429]}, "properties": {"name": "OdontoArte - CLINICA ODONTOLOGICA", "type": "dentist", "phone": "0971 212184", "rating": 4.9}}, {"type": "Feature", "geometry": {"type": "Point", "coordinates": [-57.5841317, -25.2707271]}, "properties": {"name": "Farmacia Catedral Suc. Sacramento", "type": "establishment", "phone": "(021) 627 7203", "rating": 4.2}}, {"type": "Feature", "geometry": {"type": "Point", "coordinates": [-57.57395760000001, -25.2856304]}, "properties": {"name": "Catedral Drugstore", "type": "establishment", "phone": "(021) 627 7000", "rating": 4.4}}, {"type": "Feature", "geometry": {"type": "Point", "coordinates": [-57.58411799999999, -25.2862596]}, "properties": {"name": "Farmacia Vicente Scavone - Suc. España", "type": "establishment", "phone": "(021) 418 5000", "rating": 4.3}}, {"type": "Feature", "geometry": {"type": "Point", "coordinates": [-57.58618749999999, -25.2576875]}, "properties": {"name": "Farmacia Catedral Suc. Artigas", "type": "establishment", "phone": "0981 668393", "rating": 4.7}}, {"type": "Feature", "geometry": {"type": "Point", "coordinates": [-57.5650305, -25.2720469]}, "properties": {"name": "Punto Farma Drugstore", "type": "establishment", "phone": "(021) 616 1000", "rating": 4.2}}, {"type": "Feature", "geometry": {"type": "Point", "coordinates": [-57.59672210000001, -25.2914093]}, "properties": {"name": "Punto Farma 5", "type": "establishment", "phone": "(061) 61000", "rating": 4.5}}, {"type": "Feature", "geometry": {"type": "Point", "coordinates": [-57.60544969999999, -25.2883586]}, "properties": {"name": "Farmacenter Hiper España", "type": "establishment", "phone": "(021) 262 6000", "rating": 4.1}}, {"type": "Feature", "geometry": {"type": "Point", "coordinates": [-57.63386269999999, -25.2826077]}, "properties": {"name": "Farmacia Catedral Suc. Centro", "type": "establishment", "phone": "(021) 627 7208", "rating": 4.2}}, {"type": "Feature", "geometry": {"type": "Point", "coordinates": [-57.5709471, -25.2800645]}, "properties": {"name": "Farmacenter Carmelitas", "type": "establishment", "phone": "(021) 262 6000", "rating": 4.3}}, {"type": "Feature", "geometry": {"type": "Point", "coordinates": [-57.6134351, -25.3005949]}, "properties": {"name": "Farmacia Catedral General Santos Teodoro S. Mongelos", "type": "establishment", "phone": "(021) 627 7221", "rating": 4.4}}, {"type": "Feature", "geometry": {"type": "Point", "coordinates": [-57.55298009999999, -25.2777575]}, "properties": {"name": "Farmacenter Aviadores 1", "type": "establishment", "phone": "(021) 262 6000", "rating": 4.3}}, {"type": "Feature", "geometry": {"type": "Point", "coordinates": [-57.56043589999999, -25.2624159]}, "properties": {"name": "Farmacenter", "type": "establishment", "phone": "(021) 262 6000", "rating": 3.9}}, {"type": "Feature", "geometry": {"type": "Point", "coordinates": [-57.542754, -25.2410771]}, "properties": {"name": "Punto Farma", "type": "establishment", "phone": "(021) 616 1000", "rating": 4.4}}, {"type": "Feature", "geometry": {"type": "Point", "coordinates": [-57.644654, -25.2790301]}, "properties": {"name": "Farmacia Catedral Suc. Don Bosco", "type": "drugstore", "phone": "0981 784827", "rating": 4.8}}, {"type": "Feature", "geometry": {"type": "Point", "coordinates": [-57.57997469999999, -25.2938838]}, "properties": {"name": "Farmacenter Mcal. Lopez 1", "type": "establishment", "phone": "(021) 262 6000", "rating": 3.9}}, {"type": "Feature", "geometry": {"type": "Point", "coordinates": [-57.6216194, -25.2886562]}, "properties": {"name": "Farmacias Catedral Suc. Migone 2", "type": "establishment", "phone": "0981 785231", "rating": 4.4}}, {"type": "Feature", "geometry": {"type": "Point", "coordinates": [-57.5638914, -25.3013653]}, "properties": {"name": "Farmacenter Mcal. Lopez 4", "type": "establishment", "phone": "(021) 262 6000", "rating": 3.9}}, {"type": "Feature", "geometry": {"type": "Point", "coordinates": [-57.6375641, -25.2812801]}, "properties": {"name": "Farmacenter Central", "type": "establishment", "phone": "(021) 262 6000", "rating": 4.1}}, {"type": "Feature", "geometry": {"type": "Point", "coordinates": [-57.63669830000001, -25.2817586]}, "properties": {"name": "Punto Farma", "type": "establishment", "phone": "(021) 616 1000", "rating": 4.1}}, {"type": "Feature", "geometry": {"type": "Point", "coordinates": [-57.59458730000001, -25.2820806]}, "properties": {"name": "Farmacenter Venezuela", "type": "establishment", "phone": "(021) 262 6000", "rating": 4.4}}, {"type": "Feature", "geometry": {"type": "Point", "coordinates": [-57.6198764, -25.2888708]}, "properties": {"name": "Drugstore Asismed Mcal Lopez", "type": "establishment", "phone": "(021) 288 7777", "rating": 4.3}}, {"type": "Feature", "geometry": {"type": "Point", "coordinates": [-57.6073623, -25.2734485]}, "properties": {"name": "DRUGSTORE by Asismed - Artigas", "type": "establishment", "phone": "(021) 288 7777", "rating": 3.5}}, {"type": "Feature", "geometry": {"type": "Point", "coordinates": [-57.5981288, -25.2761397]}, "properties": {"name": "Drugstore Asismed Sta. Julia", "type": "establishment", "phone": "(021) 288 7777", "rating": 4.1}}, {"type": "Feature", "geometry": {"type": "Point", "coordinates": [-57.55404650000001, -25.3095218]}, "properties": {"name": "Drugstore by Asismed Lynch", "type": "establishment", "phone": "(021) 288 7777", "rating": 0.0}}, {"type": "Feature", "geometry": {"type": "Point", "coordinates": [-57.5654438, -25.2721751]}, "properties": {"name": "FarmaOliva Drugstore", "type": "establishment", "phone": "0994 251182", "rating": 4.3}}, {"type": "Feature", "geometry": {"type": "Point", "coordinates": [-57.60773090000001, -25.2727083]}, "properties": {"name": "Drugstore by Asismed - Bahía", "type": "establishment", "phone": "(021) 288 7777", "rating": 5}}, {"type": "Feature", "geometry": {"type": "Point", "coordinates": [-57.56423640000001, -25.2703175]}, "properties": {"name": "Farmacenter Drugstore", "type": "establishment", "phone": "(021) 262 6000", "rating": 3.6}}, {"type": "Feature", "geometry": {"type": "Point", "coordinates": [-57.58073219999999, -25.294263]}, "properties": {"name": "DermaStore", "type": "establishment", "phone": "0993 575140", "rating": 4.7}}, {"type": "Feature", "geometry": {"type": "Point", "coordinates": [-57.5953209, -25.2870618]}, "properties": {"name": "Farmacias Energy", "type": "establishment", "phone": "(021) 204 506", "rating": 4.4}}, {"type": "Feature", "geometry": {"type": "Point", "coordinates": [-57.5545889, -25.323484]}, "properties": {"name": "Punto Farma", "type": "drugstore", "phone": "0982 024332", "rating": 2.9}}, {"type": "Feature", "geometry": {"type": "Point", "coordinates": [-57.57373500000001, -25.290207]}, "properties": {"name": "Medicamento Genérico S.A.", "type": "establishment", "phone": "(021) 664 050", "rating": 0.0}}, {"type": "Feature", "geometry": {"type": "Point", "coordinates": [-57.57856150000001, -25.2524772]}, "properties": {"name": "FARMACIA BOTANICO", "type": "establishment", "phone": "0982 473121", "rating": 4.3}}, {"type": "Feature", "geometry": {"type": "Point", "coordinates": [-57.6218157, -25.3002135]}, "properties": {"name": "Medifarma Drugstore", "type": "establishment", "phone": "(021) 205 189", "rating": 4.8}}, {"type": "Feature", "geometry": {"type": "Point", "coordinates": [-57.58287240000001, -25.2987317]}, "properties": {"name": "Catedral Drugstore", "type": "establishment", "phone": "0981 784029", "rating": 4.3}}, {"type": "Feature", "geometry": {"type": "Point", "coordinates": [-57.58950189999999, -25.2612491]}, "properties": {"name": "Trigenesis S.R.L.", "type": "establishment", "phone": "0981 514185", "rating": 1}}, {"type": "Feature", "geometry": {"type": "Point", "coordinates": [-57.5806759, -25.2607323]}, "properties": {"name": "Qorvex Recovery Spot", "type": "establishment", "phone": "", "rating": 5}}, {"type": "Feature", "geometry": {"type": "Point", "coordinates": [-57.63564849999999, -25.2938666]}, "properties": {"name": "Lic. Selva Pereira | Fisioterapia Kinesiología", "type": "establishment", "phone": "0982 609563", "rating": 5}}, {"type": "Feature", "geometry": {"type": "Point", "coordinates": [-57.61933499999999, -25.300458]}, "properties": {"name": "KINETICS Centro de FISIOTERAPIA", "type": "establishment", "phone": "0991 403321", "rating": 5}}, {"type": "Feature", "geometry": {"type": "Point", "coordinates": [-57.57753, -25.2570695]}, "properties": {"name": "Consultorio Fisioterapia Asunción", "type": "establishment", "phone": "0986 247804", "rating": 0.0}}, {"type": "Feature", "geometry": {"type": "Point", "coordinates": [-57.58086419999999, -25.2575976]}, "properties": {"name": "REVITAL Gimnasio - Fisioterapia PY", "type": "establishment", "phone": "0983 267723", "rating": 4.8}}, {"type": "Feature", "geometry": {"type": "Point", "coordinates": [-57.589851, -25.2717371]}, "properties": {"name": "CL Fisioterapia", "type": "establishment", "phone": "0982 124719", "rating": 5}}, {"type": "Feature", "geometry": {"type": "Point", "coordinates": [-57.5609179, -25.2702901]}, "properties": {"name": "KinesioGold", "type": "establishment", "phone": "0991 381406", "rating": 5}}, {"type": "Feature", "geometry": {"type": "Point", "coordinates": [-57.5946727, -25.285989]}, "properties": {"name": "Centro Privado De Medicina Física y Rehabilitación - Cemefir", "type": "establishment", "phone": "0983 957570", "rating": 4.4}}, {"type": "Feature", "geometry": {"type": "Point", "coordinates": [-57.58017339999999, -25.289799]}, "properties": {"name": "Lic. Víctor Ávalos (Fix Advanced Therapy)", "type": "establishment", "phone": "0992 253152", "rating": 4.9}}, {"type": "Feature", "geometry": {"type": "Point", "coordinates": [-57.5676454, -25.3004488]}, "properties": {"name": "Clínica de Especialidades Kinésicas Reeducación", "type": "establishment", "phone": "0982 205516", "rating": 4.3}}, {"type": "Feature", "geometry": {"type": "Point", "coordinates": [-57.567244, -25.2773151]}, "properties": {"name": "INDIVIDUAL Pilates & Fisioterapia", "type": "establishment", "phone": "0992 295889", "rating": 5}}, {"type": "Feature", "geometry": {"type": "Point", "coordinates": [-57.59610290000001, -25.2840225]}, "properties": {"name": "Fisioterapia Arbo", "type": "establishment", "phone": "", "rating": 5}}, {"type": "Feature", "geometry": {"type": "Point", "coordinates": [-57.60705540000001, -25.2948063]}, "properties": {"name": "Clinilife - Especialistas en Bienestar", "type": "establishment", "phone": "0981 122691", "rating": 5}}, {"type": "Feature", "geometry": {"type": "Point", "coordinates": [-57.58518890000001, -25.2634491]}, "properties": {"name": "Centro ACTIVA", "type": "establishment", "phone": "0972 441500", "rating": 5}}, {"type": "Feature", "geometry": {"type": "Point", "coordinates": [-57.5976514, -25.2970072]}, "properties": {"name": "Pilates y Rehabilitación Mburicao", "type": "establishment", "phone": "0981 498080", "rating": 5}}, {"type": "Feature", "geometry": {"type": "Point", "coordinates": [-57.576, -25.2675]}, "properties": {"name": "Gabinete de Rehabilitación Física", "type": "establishment", "phone": "", "rating": 0.0}}, {"type": "Feature", "geometry": {"type": "Point", "coordinates": [-57.5876436, -25.274434]}, "properties": {"name": "Cortex Centro de Rehabilitación Física-Cognitiva", "type": "establishment", "phone": "0985 423647", "rating": 4.7}}, {"type": "Feature", "geometry": {"type": "Point", "coordinates": [-57.5829017, -25.2679397]}, "properties": {"name": "Ips", "type": "establishment", "phone": "(021) 219 7000", "rating": 4.5}}, {"type": "Feature", "geometry": {"type": "Point", "coordinates": [-57.5848968, -25.2664206]}, "properties": {"name": "INNOVA FISIOTERAPIA DEPORTIVA LOCAL 2", "type": "establishment", "phone": "", "rating": 5}}, {"type": "Feature", "geometry": {"type": "Point", "coordinates": [-57.6186267, -25.3067486]}, "properties": {"name": "AJ Physio Recovery", "type": "establishment", "phone": "0991 927723", "rating": 5}}, {"type": "Feature", "geometry": {"type": "Point", "coordinates": [-57.58283309999999, -25.2907216]}, "properties": {"name": "Nantes Veterinary Hospital", "type": "establishment", "phone": "0971 280025", "rating": 4.7}}, {"type": "Feature", "geometry": {"type": "Point", "coordinates": [-57.6223653, -25.2933329]}, "properties": {"name": "Asuncion Pet", "type": "establishment", "phone": "0982 570001", "rating": 4.5}}, {"type": "Feature", "geometry": {"type": "Point", "coordinates": [-57.58633260000001, -25.2921995]}, "properties": {"name": "Clínica Dr. Brown", "type": "establishment", "phone": "0981 504325", "rating": 4.6}}, {"type": "Feature", "geometry": {"type": "Point", "coordinates": [-57.5610103, -25.2660889]}, "properties": {"name": "Dr. Vic - Clinica Veterinaria", "type": "establishment", "phone": "0981 993783", "rating": 4.3}}, {"type": "Feature", "geometry": {"type": "Point", "coordinates": [-57.5864099, -25.3080695]}, "properties": {"name": "VETCIA Centro Veterinario", "type": "establishment", "phone": "0984 723141", "rating": 4.5}}, {"type": "Feature", "geometry": {"type": "Point", "coordinates": [-57.5854608, -25.287084]}, "properties": {"name": "HVA HOSPITAL VETERINARIO", "type": "establishment", "phone": "0982 516811", "rating": 4}}, {"type": "Feature", "geometry": {"type": "Point", "coordinates": [-57.5832449, -25.2560127]}, "properties": {"name": "Centro Veterinario San Agustín", "type": "establishment", "phone": "0972 184057", "rating": 4.4}}, {"type": "Feature", "geometry": {"type": "Point", "coordinates": [-57.59825169999999, -25.2666926]}, "properties": {"name": "DRA. VET", "type": "establishment", "phone": "0995 651887", "rating": 5}}, {"type": "Feature", "geometry": {"type": "Point", "coordinates": [-57.55584769999999, -25.2749017]}, "properties": {"name": "La Quinta", "type": "establishment", "phone": "0984 933801", "rating": 4.5}}, {"type": "Feature", "geometry": {"type": "Point", "coordinates": [-57.54769109999999, -25.270039]}, "properties": {"name": "Animal Care Clínica Veterinaria y Pet Shop", "type": "establishment", "phone": "0961 330301", "rating": 5}}, {"type": "Feature", "geometry": {"type": "Point", "coordinates": [-57.5771538, -25.2850362]}, "properties": {"name": "Vetpraxis SRL", "type": "establishment", "phone": "0982 154256", "rating": 4.6}}, {"type": "Feature", "geometry": {"type": "Point", "coordinates": [-57.5508232, -25.2760897]}, "properties": {"name": "Loyal Centro Veterinario", "type": "establishment", "phone": "0971 261766", "rating": 4.8}}, {"type": "Feature", "geometry": {"type": "Point", "coordinates": [-57.6132882, -25.2920631]}, "properties": {"name": "Ferrer Centro Veterinario", "type": "establishment", "phone": "0983 972397", "rating": 4.8}}, {"type": "Feature", "geometry": {"type": "Point", "coordinates": [-57.5621724, -25.2682078]}, "properties": {"name": "Veterinaria LO DE ALFONSO", "type": "establishment", "phone": "0981 781332", "rating": 4.5}}, {"type": "Feature", "geometry": {"type": "Point", "coordinates": [-57.5927355, -25.3241332]}, "properties": {"name": "AgroDog", "type": "establishment", "phone": "0981 547306", "rating": 4.1}}, {"type": "Feature", "geometry": {"type": "Point", "coordinates": [-57.57605, -25.2687709]}, "properties": {"name": "De michis", "type": "establishment", "phone": "0982 614812", "rating": 5}}, {"type": "Feature", "geometry": {"type": "Point", "coordinates": [-57.5838146, -25.3275797]}, "properties": {"name": "Veterinaria Pet Animal Care", "type": "establishment", "phone": "0991 746306", "rating": 4.3}}, {"type": "Feature", "geometry": {"type": "Point", "coordinates": [-57.63618839999999, -25.2977607]}, "properties": {"name": "Guau Y Michi", "type": "establishment", "phone": "0981 430144", "rating": 4}}, {"type": "Feature", "geometry": {"type": "Point", "coordinates": [-57.5662754, -25.2897573]}, "properties": {"name": "BartrinaVet y Hotel Felino", "type": "establishment", "phone": "0981 476089", "rating": 4.8}}, {"type": "Feature", "geometry": {"type": "Point", "coordinates": [-57.6268158, -25.2977829]}, "properties": {"name": "Agroveterinaria Central S.R.L", "type": "establishment", "phone": "(021) 214 914", "rating": 4.6}}, {"type": "Feature", "geometry": {"type": "Point", "coordinates": [-57.5734754, -25.2684194]}, "properties": {"name": "S6 Express Molas López", "type": "establishment", "phone": "(021) 414 1960", "rating": 4.3}}, {"type": "Feature", "geometry": {"type": "Point", "coordinates": [-57.5811818, -25.2547155]}, "properties": {"name": "Stock", "type": "establishment", "phone": "0982 854513", "rating": 4}}, {"type": "Feature", "geometry": {"type": "Point", "coordinates": [-57.553818, -25.2930393]}, "properties": {"name": "Xtra24/7 - Tienda 24 horas", "type": "establishment", "phone": "0992 440637", "rating": 4.7}}, {"type": "Feature", "geometry": {"type": "Point", "coordinates": [-57.5787995, -25.2687645]}, "properties": {"name": "Biggie Express", "type": "establishment", "phone": "(021) 729 0300", "rating": 4.4}}, {"type": "Feature", "geometry": {"type": "Point", "coordinates": [-57.55751239999999, -25.2641078]}, "properties": {"name": "Superseis - Primer Presidente", "type": "establishment", "phone": "", "rating": 4.4}}, {"type": "Feature", "geometry": {"type": "Point", "coordinates": [-57.57597620000001, -25.2636827]}, "properties": {"name": "STORE PARAGUAY", "type": "establishment", "phone": "", "rating": 2}}, {"type": "Feature", "geometry": {"type": "Point", "coordinates": [-57.57887059999999, -25.2971693]}, "properties": {"name": "Real Supermarket", "type": "establishment", "phone": "(021) 602 030", "rating": 4.2}}, {"type": "Feature", "geometry": {"type": "Point", "coordinates": [-57.55968650000001, -25.2922607]}, "properties": {"name": "Superseis - Denis Roa", "type": "establishment", "phone": "(021) 661 389", "rating": 4.3}}, {"type": "Feature", "geometry": {"type": "Point", "coordinates": [-57.58493799999999, -25.2723636]}, "properties": {"name": "Stock Supermarket", "type": "establishment", "phone": "(021) 414 1980", "rating": 3.9}}, {"type": "Feature", "geometry": {"type": "Point", "coordinates": [-57.5714394, -25.2722849]}, "properties": {"name": "Casa Rica - Molas López", "type": "establishment", "phone": "(021) 729 7200", "rating": 4.7}}, {"type": "Feature", "geometry": {"type": "Point", "coordinates": [-57.58048059999999, -25.2852318]}, "properties": {"name": "ALMACEN 247", "type": "establishment", "phone": "0976 669992", "rating": 4.6}}, {"type": "Feature", "geometry": {"type": "Point", "coordinates": [-57.5675396, -25.2821058]}, "properties": {"name": "Delimarket", "type": "establishment", "phone": "0983 500300", "rating": 4.6}}, {"type": "Feature", "geometry": {"type": "Point", "coordinates": [-57.59671489999999, -25.3081601]}, "properties": {"name": "Supermarket Gran Vía", "type": "establishment", "phone": "(021) 614 994", "rating": 4.1}}, {"type": "Feature", "geometry": {"type": "Point", "coordinates": [-57.58389, -25.2569682]}, "properties": {"name": "Ex-supermercado Ycuá Bolaños", "type": "establishment", "phone": "", "rating": 4.6}}, {"type": "Feature", "geometry": {"type": "Point", "coordinates": [-57.57133090000001, -25.264748]}, "properties": {"name": "Biggie Express - Trinidad Jade", "type": "establishment", "phone": "(021) 729 0300", "rating": 4.1}}, {"type": "Feature", "geometry": {"type": "Point", "coordinates": [-57.5767152, -25.2952003]}, "properties": {"name": "Copemarket Deli", "type": "establishment", "phone": "0976 766773", "rating": 4}}, {"type": "Feature", "geometry": {"type": "Point", "coordinates": [-57.6071934, -25.3045957]}, "properties": {"name": "Stock Kubitschek", "type": "establishment", "phone": "", "rating": 4.1}}, {"type": "Feature", "geometry": {"type": "Point", "coordinates": [-57.5940166, -25.3212279]}, "properties": {"name": "Supermercado Stock", "type": "establishment", "phone": "(021) 414 1980", "rating": 3.9}}, {"type": "Feature", "geometry": {"type": "Point", "coordinates": [-57.54584069999999, -25.2764061]}, "properties": {"name": "AD Market/American Door Casa Central", "type": "establishment", "phone": "0971 757577", "rating": 4.2}}, {"type": "Feature", "geometry": {"type": "Point", "coordinates": [-57.56040899999999, -25.2623896]}, "properties": {"name": "Biggie Express - Primer Presidente", "type": "establishment", "phone": "", "rating": 4.3}}, {"type": "Feature", "geometry": {"type": "Point", "coordinates": [-57.598443, -25.2752603]}, "properties": {"name": "STOCK supermarket Brasilia", "type": "establishment", "phone": "(021) 414 1980", "rating": 3.8}}, {"type": "Feature", "geometry": {"type": "Point", "coordinates": [-57.63873999999999, -25.28755]}, "properties": {"name": "Supermercado Stock", "type": "establishment", "phone": "", "rating": 4}}, {"type": "Feature", "geometry": {"type": "Point", "coordinates": [-57.5642771, -25.3027058]}, "properties": {"name": "Hiperseis hypermarket", "type": "establishment", "phone": "(021) 414 1960", "rating": 4.4}}, {"type": "Feature", "geometry": {"type": "Point", "coordinates": [-57.58343660000001, -25.2677084]}, "properties": {"name": "Stock Express Sacramento", "type": "establishment", "phone": "(021) 298 527", "rating": 3.8}}, {"type": "Feature", "geometry": {"type": "Point", "coordinates": [-57.5664943, -25.2593937]}, "properties": {"name": "Areté Primer Presidente", "type": "establishment", "phone": "(021) 729 0006", "rating": 4.6}}, {"type": "Feature", "geometry": {"type": "Point", "coordinates": [-57.56297479999999, -25.2702565]}, "properties": {"name": "Superseis - Mburucuya", "type": "establishment", "phone": "(021) 612 004", "rating": 4.4}}, {"type": "Feature", "geometry": {"type": "Point", "coordinates": [-57.5713844, -25.3253995]}, "properties": {"name": "SUPERMAS S.A.", "type": "establishment", "phone": "(021) 238 7300", "rating": 4.4}}, {"type": "Feature", "geometry": {"type": "Point", "coordinates": [-57.5862293, -25.2855573]}, "properties": {"name": "Casa Rica", "type": "bakery", "phone": "(021) 729 7200", "rating": 4.7}}, {"type": "Feature", "geometry": {"type": "Point", "coordinates": [-57.6613811, -25.2901967]}, "properties": {"name": "Pacific supermarket", "type": "establishment", "phone": "(021) 423 548", "rating": 4.3}}, {"type": "Feature", "geometry": {"type": "Point", "coordinates": [-57.5635388, -25.2847299]}, "properties": {"name": "Superseis - Paseo La Galería", "type": "establishment", "phone": "(021) 414 1960", "rating": 4.5}}, {"type": "Feature", "geometry": {"type": "Point", "coordinates": [-57.6058491, -25.2874104]}, "properties": {"name": "Superseis - España", "type": "establishment", "phone": "(021) 213 023", "rating": 4.4}}, {"type": "Feature", "geometry": {"type": "Point", "coordinates": [-57.61755909999999, -25.3087363]}, "properties": {"name": "Real San Vicente supermarket", "type": "establishment", "phone": "(021) 230 231", "rating": 4.3}}, {"type": "Feature", "geometry": {"type": "Point", "coordinates": [-57.5827988, -25.2659284]}, "properties": {"name": "Biggie IPS Sacramento", "type": "convenience_store", "phone": "0985 335392", "rating": 4.3}}, {"type": "Feature", "geometry": {"type": "Point", "coordinates": [-57.5827175, -25.2657545]}, "properties": {"name": "Biggie Express", "type": "establishment", "phone": "(021) 729 0300", "rating": 4.2}}, {"type": "Feature", "geometry": {"type": "Point", "coordinates": [-57.57107379999999, -25.2586931]}, "properties": {"name": "Biggie Express", "type": "establishment", "phone": "(021) 729 0300", "rating": 4.3}}, {"type": "Feature", "geometry": {"type": "Point", "coordinates": [-57.57339039999999, -25.2695043]}, "properties": {"name": "Biggie Express", "type": "establishment", "phone": "", "rating": 4.2}}, {"type": "Feature", "geometry": {"type": "Point", "coordinates": [-57.57551689999999, -25.2537248]}, "properties": {"name": "Shell", "type": "convenience_store", "phone": "4175000", "rating": 4.7}}, {"type": "Feature", "geometry": {"type": "Point", "coordinates": [-57.5789476, -25.2522661]}, "properties": {"name": "Shell", "type": "convenience_store", "phone": "4175000", "rating": 4.2}}, {"type": "Feature", "geometry": {"type": "Point", "coordinates": [-57.57945969999999, -25.287445]}, "properties": {"name": "Biggie Express", "type": "convenience_store", "phone": "(021) 729 0300", "rating": 4.4}}, {"type": "Feature", "geometry": {"type": "Point", "coordinates": [-57.59355239999999, -25.2704123]}, "properties": {"name": "Biggie Express", "type": "establishment", "phone": "(021) 729 0300", "rating": 4.4}}, {"type": "Feature", "geometry": {"type": "Point", "coordinates": [-57.57222590000001, -25.287645]}, "properties": {"name": "Superseis Express San Martín", "type": "establishment", "phone": "(021) 414 1960", "rating": 4.3}}, {"type": "Feature", "geometry": {"type": "Point", "coordinates": [-57.56344719999999, -25.2843592]}, "properties": {"name": "Paseo La Galería", "type": "establishment", "phone": "(021) 659 4000", "rating": 4.7}}, {"type": "Feature", "geometry": {"type": "Point", "coordinates": [-57.56667429999999, -25.2828559]}, "properties": {"name": "delSol", "type": "establishment", "phone": "(021) 611 780", "rating": 4.6}}, {"type": "Feature", "geometry": {"type": "Point", "coordinates": [-57.6388257, -25.2877297]}, "properties": {"name": "Mall Excelsior", "type": "establishment", "phone": "", "rating": 4.1}}, {"type": "Feature", "geometry": {"type": "Point", "coordinates": [-57.5811803, -25.2950817]}, "properties": {"name": "Shopping Mariscal", "type": "establishment", "phone": "(021) 611 272", "rating": 4.6}}, {"type": "Feature", "geometry": {"type": "Point", "coordinates": [-57.5805923, -25.2942796]}, "properties": {"name": "Shopping Villa Morra", "type": "establishment", "phone": "(021) 603 050", "rating": 4.4}}, {"type": "Feature", "geometry": {"type": "Point", "coordinates": [-57.5714466, -25.3165308]}, "properties": {"name": "Shopping Multiplaza", "type": "establishment", "phone": "(021) 511 005", "rating": 4.3}}, {"type": "Feature", "geometry": {"type": "Point", "coordinates": [-57.55751979999999, -25.2830535]}, "properties": {"name": "Paseo Die Ecke", "type": "clothing_store", "phone": "0981 998040", "rating": 4.7}}, {"type": "Feature", "geometry": {"type": "Point", "coordinates": [-57.6383446, -25.2822232]}, "properties": {"name": "Asunción Super Centro", "type": "establishment", "phone": "(021) 493 333", "rating": 3.9}}, {"type": "Feature", "geometry": {"type": "Point", "coordinates": [-57.5542075, -25.2776675]}, "properties": {"name": "Plaza Moiety", "type": "establishment", "phone": "0976 533931", "rating": 4.5}}, {"type": "Feature", "geometry": {"type": "Point", "coordinates": [-57.573183, -25.287837]}, "properties": {"name": "Feria Asunción", "type": "clothing_store", "phone": "0971 300200", "rating": 4.4}}, {"type": "Feature", "geometry": {"type": "Point", "coordinates": [-57.57400209999999, -25.2919782]}, "properties": {"name": "Paseo Los Árboles", "type": "establishment", "phone": "0983 155511", "rating": 4.5}}, {"type": "Feature", "geometry": {"type": "Point", "coordinates": [-57.590185, -25.286192]}, "properties": {"name": "Marketplace", "type": "clothing_store", "phone": "0981 203891", "rating": 4.5}}, {"type": "Feature", "geometry": {"type": "Point", "coordinates": [-57.5764952, -25.286784]}, "properties": {"name": "Paseo Via Allegra", "type": "establishment", "phone": "(021) 600 077", "rating": 4.6}}, {"type": "Feature", "geometry": {"type": "Point", "coordinates": [-57.5757877, -25.2887906]}, "properties": {"name": "OUTLET PREMIUM", "type": "establishment", "phone": "0981 823674", "rating": 4.8}}, {"type": "Feature", "geometry": {"type": "Point", "coordinates": [-57.56717379999999, -25.2746921]}, "properties": {"name": "Paseo miraflores", "type": "establishment", "phone": "(021) 613 914", "rating": 4.2}}, {"type": "Feature", "geometry": {"type": "Point", "coordinates": [-57.56700159999999, -25.2843526]}, "properties": {"name": "World Trade Center Asunción", "type": "establishment", "phone": "(021) 238 4669", "rating": 4.6}}, {"type": "Feature", "geometry": {"type": "Point", "coordinates": [-57.5746136, -25.290966]}, "properties": {"name": "Plaza Hogar - San Martin", "type": "establishment", "phone": "(021) 614 860", "rating": 4.5}}, {"type": "Feature", "geometry": {"type": "Point", "coordinates": [-57.5817184, -25.2946759]}, "properties": {"name": "Unicentro - Shopping Mariscal", "type": "department_store", "phone": "(021) 411 7705", "rating": 4.4}}, {"type": "Feature", "geometry": {"type": "Point", "coordinates": [-57.6220538, -25.2990723]}, "properties": {"name": "2020 Galeria Bonanza", "type": "establishment", "phone": "0985 278541", "rating": 4.5}}, {"type": "Feature", "geometry": {"type": "Point", "coordinates": [-57.5844665, -25.2982683]}, "properties": {"name": "Grace Boutique ASUNCIÓN", "type": "clothing_store", "phone": "0971 912966", "rating": 4.7}}, {"type": "Feature", "geometry": {"type": "Point", "coordinates": [-57.5871841, -25.2584566]}, "properties": {"name": "My Store", "type": "clothing_store", "phone": "0981 506229", "rating": 4.4}}, {"type": "Feature", "geometry": {"type": "Point", "coordinates": [-57.579019, -25.307924]}, "properties": {"name": "Carola Boutique - Asunción", "type": "clothing_store", "phone": "0986 376020", "rating": 4.6}}, {"type": "Feature", "geometry": {"type": "Point", "coordinates": [-57.60227159999999, -25.2787119]}, "properties": {"name": "LA CONDESA ASUNCION - BOUTIQUE", "type": "clothing_store", "phone": "0981 212222", "rating": 4.5}}, {"type": "Feature", "geometry": {"type": "Point", "coordinates": [-57.57042819999999, -25.2790361]}, "properties": {"name": "LIMON", "type": "clothing_store", "phone": "0983 695613", "rating": 4.4}}, {"type": "Feature", "geometry": {"type": "Point", "coordinates": [-57.61878989999999, -25.2977137]}, "properties": {"name": "Pitonisa Boutique (Teodoro Mongelos esq Gral Bruguez)", "type": "clothing_store", "phone": "0984 551116", "rating": 4.6}}, {"type": "Feature", "geometry": {"type": "Point", "coordinates": [-57.5832414, -25.2906616]}, "properties": {"name": "Compulsiva boutique", "type": "clothing_store", "phone": "0971 503099", "rating": 4.6}}, {"type": "Feature", "geometry": {"type": "Point", "coordinates": [-57.6357392, -25.2840509]}, "properties": {"name": "Fashion Point Centro Asunción", "type": "clothing_store", "phone": "0972 111112", "rating": 4.6}}, {"type": "Feature", "geometry": {"type": "Point", "coordinates": [-57.61727309999999, -25.2930012]}, "properties": {"name": "Maria Adela Tienda", "type": "clothing_store", "phone": "0983 373348", "rating": 4.7}}, {"type": "Feature", "geometry": {"type": "Point", "coordinates": [-57.6326878, -25.2834761]}, "properties": {"name": "NICE - La Princesa", "type": "clothing_store", "phone": "0992 449732", "rating": 4.6}}, {"type": "Feature", "geometry": {"type": "Point", "coordinates": [-57.5695454, -25.2713182]}, "properties": {"name": "BOHO STYLE PY", "type": "clothing_store", "phone": "0986 484143", "rating": 5}}, {"type": "Feature", "geometry": {"type": "Point", "coordinates": [-57.5773647, -25.2602945]}, "properties": {"name": "Vintage Shop", "type": "clothing_store", "phone": "", "rating": 4.5}}, {"type": "Feature", "geometry": {"type": "Point", "coordinates": [-57.5926404, -25.2837723]}, "properties": {"name": "Tienda Orquidea Negra", "type": "clothing_store", "phone": "0981 119339", "rating": 4.5}}, {"type": "Feature", "geometry": {"type": "Point", "coordinates": [-57.5979845, -25.3058378]}, "properties": {"name": "Baco Asunción", "type": "clothing_store", "phone": "0983 215559", "rating": 4.5}}, {"type": "Feature", "geometry": {"type": "Point", "coordinates": [-57.6369615, -25.2835694]}, "properties": {"name": "Asunción Underground", "type": "clothing_store", "phone": "0981 718748", "rating": 4.6}}, {"type": "Feature", "geometry": {"type": "Point", "coordinates": [-57.5597697, -25.2850379]}, "properties": {"name": "AVE A la Vuelta de la Esquina", "type": "clothing_store", "phone": "0986 558040", "rating": 5}}, {"type": "Feature", "geometry": {"type": "Point", "coordinates": [-57.6221445, -25.3002139]}, "properties": {"name": "Selfie Boutique", "type": "clothing_store", "phone": "0993 351497", "rating": 3.9}}, {"type": "Feature", "geometry": {"type": "Point", "coordinates": [-57.54190919999999, -25.2410894]}, "properties": {"name": "USA ROPA AMERICANA PARAGUAY", "type": "clothing_store", "phone": "0974 537711", "rating": 4.9}}, {"type": "Feature", "geometry": {"type": "Point", "coordinates": [-57.5689939, -25.277654]}, "properties": {"name": "FAENZA", "type": "clothing_store", "phone": "0981 327800", "rating": 4.6}}, {"type": "Feature", "geometry": {"type": "Point", "coordinates": [-57.58641489999999, -25.2674279]}, "properties": {"name": "Tienda Orange Py", "type": "clothing_store", "phone": "0986 302682", "rating": 5}}, {"type": "Feature", "geometry": {"type": "Point", "coordinates": [-57.56900210000001, -25.3196873]}, "properties": {"name": "Visuar Paraguay", "type": "electronics_store", "phone": "(021) 500 990", "rating": 4.4}}, {"type": "Feature", "geometry": {"type": "Point", "coordinates": [-57.62174509999999, -25.2984597]}, "properties": {"name": "Shopping A&C Electronica", "type": "electronics_store", "phone": "0985 864209", "rating": 4.3}}, {"type": "Feature", "geometry": {"type": "Point", "coordinates": [-57.5654954, -25.2830228]}, "properties": {"name": "Cellshop Importados Paraguay - Asunción", "type": "electronics_store", "phone": "0994 193150", "rating": 4.1}}, {"type": "Feature", "geometry": {"type": "Point", "coordinates": [-57.5635559, -25.2856007]}, "properties": {"name": "TecnoStore", "type": "electronics_store", "phone": "0971 527000", "rating": 5}}, {"type": "Feature", "geometry": {"type": "Point", "coordinates": [-57.62154659999999, -25.2988035]}, "properties": {"name": "HO ELECTRONICA SRL", "type": "electronics_store", "phone": "0983 313326", "rating": 4.3}}, {"type": "Feature", "geometry": {"type": "Point", "coordinates": [-57.5723218, -25.2886335]}, "properties": {"name": "La Electrotienda", "type": "electronics_store", "phone": "(021) 662 716", "rating": 4.3}}, {"type": "Feature", "geometry": {"type": "Point", "coordinates": [-57.6384963, -25.2824743]}, "properties": {"name": "JL STORE", "type": "electronics_store", "phone": "0982 954451", "rating": 4.8}}, {"type": "Feature", "geometry": {"type": "Point", "coordinates": [-57.6201505, -25.2996637]}, "properties": {"name": "Asia Electrónica", "type": "establishment", "phone": "0984 802704", "rating": 4.4}}, {"type": "Feature", "geometry": {"type": "Point", "coordinates": [-57.57986270000001, -25.294487]}, "properties": {"name": "TecnoStore", "type": "establishment", "phone": "(021) 612 806", "rating": 4.8}}, {"type": "Feature", "geometry": {"type": "Point", "coordinates": [-57.5877018, -25.2581087]}, "properties": {"name": "Cyber El Bosque", "type": "electronics_store", "phone": "0992 268771", "rating": 4.4}}, {"type": "Feature", "geometry": {"type": "Point", "coordinates": [-57.637939, -25.2875894]}, "properties": {"name": "Multimedia S.R.L. Computers & Electronics", "type": "electronics_store", "phone": "(021) 496 290", "rating": 4.5}}, {"type": "Feature", "geometry": {"type": "Point", "coordinates": [-57.5719356, -25.2872855]}, "properties": {"name": "Phone Shop py", "type": "establishment", "phone": "0985 937635", "rating": 4.6}}, {"type": "Feature", "geometry": {"type": "Point", "coordinates": [-57.62126850000001, -25.2900367]}, "properties": {"name": "Central Store Paraguay SRL", "type": "electronics_store", "phone": "0961 311666", "rating": 5}}, {"type": "Feature", "geometry": {"type": "Point", "coordinates": [-57.63799059999999, -25.2804667]}, "properties": {"name": "Soundata S.A.", "type": "electronics_store", "phone": "0976 998937", "rating": 4.5}}, {"type": "Feature", "geometry": {"type": "Point", "coordinates": [-57.5769497, -25.2852304]}, "properties": {"name": "Nissei", "type": "electronics_store", "phone": "(061) 500 115", "rating": 4.8}}, {"type": "Feature", "geometry": {"type": "Point", "coordinates": [-57.6378879, -25.2804325]}, "properties": {"name": "Melon Electronics", "type": "electronics_store", "phone": "0992 858754", "rating": 4.1}}, {"type": "Feature", "geometry": {"type": "Point", "coordinates": [-57.6379027, -25.2802405]}, "properties": {"name": "Aravera Electrónica", "type": "electronics_store", "phone": "0985 968145", "rating": 3.9}}, {"type": "Feature", "geometry": {"type": "Point", "coordinates": [-57.6276854, -25.2896857]}, "properties": {"name": "Electrónica Sarabia", "type": "electronics_store", "phone": "(021) 206 517", "rating": 4.4}}, {"type": "Feature", "geometry": {"type": "Point", "coordinates": [-57.6245819, -25.298748]}, "properties": {"name": "El Triunfo Electronicos", "type": "electronics_store", "phone": "0982 265008", "rating": 4}}, {"type": "Feature", "geometry": {"type": "Point", "coordinates": [-57.56667429999999, -25.2828559]}, "properties": {"name": "CompuMarket", "type": "electronics_store", "phone": "0982 986513", "rating": 4.1}}, {"type": "Feature", "geometry": {"type": "Point", "coordinates": [-57.6217182, -25.2996124]}, "properties": {"name": "Home Expert", "type": "establishment", "phone": "(021) 211 996", "rating": 4.7}}, {"type": "Feature", "geometry": {"type": "Point", "coordinates": [-57.5401992, -25.3019928]}, "properties": {"name": "Home Decor Importaciones 🇵🇾", "type": "establishment", "phone": "0982 620200", "rating": 3.4}}, {"type": "Feature", "geometry": {"type": "Point", "coordinates": [-57.5650785, -25.2717293]}, "properties": {"name": "Joy Store", "type": "establishment", "phone": "0981 916707", "rating": 4.8}}, {"type": "Feature", "geometry": {"type": "Point", "coordinates": [-57.56354210000001, -25.2848385]}, "properties": {"name": "ZARA HOME", "type": "establishment", "phone": "0994 351227", "rating": 3.9}}, {"type": "Feature", "geometry": {"type": "Point", "coordinates": [-57.5638532, -25.2691927]}, "properties": {"name": "Plaza Hogar - Stma. Trinidad", "type": "establishment", "phone": "(021) 281 783", "rating": 4.6}}, {"type": "Feature", "geometry": {"type": "Point", "coordinates": [-57.57122309999999, -25.2835738]}, "properties": {"name": "Classic Home", "type": "establishment", "phone": "0981 780002", "rating": 4.2}}, {"type": "Feature", "geometry": {"type": "Point", "coordinates": [-57.57419789999999, -25.2901638]}, "properties": {"name": "Plaza Home Furniture Division", "type": "establishment", "phone": "(021) 614 860", "rating": 4.3}}, {"type": "Feature", "geometry": {"type": "Point", "coordinates": [-57.5684359, -25.2814549]}, "properties": {"name": "Circa Home", "type": "establishment", "phone": "0983 777918", "rating": 4.5}}, {"type": "Feature", "geometry": {"type": "Point", "coordinates": [-57.5635388, -25.2847299]}, "properties": {"name": "Casa Americana - Asunción", "type": "establishment", "phone": "0973 432011", "rating": 4.3}}, {"type": "Feature", "geometry": {"type": "Point", "coordinates": [-57.5655227, -25.2828985]}, "properties": {"name": "TL Home", "type": "establishment", "phone": "0994 711511", "rating": 4.6}}, {"type": "Feature", "geometry": {"type": "Point", "coordinates": [-57.570938, -25.2828562]}, "properties": {"name": "HOLY HOME", "type": "establishment", "phone": "0994 206207", "rating": 5}}, {"type": "Feature", "geometry": {"type": "Point", "coordinates": [-57.5689052, -25.2787422]}, "properties": {"name": "CASA 1133", "type": "establishment", "phone": "0986 546192", "rating": 5}}, {"type": "Feature", "geometry": {"type": "Point", "coordinates": [-57.57243489999999, -25.2866703]}, "properties": {"name": "whims home Paraguay", "type": "establishment", "phone": "0971 164745", "rating": 0.0}}, {"type": "Feature", "geometry": {"type": "Point", "coordinates": [-57.5812018, -25.2887877]}, "properties": {"name": "Blessed Home", "type": "establishment", "phone": "", "rating": 5}}, {"type": "Feature", "geometry": {"type": "Point", "coordinates": [-57.5649666, -25.2715606]}, "properties": {"name": "Benavé Home", "type": "establishment", "phone": "0991 680317", "rating": 4.2}}, {"type": "Feature", "geometry": {"type": "Point", "coordinates": [-57.5745167, -25.2799312]}, "properties": {"name": "Cozy Home", "type": "establishment", "phone": "0981 619538", "rating": 0.0}}, {"type": "Feature", "geometry": {"type": "Point", "coordinates": [-57.5897945, -25.2864009]}, "properties": {"name": "Ashley Homestore Paraguay", "type": "establishment", "phone": "0986 169219", "rating": 4.4}}, {"type": "Feature", "geometry": {"type": "Point", "coordinates": [-57.5558973, -25.2788385]}, "properties": {"name": "MERCI Kitchen & Table Top", "type": "establishment", "phone": "0984 462709", "rating": 4.3}}, {"type": "Feature", "geometry": {"type": "Point", "coordinates": [-57.5500058, -25.2769579]}, "properties": {"name": "CASA BENTO", "type": "establishment", "phone": "0981 500350", "rating": 4.5}}, {"type": "Feature", "geometry": {"type": "Point", "coordinates": [-57.6573443, -25.2891058]}, "properties": {"name": "Ferretería Jack 24hs", "type": "establishment", "phone": "0981 481287", "rating": 4.6}}, {"type": "Feature", "geometry": {"type": "Point", "coordinates": [-57.572957, -25.2637689]}, "properties": {"name": "Ferrex - Trinidad", "type": "establishment", "phone": "(021) 237 6970", "rating": 4.4}}, {"type": "Feature", "geometry": {"type": "Point", "coordinates": [-57.5679379, -25.2767632]}, "properties": {"name": "Ferretería DJ", "type": "establishment", "phone": "0974 178670", "rating": 4.4}}, {"type": "Feature", "geometry": {"type": "Point", "coordinates": [-57.5571273, -25.2790296]}, "properties": {"name": "HERRAMIENTAS TOTAL", "type": "establishment", "phone": "0982 124618", "rating": 4.7}}, {"type": "Feature", "geometry": {"type": "Point", "coordinates": [-57.58590640000001, -25.3119239]}, "properties": {"name": "Ferrex", "type": "establishment", "phone": "(021) 237 6970", "rating": 4.3}}, {"type": "Feature", "geometry": {"type": "Point", "coordinates": [-57.58980700000001, -25.260813]}, "properties": {"name": "Ferretería San Pío", "type": "establishment", "phone": "(021) 292 278", "rating": 4.6}}, {"type": "Feature", "geometry": {"type": "Point", "coordinates": [-57.60226189999999, -25.2701328]}, "properties": {"name": "La Casa de los Herrajes S. R. L.", "type": "establishment", "phone": "(021) 294 165", "rating": 4.3}}, {"type": "Feature", "geometry": {"type": "Point", "coordinates": [-57.5707657, -25.3127526]}, "properties": {"name": "Atlantic Casa Central", "type": "establishment", "phone": "(021) 517 0000", "rating": 4.2}}, {"type": "Feature", "geometry": {"type": "Point", "coordinates": [-57.60599209999999, -25.2775821]}, "properties": {"name": "Ferretería Dominicana", "type": "establishment", "phone": "(021) 227 650", "rating": 4.3}}, {"type": "Feature", "geometry": {"type": "Point", "coordinates": [-57.578361, -25.2577123]}, "properties": {"name": "Sauce Materiales de Construcción", "type": "establishment", "phone": "(021) 298 630", "rating": 4.3}}, {"type": "Feature", "geometry": {"type": "Point", "coordinates": [-57.57652419999999, -25.3324678]}, "properties": {"name": "Ferretería INTERNACIONAL", "type": "establishment", "phone": "(021) 503 115", "rating": 4.4}}, {"type": "Feature", "geometry": {"type": "Point", "coordinates": [-57.59621989999999, -25.2651723]}, "properties": {"name": "HG Ferreteria", "type": "establishment", "phone": "", "rating": 4.8}}, {"type": "Feature", "geometry": {"type": "Point", "coordinates": [-57.5805604, -25.2539337]}, "properties": {"name": "Ferreteria acuario", "type": "establishment", "phone": "0982 909861", "rating": 3.8}}, {"type": "Feature", "geometry": {"type": "Point", "coordinates": [-57.5923548, -25.2951601]}, "properties": {"name": "Todo Ferretería & más Choferes del Chaco", "type": "establishment", "phone": "0974 851388", "rating": 4.5}}, {"type": "Feature", "geometry": {"type": "Point", "coordinates": [-57.5473684, -25.2760655]}, "properties": {"name": "Ferreteria Ñu Guazu", "type": "establishment", "phone": "(021) 605 722", "rating": 4.6}}, {"type": "Feature", "geometry": {"type": "Point", "coordinates": [-57.5856898, -25.2574075]}, "properties": {"name": "Ferretería Trinidad", "type": "establishment", "phone": "(021) 292 417", "rating": 3.9}}, {"type": "Feature", "geometry": {"type": "Point", "coordinates": [-57.6413987, -25.2802463]}, "properties": {"name": "Cerrajería 24 horas Asunción Paraguay", "type": "establishment", "phone": "0983 475111", "rating": 4.8}}, {"type": "Feature", "geometry": {"type": "Point", "coordinates": [-57.5912487, -25.3106419]}, "properties": {"name": "Lincoln", "type": "establishment", "phone": "(021) 553 875", "rating": 4.5}}, {"type": "Feature", "geometry": {"type": "Point", "coordinates": [-57.5704422, -25.3163155]}, "properties": {"name": "Ferreteria FerreShop", "type": "establishment", "phone": "0986 114040", "rating": 4.3}}, {"type": "Feature", "geometry": {"type": "Point", "coordinates": [-57.5709435, -25.2798172]}, "properties": {"name": "SoulHome By Paraná Decor", "type": "establishment", "phone": "0981 753034", "rating": 4.5}}, {"type": "Feature", "geometry": {"type": "Point", "coordinates": [-57.5765849, -25.286714]}, "properties": {"name": "Galeria Bonita", "type": "establishment", "phone": "0983 515434", "rating": 4.7}}, {"type": "Feature", "geometry": {"type": "Point", "coordinates": [-57.5709343, -25.2823035]}, "properties": {"name": "CASA VIVA Interiores", "type": "establishment", "phone": "(021) 611 977", "rating": 4.4}}, {"type": "Feature", "geometry": {"type": "Point", "coordinates": [-57.6009683, -25.2882074]}, "properties": {"name": "Sueñolar Casa Matriz", "type": "establishment", "phone": "0983 171727", "rating": 4.4}}, {"type": "Feature", "geometry": {"type": "Point", "coordinates": [-57.5714838, -25.2828865]}, "properties": {"name": "Sierra Decor", "type": "establishment", "phone": "0972 822094", "rating": 4.6}}, {"type": "Feature", "geometry": {"type": "Point", "coordinates": [-57.5671244, -25.2757087]}, "properties": {"name": "Area Design Paraguay", "type": "establishment", "phone": "0982 166713", "rating": 5}}, {"type": "Feature", "geometry": {"type": "Point", "coordinates": [-57.56517359999999, -25.2716883]}, "properties": {"name": "Casa de Sofas", "type": "establishment", "phone": "0991 680317", "rating": 4}}, {"type": "Feature", "geometry": {"type": "Point", "coordinates": [-57.64593350000001, -25.2829096]}, "properties": {"name": "HIDALGO MUEBLES", "type": "establishment", "phone": "(021) 492 441", "rating": 4.4}}, {"type": "Feature", "geometry": {"type": "Point", "coordinates": [-57.6084268, -25.2988784]}, "properties": {"name": "Sulit Modern Furniture", "type": "establishment", "phone": "0983 927422", "rating": 4}}, {"type": "Feature", "geometry": {"type": "Point", "coordinates": [-57.5873089, -25.2862027]}, "properties": {"name": "Florense Asunción", "type": "establishment", "phone": "(021) 662 378", "rating": 4.7}}, {"type": "Feature", "geometry": {"type": "Point", "coordinates": [-57.5659652, -25.3001829]}, "properties": {"name": "Achon Muebles", "type": "establishment", "phone": "(021) 607 999", "rating": 4.4}}, {"type": "Feature", "geometry": {"type": "Point", "coordinates": [-57.5601654, -25.2642038]}, "properties": {"name": "Briart Deco", "type": "establishment", "phone": "0981 167464", "rating": 5}}, {"type": "Feature", "geometry": {"type": "Point", "coordinates": [-57.5971254, -25.3085558]}, "properties": {"name": "Nuestra Casa Asunción", "type": "establishment", "phone": "0994 779000", "rating": 3.8}}, {"type": "Feature", "geometry": {"type": "Point", "coordinates": [-57.5867824, -25.2863661]}, "properties": {"name": "LUGARO SACI", "type": "establishment", "phone": "(021) 660 213", "rating": 4.8}}, {"type": "Feature", "geometry": {"type": "Point", "coordinates": [-57.58572110000001, -25.3347225]}, "properties": {"name": "muebleria y fábrica de sofas EL FABRICANTES", "type": "establishment", "phone": "0984 507242", "rating": 4.8}}, {"type": "Feature", "geometry": {"type": "Point", "coordinates": [-57.55805469999999, -25.2861551]}, "properties": {"name": "Living Room Muebles Asuncion", "type": "establishment", "phone": "0971 880905", "rating": 3.7}}, {"type": "Feature", "geometry": {"type": "Point", "coordinates": [-57.6278985, -25.2960658]}, "properties": {"name": "Fabricante Muebles", "type": "establishment", "phone": "0983 780446", "rating": 4.4}}, {"type": "Feature", "geometry": {"type": "Point", "coordinates": [-57.5880907, -25.3020802]}, "properties": {"name": "SyroCco S.A. - Sucursal Villa Morra", "type": "establishment", "phone": "0985 176072", "rating": 4.6}}, {"type": "Feature", "geometry": {"type": "Point", "coordinates": [-57.5635901, -25.2840915]}, "properties": {"name": "ueno bank - Centro de experiencia Asunción", "type": "bank", "phone": "(021) 618 8000", "rating": 2.3}}, {"type": "Feature", "geometry": {"type": "Point", "coordinates": [-57.57529719999999, -25.2787883]}, "properties": {"name": "Central Bank of Paraguay", "type": "bank", "phone": "(021) 608 011", "rating": 4.5}}, {"type": "Feature", "geometry": {"type": "Point", "coordinates": [-57.58402679999999, -25.2926339]}, "properties": {"name": "GNB Bank", "type": "bank", "phone": "(061) 83000", "rating": 3.8}}, {"type": "Feature", "geometry": {"type": "Point", "coordinates": [-57.579642, -25.2588274]}, "properties": {"name": "ueno bank x Trinidad", "type": "bank", "phone": "(021) 618 8000", "rating": 3.8}}, {"type": "Feature", "geometry": {"type": "Point", "coordinates": [-57.5543115, -25.2894519]}, "properties": {"name": "ueno bank MATRIX", "type": "bank", "phone": "(021) 618 8000", "rating": 4.3}}, {"type": "Feature", "geometry": {"type": "Point", "coordinates": [-57.5702189, -25.2860812]}, "properties": {"name": "Banco BASA", "type": "bank", "phone": "(021) 618 7070", "rating": 4.1}}, {"type": "Feature", "geometry": {"type": "Point", "coordinates": [-57.58016110000001, -25.2937904]}, "properties": {"name": "ueno bank x Villa Morra", "type": "bank", "phone": "(021) 618 8000", "rating": 4}}, {"type": "Feature", "geometry": {"type": "Point", "coordinates": [-57.56564009999999, -25.2726326]}, "properties": {"name": "ueno bank x Julio Correa", "type": "bank", "phone": "(021) 618 8000", "rating": 4.8}}, {"type": "Feature", "geometry": {"type": "Point", "coordinates": [-57.5637487, -25.2830262]}, "properties": {"name": "Banco GNB", "type": "bank", "phone": "(021) 618 3000", "rating": 3.8}}, {"type": "Feature", "geometry": {"type": "Point", "coordinates": [-57.58009070000001, -25.2943469]}, "properties": {"name": "Banco Sudameris", "type": "bank", "phone": "4166000", "rating": 3.2}}, {"type": "Feature", "geometry": {"type": "Point", "coordinates": [-57.5629521, -25.2974003]}, "properties": {"name": "ueno bank x Denis Roa", "type": "bank", "phone": "(021) 618 8000", "rating": 3.8}}, {"type": "Feature", "geometry": {"type": "Point", "coordinates": [-57.6342578, -25.2837357]}, "properties": {"name": "BNF - Banco Nacional de Fomento (Casa Central)", "type": "bank", "phone": "(021) 413 9000", "rating": 3.8}}, {"type": "Feature", "geometry": {"type": "Point", "coordinates": [-57.58639049999999, -25.2578204]}, "properties": {"name": "Banco Continental", "type": "bank", "phone": "", "rating": 3.5}}, {"type": "Feature", "geometry": {"type": "Point", "coordinates": [-57.56679029999999, -25.2828598]}, "properties": {"name": "Banco Itaú Paraguay SA", "type": "bank", "phone": "(021) 617 2540", "rating": 3.5}}, {"type": "Feature", "geometry": {"type": "Point", "coordinates": [-57.58389, -25.2919115]}, "properties": {"name": "Banco Continental S.A.E.C.A.", "type": "bank", "phone": "(021) 627 4000", "rating": 3.6}}, {"type": "Feature", "geometry": {"type": "Point", "coordinates": [-57.5791246, -25.2946219]}, "properties": {"name": "Citi", "type": "bank", "phone": "", "rating": 4}}, {"type": "Feature", "geometry": {"type": "Point", "coordinates": [-57.6286205, -25.2905798]}, "properties": {"name": "ueno bank x EEUU", "type": "bank", "phone": "(021) 618 8000", "rating": 3.8}}, {"type": "Feature", "geometry": {"type": "Point", "coordinates": [-57.6346174, -25.2841144]}, "properties": {"name": "Banco Sudameris", "type": "bank", "phone": "4166000", "rating": 3.2}}, {"type": "Feature", "geometry": {"type": "Point", "coordinates": [-57.5719858, -25.3167232]}, "properties": {"name": "ueno bank x Multiplaza", "type": "bank", "phone": "(021) 618 8000", "rating": 3.9}}, {"type": "Feature", "geometry": {"type": "Point", "coordinates": [-57.6362321, -25.2831968]}, "properties": {"name": "Banco Itau Casa Matriz", "type": "bank", "phone": "(021) 617 1000", "rating": 2.7}}, {"type": "Feature", "geometry": {"type": "Point", "coordinates": [-57.57619649999999, -25.2608669]}, "properties": {"name": "Cajero DINELCO", "type": "atm", "phone": "(021) 413 9000", "rating": 4}}, {"type": "Feature", "geometry": {"type": "Point", "coordinates": [-57.58270950000001, -25.2675223]}, "properties": {"name": "Cajero itau", "type": "atm", "phone": "", "rating": 5}}, {"type": "Feature", "geometry": {"type": "Point", "coordinates": [-57.578798, -25.2687431]}, "properties": {"name": "TED-Wepa", "type": "atm", "phone": "(021) 618 8003", "rating": 0.0}}, {"type": "Feature", "geometry": {"type": "Point", "coordinates": [-57.5796047, -25.2587492]}, "properties": {"name": "TED-Wepa", "type": "atm", "phone": "(021) 618 8003", "rating": 0.0}}, {"type": "Feature", "geometry": {"type": "Point", "coordinates": [-57.57073279999999, -25.2727502]}, "properties": {"name": "Cajero electronico Itaú", "type": "atm", "phone": "", "rating": 0.0}}, {"type": "Feature", "geometry": {"type": "Point", "coordinates": [-57.5845929, -25.2721285]}, "properties": {"name": "Itau", "type": "atm", "phone": "", "rating": 5}}, {"type": "Feature", "geometry": {"type": "Point", "coordinates": [-57.56335779999999, -25.2694866]}, "properties": {"name": "ATM Sudameris Mburucuya", "type": "atm", "phone": "(021) 416 6000", "rating": 0.0}}, {"type": "Feature", "geometry": {"type": "Point", "coordinates": [-57.5812512, -25.279605]}, "properties": {"name": "TED-Wepa", "type": "atm", "phone": "(021) 618 8003", "rating": 5}}, {"type": "Feature", "geometry": {"type": "Point", "coordinates": [-57.5654562, -25.2686087]}, "properties": {"name": "TED-Wepa", "type": "atm", "phone": "(021) 618 8003", "rating": 0.0}}, {"type": "Feature", "geometry": {"type": "Point", "coordinates": [-57.580848, -25.2722534]}, "properties": {"name": "Cajero Regional IPS", "type": "atm", "phone": "", "rating": 0.0}}, {"type": "Feature", "geometry": {"type": "Point", "coordinates": [-57.5656452, -25.27263]}, "properties": {"name": "TED-Wepa", "type": "atm", "phone": "(021) 618 8003", "rating": 0.0}}, {"type": "Feature", "geometry": {"type": "Point", "coordinates": [-57.56770150000001, -25.2760363]}, "properties": {"name": "TED-Wepa", "type": "atm", "phone": "(021) 618 8003", "rating": 0.0}}, {"type": "Feature", "geometry": {"type": "Point", "coordinates": [-57.5787381, -25.298515]}, "properties": {"name": "ATM Sudameris Sanat. Bautista", "type": "atm", "phone": "(021) 416 6000", "rating": 1}}, {"type": "Feature", "geometry": {"type": "Point", "coordinates": [-57.56046010000001, -25.2623851]}, "properties": {"name": "TED-Wepa", "type": "atm", "phone": "(021) 618 8003", "rating": 0.0}}, {"type": "Feature", "geometry": {"type": "Point", "coordinates": [-57.58073419999999, -25.2547798]}, "properties": {"name": "stock artigas", "type": "establishment", "phone": "0985 462193", "rating": 3.9}}, {"type": "Feature", "geometry": {"type": "Point", "coordinates": [-57.57178489999999, -25.2559621]}, "properties": {"name": "TED-Wepa", "type": "atm", "phone": "(021) 618 8003", "rating": 0.0}}, {"type": "Feature", "geometry": {"type": "Point", "coordinates": [-57.5907065, -25.2864923]}, "properties": {"name": "ATM Sudameris Bank", "type": "atm", "phone": "", "rating": 2}}, {"type": "Feature", "geometry": {"type": "Point", "coordinates": [-57.56916949999999, -25.2884294]}, "properties": {"name": "Cajero Banco Itau", "type": "atm", "phone": "(021) 617 1000", "rating": 5}}, {"type": "Feature", "geometry": {"type": "Point", "coordinates": [-57.59639840000001, -25.2651042]}, "properties": {"name": "TED-Wepa", "type": "atm", "phone": "(021) 618 8003", "rating": 0.0}}, {"type": "Feature", "geometry": {"type": "Point", "coordinates": [-57.63813339999999, -25.2854268]}, "properties": {"name": "Continental Bank ATM", "type": "atm", "phone": "", "rating": 2.5}}, {"type": "Feature", "geometry": {"type": "Point", "coordinates": [-57.634961, -25.2807031]}, "properties": {"name": "Dirección Nacional de Correos del Paraguay", "type": "establishment", "phone": "(021) 498 113", "rating": 2.7}}, {"type": "Feature", "geometry": {"type": "Point", "coordinates": [-57.5977591, -25.3074133]}, "properties": {"name": "Post Courier", "type": "establishment", "phone": "(021) 208 1301", "rating": 4.3}}, {"type": "Feature", "geometry": {"type": "Point", "coordinates": [-57.63496029999999, -25.2807149]}, "properties": {"name": "DINACOPA Correo Paraguayo", "type": "establishment", "phone": "(021) 493 783", "rating": 2.6}}, {"type": "Feature", "geometry": {"type": "Point", "coordinates": [-57.5622902, -25.2842976]}, "properties": {"name": "DHL Express Punto de Venta (Paseo La Galeria)", "type": "establishment", "phone": "0972 267041", "rating": 4.5}}, {"type": "Feature", "geometry": {"type": "Point", "coordinates": [-57.616894, -25.2805983]}, "properties": {"name": "Dirección de Correos, Central de Encomiendas - DINACOPA", "type": "establishment", "phone": "(021) 200 788", "rating": 1.8}}, {"type": "Feature", "geometry": {"type": "Point", "coordinates": [-57.6095564, -25.2793923]}, "properties": {"name": "DHL Express Punto de Venta (Casa Matriz)", "type": "establishment", "phone": "(021) 216 2000", "rating": 4.3}}, {"type": "Feature", "geometry": {"type": "Point", "coordinates": [-57.60268749999999, -25.2891875]}, "properties": {"name": "Upostal", "type": "establishment", "phone": "(021) 203 004", "rating": 5}}, {"type": "Feature", "geometry": {"type": "Point", "coordinates": [-57.633976, -25.2831297]}, "properties": {"name": "DHL Express Punto de Venta (Centro)", "type": "establishment", "phone": "0982 838035", "rating": 4.3}}, {"type": "Feature", "geometry": {"type": "Point", "coordinates": [-57.6364268, -25.286638]}, "properties": {"name": "UPS Paraguay", "type": "establishment", "phone": "(021) 451 960", "rating": 2.7}}, {"type": "Feature", "geometry": {"type": "Point", "coordinates": [-57.5592421, -25.2806254]}, "properties": {"name": "PuntoBox Paraguay", "type": "establishment", "phone": "0981 515793", "rating": 4.2}}, {"type": "Feature", "geometry": {"type": "Point", "coordinates": [-57.6192793, -25.292711]}, "properties": {"name": "Citipostal Express", "type": "establishment", "phone": "(021) 222 487", "rating": 4.1}}, {"type": "Feature", "geometry": {"type": "Point", "coordinates": [-57.5902784, -25.2843332]}, "properties": {"name": "FastBox", "type": "establishment", "phone": "(021) 728 9061", "rating": 4.4}}, {"type": "Feature", "geometry": {"type": "Point", "coordinates": [-57.59712039999999, -25.3274925]}, "properties": {"name": "Asunción Box Zona Terminal", "type": "establishment", "phone": "(021) 562 808", "rating": 3.2}}, {"type": "Feature", "geometry": {"type": "Point", "coordinates": [-57.5609866, -25.2796033]}, "properties": {"name": "Lavandería Luxe Clean", "type": "establishment", "phone": "0974 200495", "rating": 5}}, {"type": "Feature", "geometry": {"type": "Point", "coordinates": [-57.56531559999999, -25.2818607]}, "properties": {"name": "LAVANDERÍA LAVAFÁCIL", "type": "establishment", "phone": "0974 380001", "rating": 4.9}}, {"type": "Feature", "geometry": {"type": "Point", "coordinates": [-57.561906, -25.2821289]}, "properties": {"name": "Laundrix", "type": "establishment", "phone": "0971 262692", "rating": 4.8}}, {"type": "Feature", "geometry": {"type": "Point", "coordinates": [-57.5668399, -25.259013]}, "properties": {"name": "Johéi Lavandería de Autoservicio", "type": "establishment", "phone": "", "rating": 4.1}}, {"type": "Feature", "geometry": {"type": "Point", "coordinates": [-57.6258408, -25.2956155]}, "properties": {"name": "Lavandería Domy®", "type": "establishment", "phone": "0981 167859", "rating": 5}}, {"type": "Feature", "geometry": {"type": "Point", "coordinates": [-57.566059, -25.2731791]}, "properties": {"name": "Tintorería Breeze&Co - Suc. Julio Correa", "type": "establishment", "phone": "0986 700275", "rating": 4.7}}, {"type": "Feature", "geometry": {"type": "Point", "coordinates": [-57.5603278, -25.3006475]}, "properties": {"name": "Lavandería y Tintorería Kuñataí", "type": "establishment", "phone": "0984 812605", "rating": 4.7}}, {"type": "Feature", "geometry": {"type": "Point", "coordinates": [-57.62900999999999, -25.286605]}, "properties": {"name": "Lavanderia WashUp", "type": "establishment", "phone": "0986 472712", "rating": 4.7}}, {"type": "Feature", "geometry": {"type": "Point", "coordinates": [-57.58695729999999, -25.2878034]}, "properties": {"name": "Lavantti", "type": "establishment", "phone": "0981 298799", "rating": 4.9}}, {"type": "Feature", "geometry": {"type": "Point", "coordinates": [-57.5685918, -25.2768745]}, "properties": {"name": "Impecable Tintorería y Lavandería - Sucursal San Martín", "type": "establishment", "phone": "0971 771287", "rating": 4.3}}, {"type": "Feature", "geometry": {"type": "Point", "coordinates": [-57.57128059999999, -25.2800055]}, "properties": {"name": "Mr Jeff", "type": "establishment", "phone": "0991 858321", "rating": 4.4}}, {"type": "Feature", "geometry": {"type": "Point", "coordinates": [-57.5413867, -25.2399109]}, "properties": {"name": "House Laundry", "type": "establishment", "phone": "0982 080412", "rating": 5}}, {"type": "Feature", "geometry": {"type": "Point", "coordinates": [-57.576456, -25.2903872]}, "properties": {"name": "Super Wash - Lavandería y Tintorería", "type": "establishment", "phone": "0993 351000", "rating": 4.4}}, {"type": "Feature", "geometry": {"type": "Point", "coordinates": [-57.586804, -25.297222]}, "properties": {"name": "Lavandería Mr. JOM", "type": "establishment", "phone": "0981 102076", "rating": 4.8}}, {"type": "Feature", "geometry": {"type": "Point", "coordinates": [-57.58986909999999, -25.257755]}, "properties": {"name": "Clean house Paraguay", "type": "establishment", "phone": "(021) 601 708", "rating": 4.8}}, {"type": "Feature", "geometry": {"type": "Point", "coordinates": [-57.59746399999999, -25.2743149]}, "properties": {"name": "Lavandería - LAVEMAR", "type": "establishment", "phone": "0982 104159", "rating": 4.8}}, {"type": "Feature", "geometry": {"type": "Point", "coordinates": [-57.60578450000001, -25.2890052]}, "properties": {"name": "Clean Master - Lavandería y Tintorería", "type": "establishment", "phone": "0982 555590", "rating": 4.6}}, {"type": "Feature", "geometry": {"type": "Point", "coordinates": [-57.5568574, -25.2844981]}, "properties": {"name": "ECO Luxe Studio Restauración de cueros, pieles y textiles", "type": "establishment", "phone": "0984 995366", "rating": 4.9}}, {"type": "Feature", "geometry": {"type": "Point", "coordinates": [-57.55609579999999, -25.3020964]}, "properties": {"name": "Lavandería Señoritas (Barrio Herrera)", "type": "establishment", "phone": "0986 818880", "rating": 4.9}}, {"type": "Feature", "geometry": {"type": "Point", "coordinates": [-57.56734319999999, -25.3005509]}, "properties": {"name": "Tintorería Española - Casa Central", "type": "establishment", "phone": "0976 928224", "rating": 4.8}}, {"type": "Feature", "geometry": {"type": "Point", "coordinates": [-57.5751825, -25.2873162]}, "properties": {"name": "Golden Gym", "type": "gym", "phone": "0981 660116", "rating": 4.9}}, {"type": "Feature", "geometry": {"type": "Point", "coordinates": [-57.57947919999999, -25.2518711]}, "properties": {"name": "Lyon Gym", "type": "gym", "phone": "0986 657777", "rating": 4.8}}, {"type": "Feature", "geometry": {"type": "Point", "coordinates": [-57.58057849999999, -25.2643872]}, "properties": {"name": "Gorilla's Gym", "type": "gym", "phone": "0994 462100", "rating": 4.8}}, {"type": "Feature", "geometry": {"type": "Point", "coordinates": [-57.57462939999999, -25.2916469]}, "properties": {"name": "Premier Fitness Club Asunción", "type": "gym", "phone": "0972 141444", "rating": 4.6}}, {"type": "Feature", "geometry": {"type": "Point", "coordinates": [-57.58373779999999, -25.3069771]}, "properties": {"name": "Global Fitness Paraguay", "type": "gym", "phone": "0981 205329", "rating": 4.8}}, {"type": "Feature", "geometry": {"type": "Point", "coordinates": [-57.5765009, -25.2659362]}, "properties": {"name": "KR Training - Lomas", "type": "gym", "phone": "0981 758822", "rating": 4.9}}, {"type": "Feature", "geometry": {"type": "Point", "coordinates": [-57.5699412, -25.2662142]}, "properties": {"name": "FitXpress 20'", "type": "gym", "phone": "0981 687752", "rating": 4.9}}, {"type": "Feature", "geometry": {"type": "Point", "coordinates": [-57.5691828, -25.2713606]}, "properties": {"name": "Curda Gym", "type": "gym", "phone": "", "rating": 5}}, {"type": "Feature", "geometry": {"type": "Point", "coordinates": [-57.56349830000001, -25.2848618]}, "properties": {"name": "Zona Fit del Paseo", "type": "gym", "phone": "0986 108875", "rating": 4.6}}, {"type": "Feature", "geometry": {"type": "Point", "coordinates": [-57.58748989999999, -25.2727381]}, "properties": {"name": "Gimnasio Get Fit", "type": "gym", "phone": "0981 764258", "rating": 4.7}}, {"type": "Feature", "geometry": {"type": "Point", "coordinates": [-57.5651145, -25.2688647]}, "properties": {"name": "Fit for Life", "type": "gym", "phone": "0985 402825", "rating": 4.6}}, {"type": "Feature", "geometry": {"type": "Point", "coordinates": [-57.5785172, -25.2928036]}, "properties": {"name": "Gimnasio Forma Fisica", "type": "gym", "phone": "(021) 600 874", "rating": 4.6}}, {"type": "Feature", "geometry": {"type": "Point", "coordinates": [-57.5780947, -25.2586913]}, "properties": {"name": "Fibra Academia", "type": "gym", "phone": "(021) 280 084", "rating": 4.6}}, {"type": "Feature", "geometry": {"type": "Point", "coordinates": [-57.58027809999999, -25.2827379]}, "properties": {"name": "SAGA GYM", "type": "gym", "phone": "0981 704604", "rating": 4.7}}, {"type": "Feature", "geometry": {"type": "Point", "coordinates": [-57.57566070000001, -25.2982921]}, "properties": {"name": "MK GYM", "type": "gym", "phone": "(021) 614 872", "rating": 4.7}}, {"type": "Feature", "geometry": {"type": "Point", "coordinates": [-57.5937853, -25.2671269]}, "properties": {"name": "Go Fitness Gym", "type": "gym", "phone": "0982 157720", "rating": 5}}, {"type": "Feature", "geometry": {"type": "Point", "coordinates": [-57.6087758, -25.2865455]}, "properties": {"name": "Fitness Corporation", "type": "gym", "phone": "0986 802957", "rating": 4.7}}, {"type": "Feature", "geometry": {"type": "Point", "coordinates": [-57.5746766, -25.2542615]}, "properties": {"name": "ARMOR Cross & Functional", "type": "gym", "phone": "0981 616391", "rating": 5}}, {"type": "Feature", "geometry": {"type": "Point", "coordinates": [-57.5656565, -25.2836801]}, "properties": {"name": "Smart Fit", "type": "gym", "phone": "", "rating": 4.4}}, {"type": "Feature", "geometry": {"type": "Point", "coordinates": [-57.6381494, -25.291009]}, "properties": {"name": "IRON fit club", "type": "gym", "phone": "0982 920208", "rating": 4.9}}, {"type": "Feature", "geometry": {"type": "Point", "coordinates": [-57.5707506, -25.2650858]}, "properties": {"name": "Bethel Spa Asuncion", "type": "spa", "phone": "", "rating": 4.3}}, {"type": "Feature", "geometry": {"type": "Point", "coordinates": [-57.5760357, -25.267154]}, "properties": {"name": "Urban Spa Calle 11 - Mburucuya", "type": "spa", "phone": "0974 968585", "rating": 4.5}}, {"type": "Feature", "geometry": {"type": "Point", "coordinates": [-57.5723197, -25.2914042]}, "properties": {"name": "Spa Masculino A Cáceres - Masajes y Sauna", "type": "spa", "phone": "0983 481000", "rating": 4.9}}, {"type": "Feature", "geometry": {"type": "Point", "coordinates": [-57.5749821, -25.2905983]}, "properties": {"name": "Carolina Zarate Spa", "type": "spa", "phone": "0981 800788", "rating": 4.8}}, {"type": "Feature", "geometry": {"type": "Point", "coordinates": [-57.5678982, -25.290441]}, "properties": {"name": "Natura Spa", "type": "spa", "phone": "0981 169164", "rating": 4.7}}, {"type": "Feature", "geometry": {"type": "Point", "coordinates": [-57.5906093, -25.3019804]}, "properties": {"name": "Teranu", "type": "spa", "phone": "0971 252626", "rating": 4.8}}, {"type": "Feature", "geometry": {"type": "Point", "coordinates": [-57.6004613, -25.2987219]}, "properties": {"name": "Mudraa Spa Py", "type": "spa", "phone": "0971 186989", "rating": 4.9}}, {"type": "Feature", "geometry": {"type": "Point", "coordinates": [-57.613248, -25.28112]}, "properties": {"name": "Urban Spa Calle 11", "type": "spa", "phone": "0976 968585", "rating": 4.5}}, {"type": "Feature", "geometry": {"type": "Point", "coordinates": [-57.6254541, -25.2921792]}, "properties": {"name": "Borcelle Spa", "type": "spa", "phone": "0981 044443", "rating": 4.8}}, {"type": "Feature", "geometry": {"type": "Point", "coordinates": [-57.5629643, -25.2888742]}, "properties": {"name": "AMÁN Spa & Body Care", "type": "spa", "phone": "0982 157000", "rating": 4.5}}, {"type": "Feature", "geometry": {"type": "Point", "coordinates": [-57.5710664, -25.2763051]}, "properties": {"name": "Namaste Spa Male", "type": "spa", "phone": "0985 660289", "rating": 3.9}}, {"type": "Feature", "geometry": {"type": "Point", "coordinates": [-57.5722101, -25.2795764]}, "properties": {"name": "Amano Spa de manos y pies", "type": "spa", "phone": "0981 714783", "rating": 4.7}}, {"type": "Feature", "geometry": {"type": "Point", "coordinates": [-57.56584720000001, -25.2717035]}, "properties": {"name": "Glow Spa Py", "type": "spa", "phone": "0985 900533", "rating": 4.8}}, {"type": "Feature", "geometry": {"type": "Point", "coordinates": [-57.5731437, -25.282158]}, "properties": {"name": "Bendito Spa Boutique Carmelitas", "type": "spa", "phone": "0993 555560", "rating": 4.9}}, {"type": "Feature", "geometry": {"type": "Point", "coordinates": [-57.63793380000001, -25.2870933]}, "properties": {"name": "LAS CARIÑOSAS ASUNCIÓN ORIGINAL", "type": "spa", "phone": "0984 400228", "rating": 4.2}}, {"type": "Feature", "geometry": {"type": "Point", "coordinates": [-57.6454475, -25.2922566]}, "properties": {"name": "Bliss Spa", "type": "spa", "phone": "0984 588240", "rating": 4.7}}, {"type": "Feature", "geometry": {"type": "Point", "coordinates": [-57.5792502, -25.28839]}, "properties": {"name": "La Casa Depelle", "type": "spa", "phone": "0984 731000", "rating": 5}}, {"type": "Feature", "geometry": {"type": "Point", "coordinates": [-57.6349107, -25.295013]}, "properties": {"name": "Urban Spa Acquadolce", "type": "spa", "phone": "0961 281515", "rating": 4.7}}, {"type": "Feature", "geometry": {"type": "Point", "coordinates": [-57.61731100000001, -25.2911199]}, "properties": {"name": "ONE Spa", "type": "spa", "phone": "0971 839000", "rating": 4.8}}, {"type": "Feature", "geometry": {"type": "Point", "coordinates": [-57.5792976, -25.3123674]}, "properties": {"name": "Nutrifit Spa y Belleza Los Laureles", "type": "spa", "phone": "0981 100018", "rating": 4.5}}, {"type": "Feature", "geometry": {"type": "Point", "coordinates": [-57.62278999999999, -25.289944]}, "properties": {"name": "Hotel Premier Hill", "type": "lodging", "phone": "(021) 215 005", "rating": 4.3}}, {"type": "Feature", "geometry": {"type": "Point", "coordinates": [-57.645141, -25.2781204]}, "properties": {"name": "Hotel Asunción", "type": "lodging", "phone": "0992 488142", "rating": 3}}, {"type": "Feature", "geometry": {"type": "Point", "coordinates": [-57.6319615, -25.288748]}, "properties": {"name": "casa mosaico", "type": "lodging", "phone": "0994 465566", "rating": 4.8}}, {"type": "Feature", "geometry": {"type": "Point", "coordinates": [-57.6352003, -25.2839699]}, "properties": {"name": "Guarani Hotel", "type": "lodging", "phone": "(021) 452 099", "rating": 4.6}}, {"type": "Feature", "geometry": {"type": "Point", "coordinates": [-57.63026079999999, -25.290689]}, "properties": {"name": "La Petite Maison de Diana", "type": "lodging", "phone": "0974 249700", "rating": 4.7}}, {"type": "Feature", "geometry": {"type": "Point", "coordinates": [-57.61591699999999, -25.287587]}, "properties": {"name": "Gran Hotel del Paraguay", "type": "lodging", "phone": "(021) 200 051", "rating": 4.6}}, {"type": "Feature", "geometry": {"type": "Point", "coordinates": [-57.6251875, -25.2868125]}, "properties": {"name": "Isla Francia Hostel", "type": "lodging", "phone": "0984 885003", "rating": 4.5}}, {"type": "Feature", "geometry": {"type": "Point", "coordinates": [-57.6381619, -25.2845787]}, "properties": {"name": "El Viajero Asuncion Hostel & Suites", "type": "lodging", "phone": "0986 560222", "rating": 3.8}}, {"type": "Feature", "geometry": {"type": "Point", "coordinates": [-57.6380217, -25.2811409]}, "properties": {"name": "Hotel Granados Park", "type": "lodging", "phone": "(021) 497 921", "rating": 4.6}}, {"type": "Feature", "geometry": {"type": "Point", "coordinates": [-57.645141, -25.2781204]}, "properties": {"name": "Riviera Puerto Hotel Asuncion", "type": "lodging", "phone": "0983 880420", "rating": 4.3}}, {"type": "Feature", "geometry": {"type": "Point", "coordinates": [-57.5738601, -25.2939396]}, "properties": {"name": "LODECAMPU", "type": "lodging", "phone": "0983 230213", "rating": 4.5}}, {"type": "Feature", "geometry": {"type": "Point", "coordinates": [-57.58211979999999, -25.3012111]}, "properties": {"name": "Divina Tower Apart Hotel", "type": "lodging", "phone": "0994 138797", "rating": 4.8}}, {"type": "Feature", "geometry": {"type": "Point", "coordinates": [-57.5559998, -25.2675259]}, "properties": {"name": "Casa de Mía - Apartamentos", "type": "lodging", "phone": "0981 756818", "rating": 5}}, {"type": "Feature", "geometry": {"type": "Point", "coordinates": [-57.5188125, -25.2236875]}, "properties": {"name": "Zetta Village Hotel", "type": "lodging", "phone": "0994 818300", "rating": 4.8}}, {"type": "Feature", "geometry": {"type": "Point", "coordinates": [-57.582564, -25.2950988]}, "properties": {"name": "The Hub Urban Hotel", "type": "lodging", "phone": "(021) 608 301", "rating": 4.6}}, {"type": "Feature", "geometry": {"type": "Point", "coordinates": [-57.5589752, -25.2882067]}, "properties": {"name": "Hotel Portal Del Sol", "type": "lodging", "phone": "(021) 609 395", "rating": 4.1}}, {"type": "Feature", "geometry": {"type": "Point", "coordinates": [-57.6263865, -25.2839587]}, "properties": {"name": "Hotel Palmas Del Sol", "type": "lodging", "phone": "(021) 449 485", "rating": 4.1}}, {"type": "Feature", "geometry": {"type": "Point", "coordinates": [-57.59214589999999, -25.2953613]}, "properties": {"name": "Residencia Leones de Castilla", "type": "lodging", "phone": "0984 863416", "rating": 4.3}}, {"type": "Feature", "geometry": {"type": "Point", "coordinates": [-57.6319589, -25.2859696]}, "properties": {"name": "Manduara", "type": "lodging", "phone": "(021) 490 224", "rating": 4}}, {"type": "Feature", "geometry": {"type": "Point", "coordinates": [-57.56398169999999, -25.2842682]}, "properties": {"name": "Paseo La Galeria Hotel & Suites", "type": "lodging", "phone": "(021) 659 4600", "rating": 4.6}}, {"type": "Feature", "geometry": {"type": "Point", "coordinates": [-57.5897168, -25.2865395]}, "properties": {"name": "Wynwood Asunción", "type": "night_club", "phone": "0974 973994", "rating": 4.4}}, {"type": "Feature", "geometry": {"type": "Point", "coordinates": [-57.55462949999999, -25.2773743]}, "properties": {"name": "CÉ LA VIE", "type": "night_club", "phone": "0994 657777", "rating": 4.3}}, {"type": "Feature", "geometry": {"type": "Point", "coordinates": [-57.5744302, -25.2919766]}, "properties": {"name": "Vertigo Asuncion", "type": "night_club", "phone": "0983 077701", "rating": 4.3}}, {"type": "Feature", "geometry": {"type": "Point", "coordinates": [-57.50452379999999, -25.3421898]}, "properties": {"name": "Dubai Disco", "type": "night_club", "phone": "0985 743989", "rating": 4}}, {"type": "Feature", "geometry": {"type": "Point", "coordinates": [-57.6316216, -25.2841103]}, "properties": {"name": "ODO Downtown", "type": "night_club", "phone": "0983 784409", "rating": 4.1}}, {"type": "Feature", "geometry": {"type": "Point", "coordinates": [-57.63850499999999, -25.2779093]}, "properties": {"name": "Pirata Bar", "type": "night_club", "phone": "(021) 452 953", "rating": 4.2}}, {"type": "Feature", "geometry": {"type": "Point", "coordinates": [-57.57722709999999, -25.294089]}, "properties": {"name": "Jack’s Social Club", "type": "night_club", "phone": "0984 555766", "rating": 4.4}}, {"type": "Feature", "geometry": {"type": "Point", "coordinates": [-57.58370000000001, -25.2895497]}, "properties": {"name": "Morgan Warehouse, Nightclub", "type": "night_club", "phone": "0971 670255", "rating": 4.4}}, {"type": "Feature", "geometry": {"type": "Point", "coordinates": [-57.5739645, -25.2879252]}, "properties": {"name": "LUX Club", "type": "night_club", "phone": "0971 961044", "rating": 4.5}}, {"type": "Feature", "geometry": {"type": "Point", "coordinates": [-57.6415118, -25.2784734]}, "properties": {"name": "Toc Toc Disco Pub", "type": "night_club", "phone": "0984 102103", "rating": 4.2}}, {"type": "Feature", "geometry": {"type": "Point", "coordinates": [-57.57433700000001, -25.2912701]}, "properties": {"name": "Terraza D'Lirio", "type": "night_club", "phone": "0981 077587", "rating": 4.2}}, {"type": "Feature", "geometry": {"type": "Point", "coordinates": [-57.6382108, -25.2966546]}, "properties": {"name": "Fugitiva disco", "type": "night_club", "phone": "0972 919895", "rating": 4.3}}, {"type": "Feature", "geometry": {"type": "Point", "coordinates": [-57.57683579999999, -25.2868063]}, "properties": {"name": "Liv Asuncion", "type": "night_club", "phone": "", "rating": 3.4}}, {"type": "Feature", "geometry": {"type": "Point", "coordinates": [-57.593847, -25.2901226]}, "properties": {"name": "Tanzen Night Club", "type": "night_club", "phone": "0985 982644", "rating": 4.7}}, {"type": "Feature", "geometry": {"type": "Point", "coordinates": [-57.5773589, -25.2855203]}, "properties": {"name": "TTM", "type": "night_club", "phone": "", "rating": 3.8}}, {"type": "Feature", "geometry": {"type": "Point", "coordinates": [-57.5729785, -25.290731]}, "properties": {"name": "OX", "type": "night_club", "phone": "0981 482265", "rating": 4.1}}, {"type": "Feature", "geometry": {"type": "Point", "coordinates": [-57.57939559999999, -25.2954878]}, "properties": {"name": "Venice Night Club", "type": "night_club", "phone": "0981 002950", "rating": 4.4}}, {"type": "Feature", "geometry": {"type": "Point", "coordinates": [-57.58051150000001, -25.2589748]}, "properties": {"name": "Holy Trinity Church", "type": "church", "phone": "0984 762682", "rating": 4.6}}, {"type": "Feature", "geometry": {"type": "Point", "coordinates": [-57.6323582, -25.2816978]}, "properties": {"name": "Metropolitan Cathedral of Our Lady of the Assumption", "type": "church", "phone": "(021) 449 512", "rating": 4.6}}, {"type": "Feature", "geometry": {"type": "Point", "coordinates": [-57.58717209999999, -25.2630076]}, "properties": {"name": "Capilla Nuestra Señora de La Asunción.", "type": "church", "phone": "", "rating": 4.7}}, {"type": "Feature", "geometry": {"type": "Point", "coordinates": [-57.5780019, -25.2597935]}, "properties": {"name": "FSSPX", "type": "church", "phone": "", "rating": 4.8}}, {"type": "Feature", "geometry": {"type": "Point", "coordinates": [-57.5830555, -25.2803475]}, "properties": {"name": "Vicaría Castrense de Asunción", "type": "church", "phone": "", "rating": 4.6}}, {"type": "Feature", "geometry": {"type": "Point", "coordinates": [-57.56370159999999, -25.2978001]}, "properties": {"name": "Parroquia San Cristóbal", "type": "church", "phone": "(021) 600 128", "rating": 4.7}}, {"type": "Feature", "geometry": {"type": "Point", "coordinates": [-57.55758249999999, -25.2591032]}, "properties": {"name": "Parroquia La Piedad", "type": "church", "phone": "(021) 292 430", "rating": 4.7}}, {"type": "Feature", "geometry": {"type": "Point", "coordinates": [-57.5870544, -25.2652383]}, "properties": {"name": "Conventual Chapel St. Pio of Pietrelcina", "type": "church", "phone": "(021) 295 578", "rating": 4.8}}, {"type": "Feature", "geometry": {"type": "Point", "coordinates": [-57.6106984, -25.3028304]}, "properties": {"name": "Parroquia Nuestra Señora Del Carmen", "type": "church", "phone": "(021) 225 405", "rating": 4.8}}, {"type": "Feature", "geometry": {"type": "Point", "coordinates": [-57.56145919999999, -25.2773632]}, "properties": {"name": "Sagrados Corazones de Jesús y de María", "type": "church", "phone": "(021) 610 169", "rating": 4.7}}, {"type": "Feature", "geometry": {"type": "Point", "coordinates": [-57.5824611, -25.2639373]}, "properties": {"name": "Iglesia la Roca", "type": "church", "phone": "0981 424019", "rating": 4.6}}, {"type": "Feature", "geometry": {"type": "Point", "coordinates": [-57.5626968, -25.2879787]}, "properties": {"name": "Parroquia Niño Jesús De Praga", "type": "church", "phone": "(021) 661 754", "rating": 4.7}}, {"type": "Feature", "geometry": {"type": "Point", "coordinates": [-57.6462216, -25.2814929]}, "properties": {"name": "Mary Help of Christians Catholic shrine", "type": "church", "phone": "(021) 441 054", "rating": 4.8}}, {"type": "Feature", "geometry": {"type": "Point", "coordinates": [-57.61192619999999, -25.2810973]}, "properties": {"name": "Parroquia de Las Mercedes", "type": "church", "phone": "0984 330077", "rating": 4.8}}, {"type": "Feature", "geometry": {"type": "Point", "coordinates": [-57.61781019999999, -25.2983748]}, "properties": {"name": "Parroquia San Miguel Arcángel", "type": "church", "phone": "(021) 207 500", "rating": 4.8}}, {"type": "Feature", "geometry": {"type": "Point", "coordinates": [-57.6027863, -25.2878496]}, "properties": {"name": "Asunción Paraguay Temple", "type": "church", "phone": "(021) 216 9200", "rating": 4.9}}, {"type": "Feature", "geometry": {"type": "Point", "coordinates": [-57.5550638, -25.2779314]}, "properties": {"name": "Parroquia Salvador del Mundo", "type": "church", "phone": "0976 754294", "rating": 4.7}}, {"type": "Feature", "geometry": {"type": "Point", "coordinates": [-57.6053105, -25.3001724]}, "properties": {"name": "Capellanía Virgen de la Asunción", "type": "church", "phone": "(021) 205 008", "rating": 4.7}}, {"type": "Feature", "geometry": {"type": "Point", "coordinates": [-57.58972480000001, -25.2903713]}, "properties": {"name": "Catholic church of the Recoleta", "type": "church", "phone": "(021) 600 290", "rating": 4.4}}, {"type": "Feature", "geometry": {"type": "Point", "coordinates": [-57.5881833, -25.2691811]}, "properties": {"name": "Parroquia Niño Salvador Del Mundo", "type": "church", "phone": "(021) 298 197", "rating": 4.7}}, {"type": "Feature", "geometry": {"type": "Point", "coordinates": [-57.6212841, -25.288864]}, "properties": {"name": "Museo Nacional de Bellas Artes de Asunción", "type": "museum", "phone": "(021) 211 578", "rating": 4.6}}, {"type": "Feature", "geometry": {"type": "Point", "coordinates": [-57.6079721, -25.2812748]}, "properties": {"name": "Oficinas Fundación MuCi", "type": "museum", "phone": "0985 701320", "rating": 4.7}}, {"type": "Feature", "geometry": {"type": "Point", "coordinates": [-57.559273, -25.281595]}, "properties": {"name": "Museo del Barro", "type": "museum", "phone": "(021) 607 996", "rating": 4.7}}, {"type": "Feature", "geometry": {"type": "Point", "coordinates": [-57.63305029999999, -25.2896416]}, "properties": {"name": "Museum of Sacred Art", "type": "museum", "phone": "(021) 449 439", "rating": 4.7}}, {"type": "Feature", "geometry": {"type": "Point", "coordinates": [-57.63623899999999, -25.2805564]}, "properties": {"name": "Independence House Museum", "type": "museum", "phone": "(021) 493 918", "rating": 4.6}}, {"type": "Feature", "geometry": {"type": "Point", "coordinates": [-57.60894330000001, -25.2809588]}, "properties": {"name": "San Cosmos | Un Planetario MuCi", "type": "museum", "phone": "0985 701320", "rating": 4.7}}, {"type": "Feature", "geometry": {"type": "Point", "coordinates": [-57.63303219999999, -25.288965]}, "properties": {"name": "Fundación Texo", "type": "museum", "phone": "", "rating": 4.7}}, {"type": "Feature", "geometry": {"type": "Point", "coordinates": [-57.62587259999999, -25.2841467]}, "properties": {"name": "Andrés Barbero Ethnographic Museum", "type": "museum", "phone": "0981 677131", "rating": 4.6}}, {"type": "Feature", "geometry": {"type": "Point", "coordinates": [-57.63976309999999, -25.2886152]}, "properties": {"name": "Museo de las Memorias Dictadura y Derechos Humanos", "type": "museum", "phone": "", "rating": 4.5}}, {"type": "Feature", "geometry": {"type": "Point", "coordinates": [-57.5592613, -25.2817311]}, "properties": {"name": "Fundación Migliorisi", "type": "museum", "phone": "", "rating": 4.8}}, {"type": "Feature", "geometry": {"type": "Point", "coordinates": [-57.6192187, -25.2903303]}, "properties": {"name": "Jewish Museum Paraguay", "type": "museum", "phone": "0994 200016", "rating": 4.4}}, {"type": "Feature", "geometry": {"type": "Point", "coordinates": [-57.6335917, -25.2798279]}, "properties": {"name": "Cultural Center of the Republic", "type": "museum", "phone": "(021) 443 094", "rating": 4.5}}, {"type": "Feature", "geometry": {"type": "Point", "coordinates": [-57.6381469, -25.2781016]}, "properties": {"name": "Centro Cultural Manzana de la Rivera", "type": "museum", "phone": "(021) 442 448", "rating": 4.6}}, {"type": "Feature", "geometry": {"type": "Point", "coordinates": [-57.6351713, -25.2817572]}, "properties": {"name": "Museo de Economía", "type": "museum", "phone": "(021) 414 6325", "rating": 4.9}}, {"type": "Feature", "geometry": {"type": "Point", "coordinates": [-57.5759772, -25.2503949]}, "properties": {"name": "Jardín Botánico de Asunción", "type": "museum", "phone": "(021) 281 389", "rating": 4.2}}, {"type": "Feature", "geometry": {"type": "Point", "coordinates": [-57.6286802, -25.287469]}, "properties": {"name": "Casa de la Música “Agustín Pio Barrios” Casa Bicentenario", "type": "museum", "phone": "", "rating": 4.7}}, {"type": "Feature", "geometry": {"type": "Point", "coordinates": [-57.61238969999999, -25.2935579]}, "properties": {"name": "Museo del Ministerio de Defensa Nacional", "type": "museum", "phone": "(021) 249 0000", "rating": 4.7}}, {"type": "Feature", "geometry": {"type": "Point", "coordinates": [-57.6418678, -25.2778988]}, "properties": {"name": "Museo CAPASA", "type": "museum", "phone": "", "rating": 4.9}}, {"type": "Feature", "geometry": {"type": "Point", "coordinates": [-57.6320977, -25.281515]}, "properties": {"name": "Museo Monseñor Juan Sinforiano Bogarin", "type": "museum", "phone": "0981 505021", "rating": 4.9}}, {"type": "Feature", "geometry": {"type": "Point", "coordinates": [-57.62165929999999, -25.2818929]}, "properties": {"name": "Museo Histórico Gral Bernardino Caballero", "type": "museum", "phone": "", "rating": 4.9}}, {"type": "Feature", "geometry": {"type": "Point", "coordinates": [-57.57963669999999, -25.2757387]}, "properties": {"name": "Parque de la Salud", "type": "park", "phone": "(021) 223 1413", "rating": 4.7}}, {"type": "Feature", "geometry": {"type": "Point", "coordinates": [-57.6510274, -25.2869385]}, "properties": {"name": "Parque Carlos Antonio Lopez", "type": "park", "phone": "", "rating": 4.2}}, {"type": "Feature", "geometry": {"type": "Point", "coordinates": [-57.5464223, -25.265083]}, "properties": {"name": "Guasu Metropolitan Park", "type": "park", "phone": "", "rating": 4.5}}, {"type": "Feature", "geometry": {"type": "Point", "coordinates": [-57.5339365, -25.2611448]}, "properties": {"name": "Ñu Guasu Park", "type": "park", "phone": "", "rating": 4.7}}, {"type": "Feature", "geometry": {"type": "Point", "coordinates": [-57.57724049999999, -25.2786776]}, "properties": {"name": "Urbano Asunción Park", "type": "park", "phone": "", "rating": 3.7}}, {"type": "Feature", "geometry": {"type": "Point", "coordinates": [-57.6035371, -25.3001375]}, "properties": {"name": "Seminario Park", "type": "park", "phone": "(021) 205 9902", "rating": 4.4}}, {"type": "Feature", "geometry": {"type": "Point", "coordinates": [-57.60065999999999, -25.282345]}, "properties": {"name": "Aventura Park", "type": "park", "phone": "", "rating": 4.6}}, {"type": "Feature", "geometry": {"type": "Point", "coordinates": [-57.59347259999999, -25.2654607]}, "properties": {"name": "Parque Venezuela", "type": "park", "phone": "0986 628500", "rating": 4.5}}, {"type": "Feature", "geometry": {"type": "Point", "coordinates": [-57.631348, -25.2768765]}, "properties": {"name": "Costanera Norte", "type": "park", "phone": "(021) 627 3000", "rating": 4.4}}, {"type": "Feature", "geometry": {"type": "Point", "coordinates": [-57.64939459999999, -25.2756381]}, "properties": {"name": "ESSAP -Parque Solidaridad", "type": "park", "phone": "(021) 414 9000", "rating": 3.9}}, {"type": "Feature", "geometry": {"type": "Point", "coordinates": [-57.57841329999999, -25.260265]}, "properties": {"name": "Plaza Heroes Del Chaco", "type": "park", "phone": "", "rating": 4.1}}, {"type": "Feature", "geometry": {"type": "Point", "coordinates": [-57.5492953, -25.2803283]}, "properties": {"name": "Plaza Asunción", "type": "park", "phone": "(021) 622 758", "rating": 4.2}}, {"type": "Feature", "geometry": {"type": "Point", "coordinates": [-57.59046349999999, -25.2740515]}, "properties": {"name": "Mburicao Park", "type": "park", "phone": "", "rating": 3.6}}, {"type": "Feature", "geometry": {"type": "Point", "coordinates": [-57.57602949999999, -25.2595251]}, "properties": {"name": "Plaza Carancho", "type": "park", "phone": "", "rating": 4.2}}, {"type": "Feature", "geometry": {"type": "Point", "coordinates": [-57.62084890000001, -25.2815595]}, "properties": {"name": "Municipal Bernardino Caballero Park", "type": "park", "phone": "", "rating": 3.5}}, {"type": "Feature", "geometry": {"type": "Point", "coordinates": [-57.5775188, -25.294579]}, "properties": {"name": "Plaza de las Américas", "type": "park", "phone": "", "rating": 4}}, {"type": "Feature", "geometry": {"type": "Point", "coordinates": [-57.570278, -25.264598]}, "properties": {"name": "Pavetti Park", "type": "park", "phone": "", "rating": 4}}, {"type": "Feature", "geometry": {"type": "Point", "coordinates": [-57.58255459999999, -25.3109404]}, "properties": {"name": "Plaza Los Laureles", "type": "park", "phone": "", "rating": 4.5}}, {"type": "Feature", "geometry": {"type": "Point", "coordinates": [-57.5887572, -25.2704241]}, "properties": {"name": "Plaza San Salvador", "type": "park", "phone": "0981 606074", "rating": 3.9}}, {"type": "Feature", "geometry": {"type": "Point", "coordinates": [-57.5804165, -25.2598648]}, "properties": {"name": "Comisaría 12 de Asunción", "type": "police", "phone": "(021) 290 191", "rating": 0.0}}, {"type": "Feature", "geometry": {"type": "Point", "coordinates": [-57.5555785, -25.2780491]}, "properties": {"name": "Comisaría 10ma. de Asunción", "type": "police", "phone": "0976 201131", "rating": 0.0}}, {"type": "Feature", "geometry": {"type": "Point", "coordinates": [-57.6341536, -25.2812085]}, "properties": {"name": "Comandancia de la Policía Nacional", "type": "police", "phone": "(021) 441 355", "rating": 0.0}}, {"type": "Feature", "geometry": {"type": "Point", "coordinates": [-57.6499706, -25.2801862]}, "properties": {"name": "Comisaría 1ra. de Asunción", "type": "police", "phone": "(021) 421 135", "rating": 0.0}}, {"type": "Feature", "geometry": {"type": "Point", "coordinates": [-57.60151, -25.281651]}, "properties": {"name": "Comisaría 19 de Asunción", "type": "police", "phone": "(021) 204 857", "rating": 0.0}}, {"type": "Feature", "geometry": {"type": "Point", "coordinates": [-57.6390175, -25.288841]}, "properties": {"name": "3rd Police Station of Asuncion", "type": "police", "phone": "(021) 493 743", "rating": 0.0}}, {"type": "Feature", "geometry": {"type": "Point", "coordinates": [-57.6026175, -25.2925378]}, "properties": {"name": "6th Police Station of Asuncion", "type": "police", "phone": "(021) 204 820", "rating": 0.0}}, {"type": "Feature", "geometry": {"type": "Point", "coordinates": [-57.59697550000001, -25.2657268]}, "properties": {"name": "Comisaría 20 de Asunción", "type": "police", "phone": "(021) 290 815", "rating": 0.0}}, {"type": "Feature", "geometry": {"type": "Point", "coordinates": [-57.60941159999999, -25.3045159]}, "properties": {"name": "Comisaría 7ma. de Asunción", "type": "police", "phone": "0976 201125", "rating": 0.0}}, {"type": "Feature", "geometry": {"type": "Point", "coordinates": [-57.60982929999999, -25.2784374]}, "properties": {"name": "Comisaría 9na. de Asunción", "type": "police", "phone": "0976 201129", "rating": 0.0}}, {"type": "Feature", "geometry": {"type": "Point", "coordinates": [-57.6395693, -25.3072981]}, "properties": {"name": "Comisaría 21. de Asunción", "type": "police", "phone": "(021) 372 945", "rating": 0.0}}, {"type": "Feature", "geometry": {"type": "Point", "coordinates": [-57.6029165, -25.2929184]}, "properties": {"name": "Police Hospital Rigoberto Caballero", "type": "police", "phone": "(021) 204 860", "rating": 4.2}}, {"type": "Feature", "geometry": {"type": "Point", "coordinates": [-57.56883920000001, -25.302226]}, "properties": {"name": "Comisaría 11 de Asunción", "type": "police", "phone": "(021) 605 608", "rating": 0.0}}, {"type": "Feature", "geometry": {"type": "Point", "coordinates": [-57.5894935, -25.334054]}, "properties": {"name": "Comisaría 15 de Asunción", "type": "police", "phone": "(021) 554 396", "rating": 0.0}}, {"type": "Feature", "geometry": {"type": "Point", "coordinates": [-57.60679469999999, -25.2884948]}, "properties": {"name": "Justicia Policial", "type": "police", "phone": "(021) 222 364", "rating": 4.2}}, {"type": "Feature", "geometry": {"type": "Point", "coordinates": [-57.62783779999999, -25.2885314]}, "properties": {"name": "Dpto. de Investigacion de Delitos de la Policía Nacional", "type": "police", "phone": "(021) 441 636", "rating": 4.6}}, {"type": "Feature", "geometry": {"type": "Point", "coordinates": [-57.6488216, -25.3069741]}, "properties": {"name": "Departamento Judicial de la Policía Nacional", "type": "police", "phone": "0984 323166", "rating": 3.9}}, {"type": "Feature", "geometry": {"type": "Point", "coordinates": [-57.5805841, -25.2598298]}, "properties": {"name": "Departamento Especializado en Búsqueda y Localización de Personas Desaparecidas", "type": "police", "phone": "0986 760083", "rating": 5}}, {"type": "Feature", "geometry": {"type": "Point", "coordinates": [-57.6114031, -25.2721805]}, "properties": {"name": "Municipal Traffic Police of Asunción - Unit 7 “LOBOS”", "type": "police", "phone": "(021) 293 387", "rating": 0.0}}, {"type": "Feature", "geometry": {"type": "Point", "coordinates": [-57.56608939999999, -25.3022343]}, "properties": {"name": "DITIC POLNAC - Dirección de Tecnología de Información y Comunicación", "type": "police", "phone": "0976 200689", "rating": 4.4}}, {"type": "Feature", "geometry": {"type": "Point", "coordinates": [-57.6573842, -25.2921004]}, "properties": {"name": "Defensores del Chaco Stadium", "type": "stadium", "phone": "0991 501001", "rating": 4.4}}, {"type": "Feature", "geometry": {"type": "Point", "coordinates": [-57.63740879999999, -25.2999026]}, "properties": {"name": "Estadio ueno La Nueva Olla", "type": "stadium", "phone": "", "rating": 4.7}}, {"type": "Feature", "geometry": {"type": "Point", "coordinates": [-57.6085796, -25.2916778]}, "properties": {"name": "Osvaldo Dominguez Dibb Stadium", "type": "stadium", "phone": "0984 799002", "rating": 4.6}}, {"type": "Feature", "geometry": {"type": "Point", "coordinates": [-57.5751497, -25.2575239]}, "properties": {"name": "Estadio La Arboleda", "type": "stadium", "phone": "(021) 290 011", "rating": 4.2}}, {"type": "Feature", "geometry": {"type": "Point", "coordinates": [-57.5839715, -25.2597172]}, "properties": {"name": "Estadio Martín Torres de Santisima Trinidad", "type": "stadium", "phone": "", "rating": 4.4}}, {"type": "Feature", "geometry": {"type": "Point", "coordinates": [-57.61101350000001, -25.2777793]}, "properties": {"name": "La Huerta Stadium", "type": "stadium", "phone": "(021) 204 865", "rating": 4.3}}, {"type": "Feature", "geometry": {"type": "Point", "coordinates": [-57.5577479, -25.2357966]}, "properties": {"name": "Estadio Hugo Bogado Vaceque Gral. Caballero De Zeballos Cue", "type": "stadium", "phone": "0991 760670", "rating": 4.3}}, {"type": "Feature", "geometry": {"type": "Point", "coordinates": [-57.61594479999999, -25.3034845]}, "properties": {"name": "ueno Rogelio Silvino Livieres Stadium", "type": "stadium", "phone": "", "rating": 4}}, {"type": "Feature", "geometry": {"type": "Point", "coordinates": [-57.6476824, -25.2962609]}, "properties": {"name": "Estadio Coronel Félix Cabrera \"El Fortín de Tacumbú\"", "type": "stadium", "phone": "", "rating": 4.1}}, {"type": "Feature", "geometry": {"type": "Point", "coordinates": [-57.5808233, -25.3184377]}, "properties": {"name": "ARENA UENO SND", "type": "stadium", "phone": "(021) 520 673", "rating": 4.8}}, {"type": "Feature", "geometry": {"type": "Point", "coordinates": [-57.5517243, -25.2758233]}, "properties": {"name": "Estadio Ricardo Gregor", "type": "stadium", "phone": "", "rating": 4.5}}, {"type": "Feature", "geometry": {"type": "Point", "coordinates": [-57.5980497, -25.3048824]}, "properties": {"name": "River Plate Stadium", "type": "stadium", "phone": "(021) 211 380", "rating": 4.1}}, {"type": "Feature", "geometry": {"type": "Point", "coordinates": [-57.6399777, -25.2984194]}, "properties": {"name": "Estadio Arsenio Erico", "type": "stadium", "phone": "", "rating": 4.4}}, {"type": "Feature", "geometry": {"type": "Point", "coordinates": [-57.5187301, -25.2633071]}, "properties": {"name": "General Adrian Jara Stadium", "type": "stadium", "phone": "(021) 517 2000", "rating": 4.1}}, {"type": "Feature", "geometry": {"type": "Point", "coordinates": [-57.5685528, -25.2362573]}, "properties": {"name": "Estadio Roberto Béttega - Caacupemí", "type": "stadium", "phone": "(021) 238 8200", "rating": 3.8}}, {"type": "Feature", "geometry": {"type": "Point", "coordinates": [-57.58805359999999, -25.2956042]}, "properties": {"name": "Estadio Recoleta", "type": "stadium", "phone": "", "rating": 4.3}}, {"type": "Feature", "geometry": {"type": "Point", "coordinates": [-57.58476210000001, -25.3674959]}, "properties": {"name": "Estadio Luis Alfonso Giagni", "type": "stadium", "phone": "0992 619175", "rating": 4.3}}, {"type": "Feature", "geometry": {"type": "Point", "coordinates": [-57.5980917, -25.2793158]}, "properties": {"name": "Estadio José Tomás Silva", "type": "stadium", "phone": "", "rating": 5}}, {"type": "Feature", "geometry": {"type": "Point", "coordinates": [-57.6062729, -25.3090722]}, "properties": {"name": "Estadio Alfredo Stroessner", "type": "stadium", "phone": "", "rating": 3.8}}, {"type": "Feature", "geometry": {"type": "Point", "coordinates": [-57.6121987, -25.3154361]}, "properties": {"name": "Estadio Emiliano Ghezzi - Club Dr. Fernando de la Mora", "type": "stadium", "phone": "", "rating": 4.3}}, {"type": "Feature", "geometry": {"type": "Point", "coordinates": [-57.56327559999999, -25.2854006]}, "properties": {"name": "Cinemark", "type": "movie_theater", "phone": "", "rating": 4.7}}, {"type": "Feature", "geometry": {"type": "Point", "coordinates": [-57.56638230000001, -25.2823454]}, "properties": {"name": "Itaú del Sol", "type": "movie_theater", "phone": "(021) 419 8888", "rating": 4.4}}, {"type": "Feature", "geometry": {"type": "Point", "coordinates": [-57.58041979999999, -25.2943334]}, "properties": {"name": "Cine Villamorra", "type": "movie_theater", "phone": "(021) 419 8950", "rating": 4.2}}, {"type": "Feature", "geometry": {"type": "Point", "coordinates": [-57.5634671, -25.3026413]}, "properties": {"name": "Itaú cinemas Hiperseis", "type": "movie_theater", "phone": "(021) 419 8500", "rating": 4.3}}, {"type": "Feature", "geometry": {"type": "Point", "coordinates": [-57.5755061, -25.2595131]}, "properties": {"name": "Ex-Cine Canisa Brothers", "type": "movie_theater", "phone": "", "rating": 4.4}}, {"type": "Feature", "geometry": {"type": "Point", "coordinates": [-57.536488, -25.2260883]}, "properties": {"name": "Itau CinemaPop", "type": "movie_theater", "phone": "(021) 419 8888", "rating": 4.4}}, {"type": "Feature", "geometry": {"type": "Point", "coordinates": [-57.51982750000001, -25.3223279]}, "properties": {"name": "Itaú cinemas Pinedo", "type": "movie_theater", "phone": "(021) 419 8383", "rating": 4.5}}, {"type": "Feature", "geometry": {"type": "Point", "coordinates": [-57.57150790000001, -25.3167628]}, "properties": {"name": "Cines Multiplaza", "type": "movie_theater", "phone": "0982 344194", "rating": 3.9}}, {"type": "Feature", "geometry": {"type": "Point", "coordinates": [-57.57514750000001, -25.2635211]}, "properties": {"name": "Agnus Film", "type": "movie_theater", "phone": "(021) 338 1437", "rating": 4.1}}, {"type": "Feature", "geometry": {"type": "Point", "coordinates": [-57.5364444, -25.3347518]}, "properties": {"name": "Cine Fuente", "type": "movie_theater", "phone": "0985 755172", "rating": 4.5}}, {"type": "Feature", "geometry": {"type": "Point", "coordinates": [-57.62266930000001, -25.2914239]}, "properties": {"name": "Cine azara", "type": "movie_theater", "phone": "0971 427681", "rating": 4.1}}, {"type": "Feature", "geometry": {"type": "Point", "coordinates": [-57.48828339999999, -25.3414532]}, "properties": {"name": "Cines Itaú San Lorenzo", "type": "movie_theater", "phone": "(021) 419 8888", "rating": 4.4}}, {"type": "Feature", "geometry": {"type": "Point", "coordinates": [-57.5889876, -25.285694]}, "properties": {"name": "Sacramento Autocinema", "type": "movie_theater", "phone": "0982 958990", "rating": 4.6}}, {"type": "Feature", "geometry": {"type": "Point", "coordinates": [-57.629423, -25.303485]}, "properties": {"name": "1120 Estudio", "type": "movie_theater", "phone": "0994 254994", "rating": 4.2}}, {"type": "Feature", "geometry": {"type": "Point", "coordinates": [-57.60682139999999, -25.3130758]}, "properties": {"name": "Filmagic Entertainment", "type": "movie_theater", "phone": "(021) 551 187", "rating": 4.4}}, {"type": "Feature", "geometry": {"type": "Point", "coordinates": [-57.5758623, -25.289004]}, "properties": {"name": "Cinelandia", "type": "movie_theater", "phone": "0971 776693", "rating": 4.6}}, {"type": "Feature", "geometry": {"type": "Point", "coordinates": [-57.5872627, -25.2589318]}, "properties": {"name": "Taller mecánico Bella Unión", "type": "car_repair", "phone": "0986 772383", "rating": 5}}, {"type": "Feature", "geometry": {"type": "Point", "coordinates": [-57.61317, -25.3023578]}, "properties": {"name": "Taller Mecánico Rojas De Omar Rojas", "type": "car_repair", "phone": "0971 206737", "rating": 4.8}}, {"type": "Feature", "geometry": {"type": "Point", "coordinates": [-57.57756979999999, -25.261134]}, "properties": {"name": "Centro Mecánico Fórmula 1", "type": "car_repair", "phone": "0983 541981", "rating": 4.9}}, {"type": "Feature", "geometry": {"type": "Point", "coordinates": [-57.5889096, -25.3337814]}, "properties": {"name": "TALLER NATIONAL", "type": "car_repair", "phone": "0991 982551", "rating": 4}}, {"type": "Feature", "geometry": {"type": "Point", "coordinates": [-57.565514, -25.3190691]}, "properties": {"name": "Motorman Servicio Automotriz", "type": "car_repair", "phone": "0981 433300", "rating": 4.5}}, {"type": "Feature", "geometry": {"type": "Point", "coordinates": [-57.57860590000001, -25.2577264]}, "properties": {"name": "Taller LM", "type": "car_repair", "phone": "0991 580762", "rating": 5}}, {"type": "Feature", "geometry": {"type": "Point", "coordinates": [-57.5830303, -25.2534276]}, "properties": {"name": "Taller de motos y gomeria Michel", "type": "car_repair", "phone": "0985 350731", "rating": 5}}, {"type": "Feature", "geometry": {"type": "Point", "coordinates": [-57.605166, -25.3243265]}, "properties": {"name": "ACM Taller Mecanico", "type": "car_repair", "phone": "0992 432543", "rating": 4.4}}, {"type": "Feature", "geometry": {"type": "Point", "coordinates": [-57.5782366, -25.2809656]}, "properties": {"name": "Taller de mecánica \"La conquista\"", "type": "car_repair", "phone": "0983 619106", "rating": 5}}, {"type": "Feature", "geometry": {"type": "Point", "coordinates": [-57.59114539999999, -25.2616728]}, "properties": {"name": "Servicio de grua, auxilio y transporte de maquinarias", "type": "car_repair", "phone": "0992 640716", "rating": 4.5}}, {"type": "Feature", "geometry": {"type": "Point", "coordinates": [-57.5834128, -25.2679388]}, "properties": {"name": "Taller Autoclick S.A", "type": "car_repair", "phone": "0981 133693", "rating": 4.3}}, {"type": "Feature", "geometry": {"type": "Point", "coordinates": [-57.6505667, -25.2768211]}, "properties": {"name": "Taller Mecanico Alberto Delgado", "type": "car_repair", "phone": "0984 308074", "rating": 3.8}}, {"type": "Feature", "geometry": {"type": "Point", "coordinates": [-57.5743592, -25.2584212]}, "properties": {"name": "Taller de Motos el Gallo", "type": "car_repair", "phone": "0982 600838", "rating": 4.7}}, {"type": "Feature", "geometry": {"type": "Point", "coordinates": [-57.6014446, -25.3058696]}, "properties": {"name": "Taller PROMEC", "type": "car_repair", "phone": "0974 456456", "rating": 4.7}}, {"type": "Feature", "geometry": {"type": "Point", "coordinates": [-57.56855719999999, -25.3218255]}, "properties": {"name": "Mecánica Pany", "type": "car_repair", "phone": "0984 385903", "rating": 4.3}}, {"type": "Feature", "geometry": {"type": "Point", "coordinates": [-57.5880846, -25.2928779]}, "properties": {"name": "Taller Ramos", "type": "car_repair", "phone": "(021) 661 234", "rating": 4.7}}, {"type": "Feature", "geometry": {"type": "Point", "coordinates": [-57.58841640000001, -25.270775]}, "properties": {"name": "Taller TC Service", "type": "car_repair", "phone": "0981 393704", "rating": 5}}, {"type": "Feature", "geometry": {"type": "Point", "coordinates": [-57.5593337, -25.2889376]}, "properties": {"name": "Taller Mecánico AutoCAD", "type": "car_repair", "phone": "0991 209123", "rating": 4.8}}, {"type": "Feature", "geometry": {"type": "Point", "coordinates": [-57.55365699999999, -25.3052218]}, "properties": {"name": "Taller Mecánico Móvil test", "type": "car_repair", "phone": "0972 257439", "rating": 4.9}}, {"type": "Feature", "geometry": {"type": "Point", "coordinates": [-57.6305193, -25.2963982]}, "properties": {"name": "Delmas AutoSpa", "type": "car_repair", "phone": "0991 425599", "rating": 5}}, {"type": "Feature", "geometry": {"type": "Point", "coordinates": [-57.5810672, -25.2617031]}, "properties": {"name": "Integral - Estación de Servicios Sacramento", "type": "gas_station", "phone": "(021) 728 9989", "rating": 4.3}}, {"type": "Feature", "geometry": {"type": "Point", "coordinates": [-57.562527, -25.2825998]}, "properties": {"name": "Shell Bahia", "type": "gas_station", "phone": "0986 100916", "rating": 4.2}}, {"type": "Feature", "geometry": {"type": "Point", "coordinates": [-57.5832816, -25.2562533]}, "properties": {"name": "Petrobras", "type": "gas_station", "phone": "(021) 618 1000", "rating": 4.1}}, {"type": "Feature", "geometry": {"type": "Point", "coordinates": [-57.5624212, -25.2991583]}, "properties": {"name": "Estaciones de servicio El Shah", "type": "gas_station", "phone": "0981 200760", "rating": 4.2}}, {"type": "Feature", "geometry": {"type": "Point", "coordinates": [-57.572611, -25.269698]}, "properties": {"name": "Petropar Molas Lopez", "type": "gas_station", "phone": "", "rating": 4.2}}, {"type": "Feature", "geometry": {"type": "Point", "coordinates": [-57.57129299999999, -25.286511]}, "properties": {"name": "Estacion de Servicio Shell Bahía - Aviadores", "type": "gas_station", "phone": "", "rating": 4.4}}, {"type": "Feature", "geometry": {"type": "Point", "coordinates": [-57.5889293, -25.2862989]}, "properties": {"name": "Estación de Servicios Enex", "type": "gas_station", "phone": "", "rating": 4.4}}, {"type": "Feature", "geometry": {"type": "Point", "coordinates": [-57.59319509999999, -25.2706064]}, "properties": {"name": "Integral - Estación de Servicios Venezuela", "type": "gas_station", "phone": "(021) 728 9989", "rating": 4}}, {"type": "Feature", "geometry": {"type": "Point", "coordinates": [-57.5735575, -25.2692202]}, "properties": {"name": "Petrosur Molas López", "type": "gas_station", "phone": "", "rating": 4}}, {"type": "Feature", "geometry": {"type": "Point", "coordinates": [-57.5632512, -25.26884]}, "properties": {"name": "Shell Mburucuya", "type": "gas_station", "phone": "(021) 292 916", "rating": 3.7}}, {"type": "Feature", "geometry": {"type": "Point", "coordinates": [-57.56707970000001, -25.2760213]}, "properties": {"name": "Petrobras", "type": "gas_station", "phone": "(021) 610 939", "rating": 4.3}}, {"type": "Feature", "geometry": {"type": "Point", "coordinates": [-57.62767280000001, -25.3006307]}, "properties": {"name": "Estacion de Servicio BR", "type": "gas_station", "phone": "", "rating": 4.3}}, {"type": "Feature", "geometry": {"type": "Point", "coordinates": [-57.5681449, -25.2575422]}, "properties": {"name": "Petrosur Primer Presidente /e Itapua", "type": "gas_station", "phone": "", "rating": 4.7}}, {"type": "Feature", "geometry": {"type": "Point", "coordinates": [-57.63876980000001, -25.278923]}, "properties": {"name": "Estación de Servicio Shell Bahia - Centro", "type": "gas_station", "phone": "0981 100916", "rating": 4.2}}, {"type": "Feature", "geometry": {"type": "Point", "coordinates": [-57.5929313, -25.2632819]}, "properties": {"name": "Petromax", "type": "gas_station", "phone": "", "rating": 4.4}}, {"type": "Feature", "geometry": {"type": "Point", "coordinates": [-57.5717473, -25.25603]}, "properties": {"name": "Copetrol - Botanico", "type": "gas_station", "phone": "(021) 608 318", "rating": 4.1}}, {"type": "Feature", "geometry": {"type": "Point", "coordinates": [-57.60032260000001, -25.2813974]}, "properties": {"name": "Shell Gas station", "type": "gas_station", "phone": "4175000", "rating": 4}}, {"type": "Feature", "geometry": {"type": "Point", "coordinates": [-57.5598151, -25.2804481]}, "properties": {"name": "Shell, Sucursal Molas Lopez", "type": "gas_station", "phone": "4175000", "rating": 4.3}}, {"type": "Feature", "geometry": {"type": "Point", "coordinates": [-57.553566, -25.2506994]}, "properties": {"name": "Petrobras", "type": "gas_station", "phone": "(021) 618 1000", "rating": 4.2}}, {"type": "Feature", "geometry": {"type": "Point", "coordinates": [-57.564666, -25.2684588]}, "properties": {"name": "", "type": "gym", "phone": "0986 106062", "rating": "4.5"}}, {"type": "Feature", "geometry": {"type": "Point", "coordinates": [-57.6349107, -25.295013]}, "properties": {"name": "", "type": "gym", "phone": "0961 281515", "rating": "4.7"}}, {"type": "Feature", "geometry": {"type": "Point", "coordinates": [-57.58162009999999, -25.2875312]}, "properties": {"name": "", "type": "gym", "phone": "0981 301077", "rating": "4.8"}}, {"type": "Feature", "geometry": {"type": "Point", "coordinates": [-57.5749821, -25.2905983]}, "properties": {"name": "", "type": "gym", "phone": "0981 800788", "rating": "4.8"}}, {"type": "Feature", "geometry": {"type": "Point", "coordinates": [-57.5906093, -25.3019804]}, "properties": {"name": "", "type": "gym", "phone": "0971 252626", "rating": "4.8"}}, {"type": "Feature", "geometry": {"type": "Point", "coordinates": [-57.57473409999999, -25.2893184]}, "properties": {"name": "", "type": "gym", "phone": "0981 521527", "rating": "4.8"}}, {"type": "Feature", "geometry": {"type": "Point", "coordinates": [-57.6190718, -25.3052876]}, "properties": {"name": "", "type": "gym", "phone": "0994 201066", "rating": "4.2"}}, {"type": "Feature", "geometry": {"type": "Point", "coordinates": [-57.57947919999999, -25.2518711]}, "properties": {"name": "", "type": "gym", "phone": "0986 657777", "rating": "4.8"}}, {"type": "Feature", "geometry": {"type": "Point", "coordinates": [-57.58057849999999, -25.2643872]}, "properties": {"name": "", "type": "gym", "phone": "0994 462100", "rating": "4.8"}}, {"type": "Feature", "geometry": {"type": "Point", "coordinates": [-57.588542, -25.2682684]}, "properties": {"name": "", "type": "gym", "phone": "0992 315496", "rating": "4.7"}}, {"type": "Feature", "geometry": {"type": "Point", "coordinates": [-57.56152580000001, -25.2982342]}, "properties": {"name": "", "type": "gym", "phone": "0972 117210", "rating": "5.0"}}, {"type": "Feature", "geometry": {"type": "Point", "coordinates": [-57.58748989999999, -25.2727381]}, "properties": {"name": "", "type": "gym", "phone": "0981 764258", "rating": "4.7"}}, {"type": "Feature", "geometry": {"type": "Point", "coordinates": [-57.622255, -25.3377295]}, "properties": {"name": "", "type": "gym", "phone": "(021) 333 990", "rating": "4.8"}}, {"type": "Feature", "geometry": {"type": "Point", "coordinates": [-57.57899399999999, -25.2913559]}, "properties": {"name": "", "type": "gym", "phone": "0984 392700", "rating": "4.6"}}, {"type": "Feature", "geometry": {"type": "Point", "coordinates": [-57.5828088, -25.285341]}, "properties": {"name": "", "type": "gym", "phone": "(021) 602 490", "rating": "4.8"}}, {"type": "Feature", "geometry": {"type": "Point", "coordinates": [-57.5632996, -25.3088972]}, "properties": {"name": "", "type": "gym", "phone": "0983 041081", "rating": "4.7"}}, {"type": "Feature", "geometry": {"type": "Point", "coordinates": [-57.57870130000001, -25.295397]}, "properties": {"name": "", "type": "gym", "phone": "0982 828165", "rating": "4.8"}}, {"type": "Feature", "geometry": {"type": "Point", "coordinates": [-57.5792976, -25.3123674]}, "properties": {"name": "", "type": "gym", "phone": "0981 100018", "rating": "4.5"}}, {"type": "Feature", "geometry": {"type": "Point", "coordinates": [-57.6075855, -25.2908769]}, "properties": {"name": "", "type": "gym", "phone": "0971 666944", "rating": "4.8"}}, {"type": "Feature", "geometry": {"type": "Point", "coordinates": [-57.5756344, -25.3184121]}, "properties": {"name": "", "type": "gym", "phone": "(021) 503 329", "rating": "4.6"}}, {"type": "Feature", "geometry": {"type": "Point", "coordinates": [-57.63379390000001, -25.2862073]}, "properties": {"name": "", "type": "gym", "phone": "(021) 490 074", "rating": "4.5"}}, {"type": "Feature", "geometry": {"type": "Point", "coordinates": [-57.56232910000001, -25.2959437]}, "properties": {"name": "", "type": "gym", "phone": "0982 473078", "rating": "4.9"}}, {"type": "Feature", "geometry": {"type": "Point", "coordinates": [-57.5601425, -25.2924375]}, "properties": {"name": "", "type": "gym", "phone": "0982 473078", "rating": "4.8"}}, {"type": "Feature", "geometry": {"type": "Point", "coordinates": [-57.57403309999999, -25.2935832]}, "properties": {"name": "", "type": "gym", "phone": "0993 444000", "rating": "5.0"}}, {"type": "Feature", "geometry": {"type": "Point", "coordinates": [-57.58373779999999, -25.3069771]}, "properties": {"name": "", "type": "gym", "phone": "0981 205329", "rating": "4.8"}}, {"type": "Feature", "geometry": {"type": "Point", "coordinates": [-57.5780947, -25.2586913]}, "properties": {"name": "", "type": "gym", "phone": "(021) 280 084", "rating": "4.6"}}, {"type": "Feature", "geometry": {"type": "Point", "coordinates": [-57.55643749999999, -25.2611875]}, "properties": {"name": "", "type": "gym", "phone": "0986 663434", "rating": "4.9"}}, {"type": "Feature", "geometry": {"type": "Point", "coordinates": [-57.5772593, -25.2553413]}, "properties": {"name": "", "type": "gym", "phone": "0971 568547", "rating": "5.0"}}, {"type": "Feature", "geometry": {"type": "Point", "coordinates": [-57.6339315, -25.2947777]}, "properties": {"name": "", "type": "gym", "phone": "0981 095546", "rating": "4.4"}}, {"type": "Feature", "geometry": {"type": "Point", "coordinates": [-57.5855454, -25.2979002]}, "properties": {"name": "", "type": "gym", "phone": "0994 348269", "rating": "4.9"}}, {"type": "Feature", "geometry": {"type": "Point", "coordinates": [-57.60176329999999, -25.3056322]}, "properties": {"name": "", "type": "gym", "phone": "0994 270222", "rating": "4.2"}}, {"type": "Feature", "geometry": {"type": "Point", "coordinates": [-57.5926049, -25.3221761]}, "properties": {"name": "", "type": "gym", "phone": "(021) 551 797", "rating": "4.4"}}, {"type": "Feature", "geometry": {"type": "Point", "coordinates": [-57.57274880000001, -25.2796912]}, "properties": {"name": "", "type": "gym", "phone": "(021) 661 488", "rating": "4.4"}}, {"type": "Feature", "geometry": {"type": "Point", "coordinates": [-57.6021989, -25.2816988]}, "properties": {"name": "", "type": "gym", "phone": "0971 147251", "rating": "4.7"}}, {"type": "Feature", "geometry": {"type": "Point", "coordinates": [-57.5872896, -25.3031681]}, "properties": {"name": "", "type": "gym", "phone": "0992 330183", "rating": "4.8"}}, {"type": "Feature", "geometry": {"type": "Point", "coordinates": [-57.5765019, -25.2863258]}, "properties": {"name": "", "type": "gym", "phone": "0982 669939", "rating": "4.8"}}, {"type": "Feature", "geometry": {"type": "Point", "coordinates": [-57.6217276, -25.293122]}, "properties": {"name": "", "type": "gym", "phone": "0973 136666", "rating": "4.3"}}, {"type": "Feature", "geometry": {"type": "Point", "coordinates": [-57.5824073, -25.2889606]}, "properties": {"name": "", "type": "gym", "phone": "0971 656656", "rating": "4.7"}}, {"type": "Feature", "geometry": {"type": "Point", "coordinates": [-57.6004613, -25.2987219]}, "properties": {"name": "", "type": "gym", "phone": "0971 186989", "rating": "4.9"}}, {"type": "Feature", "geometry": {"type": "Point", "coordinates": [-57.59370089999999, -25.3009262]}, "properties": {"name": "", "type": "gym", "phone": "0972 400517", "rating": "4.7"}}, {"type": "Feature", "geometry": {"type": "Point", "coordinates": [-57.56269349999999, -25.2920428]}, "properties": {"name": "", "type": "gym", "phone": "0991 721473", "rating": "5.0"}}, {"type": "Feature", "geometry": {"type": "Point", "coordinates": [-57.5518893, -25.2932167]}, "properties": {"name": "", "type": "gym", "phone": "0982 246052", "rating": "4.8"}}, {"type": "Feature", "geometry": {"type": "Point", "coordinates": [-57.56723609999999, -25.2726365]}, "properties": {"name": "", "type": "gym", "phone": "0992 446377", "rating": "4.7"}}, {"type": "Feature", "geometry": {"type": "Point", "coordinates": [-57.58907889999999, -25.3351934]}, "properties": {"name": "", "type": "gym", "phone": "0991 758633", "rating": "4.6"}}, {"type": "Feature", "geometry": {"type": "Point", "coordinates": [-57.5785172, -25.2928036]}, "properties": {"name": "", "type": "gym", "phone": "(021) 600 874", "rating": "4.6"}}, {"type": "Feature", "geometry": {"type": "Point", "coordinates": [-57.63797460000001, -25.294917]}, "properties": {"name": "", "type": "gym", "phone": "", "rating": "4.7"}}, {"type": "Feature", "geometry": {"type": "Point", "coordinates": [-57.629382, -25.2952906]}, "properties": {"name": "", "type": "gym", "phone": "(021) 450 306", "rating": "4.8"}}, {"type": "Feature", "geometry": {"type": "Point", "coordinates": [-57.601607, -25.2879066]}, "properties": {"name": "", "type": "gym", "phone": "0983 444427", "rating": "4.6"}}, {"type": "Feature", "geometry": {"type": "Point", "coordinates": [-57.5434748, -25.24407]}, "properties": {"name": "", "type": "gym", "phone": "0982 427692", "rating": "4.8"}}, {"type": "Feature", "geometry": {"type": "Point", "coordinates": [-57.5722101, -25.2795764]}, "properties": {"name": "", "type": "gym", "phone": "0981 714783", "rating": "4.7"}}, {"type": "Feature", "geometry": {"type": "Point", "coordinates": [-57.56485249999999, -25.2717785]}, "properties": {"name": "", "type": "gym", "phone": "0972 500517", "rating": "4.8"}}, {"type": "Feature", "geometry": {"type": "Point", "coordinates": [-57.6262753, -25.3310263]}, "properties": {"name": "", "type": "gym", "phone": "0961 845409", "rating": "4.5"}}, {"type": "Feature", "geometry": {"type": "Point", "coordinates": [-57.63628379999999, -25.2924566]}, "properties": {"name": "", "type": "gym", "phone": "0981 823279", "rating": "4.4"}}, {"type": "Feature", "geometry": {"type": "Point", "coordinates": [-57.56295780000001, -25.2793177]}, "properties": {"name": "", "type": "gym", "phone": "0981 205898", "rating": "5.0"}}, {"type": "Feature", "geometry": {"type": "Point", "coordinates": [-57.56135390000001, -25.2983091]}, "properties": {"name": "", "type": "gym", "phone": "0992 425597", "rating": "4.8"}}, {"type": "Feature", "geometry": {"type": "Point", "coordinates": [-57.6014315, -25.2760344]}, "properties": {"name": "", "type": "gym", "phone": "0982 921285", "rating": "5.0"}}, {"type": "Feature", "geometry": {"type": "Point", "coordinates": [-57.5807636, -25.257197]}, "properties": {"name": "", "type": "gym", "phone": "0971 347938", "rating": "5.0"}}, {"type": "Feature", "geometry": {"type": "Point", "coordinates": [-57.60207129999999, -25.2966366]}, "properties": {"name": "", "type": "gym", "phone": "0984 487584", "rating": "4.8"}}, {"type": "Feature", "geometry": {"type": "Point", "coordinates": [-57.56584720000001, -25.2717035]}, "properties": {"name": "", "type": "gym", "phone": "0985 900533", "rating": "4.8"}}, {"type": "Feature", "geometry": {"type": "Point", "coordinates": [-57.5731437, -25.282158]}, "properties": {"name": "", "type": "gym", "phone": "0993 555560", "rating": "4.9"}}, {"type": "Feature", "geometry": {"type": "Point", "coordinates": [-57.591868, -25.3121465]}, "properties": {"name": "", "type": "gym", "phone": "0993 351676", "rating": "5.0"}}, {"type": "Feature", "geometry": {"type": "Point", "coordinates": [-57.5785654, -25.2951899]}, "properties": {"name": "", "type": "gym", "phone": "0994 242249", "rating": "4.9"}}, {"type": "Feature", "geometry": {"type": "Point", "coordinates": [-57.5752415, -25.28741]}, "properties": {"name": "", "type": "gym", "phone": "0986 444489", "rating": "4.9"}}, {"type": "Feature", "geometry": {"type": "Point", "coordinates": [-57.626055, -25.3148768]}, "properties": {"name": "", "type": "gym", "phone": "0986 545054", "rating": "5.0"}}, {"type": "Feature", "geometry": {"type": "Point", "coordinates": [-57.5746766, -25.2542615]}, "properties": {"name": "", "type": "gym", "phone": "0981 616391", "rating": "5.0"}}, {"type": "Feature", "geometry": {"type": "Point", "coordinates": [-57.5699412, -25.2662142]}, "properties": {"name": "", "type": "gym", "phone": "0981 687752", "rating": "4.9"}}, {"type": "Feature", "geometry": {"type": "Point", "coordinates": [-57.5651145, -25.2688647]}, "properties": {"name": "", "type": "gym", "phone": "0985 402825", "rating": "4.6"}}, {"type": "Feature", "geometry": {"type": "Point", "coordinates": [-57.58027809999999, -25.2827379]}, "properties": {"name": "", "type": "gym", "phone": "0981 704604", "rating": "4.7"}}, {"type": "Feature", "geometry": {"type": "Point", "coordinates": [-57.54953599999999, -25.346156]}, "properties": {"name": "", "type": "gym", "phone": "0983 413941", "rating": "5.0"}}, {"type": "Feature", "geometry": {"type": "Point", "coordinates": [-57.60167879999999, -25.3194281]}, "properties": {"name": "", "type": "gym", "phone": "0984 917183", "rating": "4.6"}}, {"type": "Feature", "geometry": {"type": "Point", "coordinates": [-57.63072379999999, -25.2925053]}, "properties": {"name": "", "type": "gym", "phone": "0995 625766", "rating": "4.6"}}, {"type": "Feature", "geometry": {"type": "Point", "coordinates": [-57.6673372, -25.2947501]}, "properties": {"name": "", "type": "gym", "phone": "0981 418817", "rating": "4.7"}}, {"type": "Feature", "geometry": {"type": "Point", "coordinates": [-57.6336457, -25.2874189]}, "properties": {"name": "", "type": "gym", "phone": "0981 730492", "rating": "4.8"}}, {"type": "Feature", "geometry": {"type": "Point", "coordinates": [-57.59750700000001, -25.2970334]}, "properties": {"name": "", "type": "gym", "phone": "0981 498080", "rating": "5.0"}}, {"type": "Feature", "geometry": {"type": "Point", "coordinates": [-57.55508299999999, -25.2932183]}, "properties": {"name": "", "type": "gym", "phone": "0981 276708", "rating": "4.7"}}, {"type": "Feature", "geometry": {"type": "Point", "coordinates": [-57.58453050000001, -25.2881571]}, "properties": {"name": "", "type": "gym", "phone": "0982 185075", "rating": "4.9"}}, {"type": "Feature", "geometry": {"type": "Point", "coordinates": [-57.5995798, -25.2822119]}, "properties": {"name": "", "type": "gym", "phone": "0981 879864", "rating": "4.8"}}, {"type": "Feature", "geometry": {"type": "Point", "coordinates": [-57.64793319999999, -25.2861325]}, "properties": {"name": "", "type": "gym", "phone": "0991 487883", "rating": "4.5"}}, {"type": "Feature", "geometry": {"type": "Point", "coordinates": [-57.57960079999999, -25.2527603]}, "properties": {"name": "", "type": "gym", "phone": "", "rating": "4.7"}}, {"type": "Feature", "geometry": {"type": "Point", "coordinates": [-57.5982922, -25.2819594]}, "properties": {"name": "", "type": "gym", "phone": "0981 698517", "rating": "4.9"}}, {"type": "Feature", "geometry": {"type": "Point", "coordinates": [-57.5643652, -25.2798562]}, "properties": {"name": "", "type": "gym", "phone": "0985 444544", "rating": "4.7"}}, {"type": "Feature", "geometry": {"type": "Point", "coordinates": [-57.59408239999999, -25.2989787]}, "properties": {"name": "", "type": "gym", "phone": "", "rating": "4.9"}}, {"type": "Feature", "geometry": {"type": "Point", "coordinates": [-57.5791435, -25.2908236]}, "properties": {"name": "", "type": "gym", "phone": "0982 858083", "rating": "4.8"}}, {"type": "Feature", "geometry": {"type": "Point", "coordinates": [-57.63004609999999, -25.2881283]}, "properties": {"name": "", "type": "gym", "phone": "0982 811934", "rating": "4.7"}}, {"type": "Feature", "geometry": {"type": "Point", "coordinates": [-57.5503573, -25.2902838]}, "properties": {"name": "", "type": "gym", "phone": "0986 254164", "rating": "4.4"}}, {"type": "Feature", "geometry": {"type": "Point", "coordinates": [-57.5721832, -25.2903428]}, "properties": {"name": "", "type": "gym", "phone": "0982 160036", "rating": "4.8"}}, {"type": "Feature", "geometry": {"type": "Point", "coordinates": [-57.57788120000001, -25.3149406]}, "properties": {"name": "", "type": "gym", "phone": "0972 459040", "rating": "4.5"}}, {"type": "Feature", "geometry": {"type": "Point", "coordinates": [-57.5869805, -25.2549589]}, "properties": {"name": "", "type": "gym", "phone": "0992 594485", "rating": "4.9"}}, {"type": "Feature", "geometry": {"type": "Point", "coordinates": [-57.5465125, -25.2435732]}, "properties": {"name": "", "type": "gym", "phone": "0971 231969", "rating": "5.0"}}, {"type": "Feature", "geometry": {"type": "Point", "coordinates": [-57.59456019999999, -25.3187068]}, "properties": {"name": "", "type": "gym", "phone": "0986 371827", "rating": "4.8"}}, {"type": "Feature", "geometry": {"type": "Point", "coordinates": [-57.5937853, -25.2671269]}, "properties": {"name": "", "type": "gym", "phone": "0982 157720", "rating": "5.0"}}, {"type": "Feature", "geometry": {"type": "Point", "coordinates": [-57.5765009, -25.2659362]}, "properties": {"name": "", "type": "gym", "phone": "0981 758822", "rating": "4.9"}}, {"type": "Feature", "geometry": {"type": "Point", "coordinates": [-57.5898469, -25.3093099]}, "properties": {"name": "", "type": "gym", "phone": "0981 000050", "rating": "4.9"}}, {"type": "Feature", "geometry": {"type": "Point", "coordinates": [-57.55719089999999, -25.2888285]}, "properties": {"name": "", "type": "gym", "phone": "0981 879864", "rating": "4.8"}}, {"type": "Feature", "geometry": {"type": "Point", "coordinates": [-57.5963643, -25.2778958]}, "properties": {"name": "", "type": "gym", "phone": "0981 585277", "rating": "5.0"}}, {"type": "Feature", "geometry": {"type": "Point", "coordinates": [-57.63043099999999, -25.3089021]}, "properties": {"name": "", "type": "gym", "phone": "0981 859892", "rating": "4.9"}}, {"type": "Feature", "geometry": {"type": "Point", "coordinates": [-57.60838159999999, -25.2993927]}, "properties": {"name": "", "type": "gym", "phone": "0994 392775", "rating": "5.0"}}, {"type": "Feature", "geometry": {"type": "Point", "coordinates": [-57.6454475, -25.2922566]}, "properties": {"name": "", "type": "gym", "phone": "0984 588240", "rating": "4.7"}}, {"type": "Feature", "geometry": {"type": "Point", "coordinates": [-57.5710664, -25.2763051]}, "properties": {"name": "", "type": "gym", "phone": "0985 660289", "rating": "3.9"}}, {"type": "Feature", "geometry": {"type": "Point", "coordinates": [-57.58021739999999, -25.2546788]}, "properties": {"name": "", "type": "gym", "phone": "0985 460765", "rating": "4.8"}}, {"type": "Feature", "geometry": {"type": "Point", "coordinates": [-57.58178769999999, -25.29892]}, "properties": {"name": "", "type": "gym", "phone": "0981 556200", "rating": "4.3"}}, {"type": "Feature", "geometry": {"type": "Point", "coordinates": [-57.5681615, -25.300413]}, "properties": {"name": "", "type": "gym", "phone": "0984 377070", "rating": "4.7"}}, {"type": "Feature", "geometry": {"type": "Point", "coordinates": [-57.62665990000001, -25.2874836]}, "properties": {"name": "", "type": "gym", "phone": "0981 206304", "rating": "4.9"}}, {"type": "Feature", "geometry": {"type": "Point", "coordinates": [-57.62074049999999, -25.3111359]}, "properties": {"name": "", "type": "gym", "phone": "0981 400800", "rating": "5.0"}}, {"type": "Feature", "geometry": {"type": "Point", "coordinates": [-57.6159487, -25.3005421]}, "properties": {"name": "", "type": "gym", "phone": "", "rating": "4.6"}}, {"type": "Feature", "geometry": {"type": "Point", "coordinates": [-57.6392447, -25.2893784]}, "properties": {"name": "", "type": "gym", "phone": "0991 366033", "rating": "4.8"}}, {"type": "Feature", "geometry": {"type": "Point", "coordinates": [-57.6135623, -25.2934848]}, "properties": {"name": "", "type": "gym", "phone": "0981 826938", "rating": "4.9"}}, {"type": "Feature", "geometry": {"type": "Point", "coordinates": [-57.5751825, -25.2873162]}, "properties": {"name": "", "type": "gym", "phone": "0981 660116", "rating": "4.9"}}, {"type": "Feature", "geometry": {"type": "Point", "coordinates": [-57.606618, -25.3307108]}, "properties": {"name": "", "type": "gym", "phone": "0991 728094", "rating": "4.8"}}, {"type": "Feature", "geometry": {"type": "Point", "coordinates": [-57.6149251, -25.2933946]}, "properties": {"name": "", "type": "gym", "phone": "0983 760238", "rating": "5.0"}}, {"type": "Feature", "geometry": {"type": "Point", "coordinates": [-57.6002464, -25.2985923]}, "properties": {"name": "", "type": "gym", "phone": "0971 506199", "rating": "4.5"}}, {"type": "Feature", "geometry": {"type": "Point", "coordinates": [-57.59574180000001, -25.2823441]}, "properties": {"name": "", "type": "gym", "phone": "0972 446106", "rating": "5.0"}}, {"type": "Feature", "geometry": {"type": "Point", "coordinates": [-57.6254541, -25.2921792]}, "properties": {"name": "", "type": "gym", "phone": "0981 044443", "rating": "4.8"}}, {"type": "Feature", "geometry": {"type": "Point", "coordinates": [-57.613248, -25.28112]}, "properties": {"name": "", "type": "gym", "phone": "0976 968585", "rating": "4.5"}}, {"type": "Feature", "geometry": {"type": "Point", "coordinates": [-57.5723197, -25.2914042]}, "properties": {"name": "", "type": "gym", "phone": "0983 481000", "rating": "4.9"}}, {"type": "Feature", "geometry": {"type": "Point", "coordinates": [-57.5760357, -25.267154]}, "properties": {"name": "", "type": "gym", "phone": "0974 968585", "rating": "4.5"}}, {"type": "Feature", "geometry": {"type": "Point", "coordinates": [-57.5804673, -25.2958029]}, "properties": {"name": "", "type": "gym", "phone": "0981 192526", "rating": "4.7"}}, {"type": "Feature", "geometry": {"type": "Point", "coordinates": [-57.58142319999999, -25.2985311]}, "properties": {"name": "", "type": "gym", "phone": "0994 233552", "rating": "4.7"}}, {"type": "Feature", "geometry": {"type": "Point", "coordinates": [-57.6328649, -25.2938508]}, "properties": {"name": "", "type": "gym", "phone": "0984 264006", "rating": "4.8"}}, {"type": "Feature", "geometry": {"type": "Point", "coordinates": [-57.5707506, -25.2650858]}, "properties": {"name": "", "type": "gym", "phone": "", "rating": "4.3"}}, {"type": "Feature", "geometry": {"type": "Point", "coordinates": [-57.59973710000001, -25.2816806]}, "properties": {"name": "", "type": "gym", "phone": "0981 333303", "rating": "4.8"}}, {"type": "Feature", "geometry": {"type": "Point", "coordinates": [-57.63190789999999, -25.284535]}, "properties": {"name": "", "type": "gym", "phone": "0971 838282", "rating": "4.9"}}, {"type": "Feature", "geometry": {"type": "Point", "coordinates": [-57.5672014, -25.2832371]}, "properties": {"name": "", "type": "gym", "phone": "0981 120578", "rating": "4.5"}}, {"type": "Feature", "geometry": {"type": "Point", "coordinates": [-57.569156, -25.2812609]}, "properties": {"name": "", "type": "gym", "phone": "0991 855939", "rating": "5.0"}}, {"type": "Feature", "geometry": {"type": "Point", "coordinates": [-57.5999547, -25.2879245]}, "properties": {"name": "", "type": "gym", "phone": "0981 673034", "rating": "4.4"}}, {"type": "Feature", "geometry": {"type": "Point", "coordinates": [-57.5786402, -25.2874744]}, "properties": {"name": "", "type": "gym", "phone": "0981 252511", "rating": "5.0"}}, {"type": "Feature", "geometry": {"type": "Point", "coordinates": [-57.5759961, -25.288256]}, "properties": {"name": "", "type": "gym", "phone": "0981 673700", "rating": "4.6"}}, {"type": "Feature", "geometry": {"type": "Point", "coordinates": [-57.5584356, -25.277858]}, "properties": {"name": "", "type": "gym", "phone": "0981 531909", "rating": "4.9"}}, {"type": "Feature", "geometry": {"type": "Point", "coordinates": [-57.63988029999999, -25.282155]}, "properties": {"name": "", "type": "gym", "phone": "0984 333414", "rating": "5.0"}}, {"type": "Feature", "geometry": {"type": "Point", "coordinates": [-57.6062412, -25.3010194]}, "properties": {"name": "", "type": "gym", "phone": "0981 137204", "rating": "4.9"}}, {"type": "Feature", "geometry": {"type": "Point", "coordinates": [-57.5683925, -25.2855909]}, "properties": {"name": "", "type": "gym", "phone": "0981 906090", "rating": "4.0"}}, {"type": "Feature", "geometry": {"type": "Point", "coordinates": [-57.5642887, -25.2710918]}, "properties": {"name": "", "type": "gym", "phone": "0981 288669", "rating": "4.3"}}, {"type": "Feature", "geometry": {"type": "Point", "coordinates": [-57.5927793, -25.3010479]}, "properties": {"name": "", "type": "gym", "phone": "0991 796301", "rating": "4.8"}}, {"type": "Feature", "geometry": {"type": "Point", "coordinates": [-57.57727339999999, -25.2901933]}, "properties": {"name": "", "type": "gym", "phone": "0981 560959", "rating": "4.9"}}, {"type": "Feature", "geometry": {"type": "Point", "coordinates": [-57.58971629999999, -25.304923]}, "properties": {"name": "", "type": "gym", "phone": "0994 286257", "rating": "4.1"}}, {"type": "Feature", "geometry": {"type": "Point", "coordinates": [-57.57711880000001, -25.287933]}, "properties": {"name": "", "type": "gym", "phone": "0984 639623", "rating": "4.9"}}, {"type": "Feature", "geometry": {"type": "Point", "coordinates": [-57.5726859, -25.2727369]}, "properties": {"name": "", "type": "gym", "phone": "0994 946299", "rating": "5.0"}}, {"type": "Feature", "geometry": {"type": "Point", "coordinates": [-57.5646826, -25.2684782]}, "properties": {"name": "", "type": "gym", "phone": "0994 879222", "rating": "4.9"}}, {"type": "Feature", "geometry": {"type": "Point", "coordinates": [-57.5878874, -25.288638]}, "properties": {"name": "", "type": "gym", "phone": "0981 541932", "rating": "5.0"}}, {"type": "Feature", "geometry": {"type": "Point", "coordinates": [-57.55480180000001, -25.2481652]}, "properties": {"name": "", "type": "gym", "phone": "0992 335998", "rating": "4.9"}}, {"type": "Feature", "geometry": {"type": "Point", "coordinates": [-57.58291800000001, -25.2793614]}, "properties": {"name": "", "type": "gym", "phone": "0985 453025", "rating": "4.9"}}, {"type": "Feature", "geometry": {"type": "Point", "coordinates": [-57.5738497, -25.29859]}, "properties": {"name": "", "type": "gym", "phone": "0981 909387", "rating": "5.0"}}, {"type": "Feature", "geometry": {"type": "Point", "coordinates": [-57.5351815, -25.242736]}, "properties": {"name": "", "type": "gym", "phone": "0972 520811", "rating": "4.7"}}, {"type": "Feature", "geometry": {"type": "Point", "coordinates": [-57.5566364, -25.2952133]}, "properties": {"name": "", "type": "gym", "phone": "0991 936886", "rating": "5.0"}}, {"type": "Feature", "geometry": {"type": "Point", "coordinates": [-57.5701104, -25.2923413]}, "properties": {"name": "", "type": "gym", "phone": "0994 944944", "rating": "5.0"}}, {"type": "Feature", "geometry": {"type": "Point", "coordinates": [-57.5848117, -25.2964596]}, "properties": {"name": "", "type": "gym", "phone": "0983 308123", "rating": "4.7"}}, {"type": "Feature", "geometry": {"type": "Point", "coordinates": [-57.62271119999999, -25.322053]}, "properties": {"name": "", "type": "gym", "phone": "0983 840619", "rating": "5.0"}}, {"type": "Feature", "geometry": {"type": "Point", "coordinates": [-57.56329940000001, -25.2873423]}, "properties": {"name": "", "type": "gym", "phone": "0987 318720", "rating": "4.5"}}, {"type": "Feature", "geometry": {"type": "Point", "coordinates": [-57.5857901, -25.294324]}, "properties": {"name": "", "type": "gym", "phone": "0974 872150", "rating": "5.0"}}, {"type": "Feature", "geometry": {"type": "Point", "coordinates": [-57.6053437, -25.2781938]}, "properties": {"name": "", "type": "gym", "phone": "", "rating": "5.0"}}, {"type": "Feature", "geometry": {"type": "Point", "coordinates": [-57.567244, -25.2773151]}, "properties": {"name": "", "type": "gym", "phone": "0992 295889", "rating": "5.0"}}, {"type": "Feature", "geometry": {"type": "Point", "coordinates": [-57.56249959999999, -25.311212]}, "properties": {"name": "", "type": "gym", "phone": "0982 666279", "rating": "4.9"}}, {"type": "Feature", "geometry": {"type": "Point", "coordinates": [-57.5569019, -25.3009892]}, "properties": {"name": "", "type": "gym", "phone": "0981 253024", "rating": "4.7"}}, {"type": "Feature", "geometry": {"type": "Point", "coordinates": [-57.61787460000001, -25.2834636]}, "properties": {"name": "", "type": "gym", "phone": "0992 298664", "rating": "5.0"}}, {"type": "Feature", "geometry": {"type": "Point", "coordinates": [-57.55643159999999, -25.3010074]}, "properties": {"name": "", "type": "gym", "phone": "0982 505053", "rating": "5.0"}}, {"type": "Feature", "geometry": {"type": "Point", "coordinates": [-57.5510702, -25.3001323]}, "properties": {"name": "", "type": "gym", "phone": "0994 491793", "rating": "5.0"}}, {"type": "Feature", "geometry": {"type": "Point", "coordinates": [-57.57198030000001, -25.268146]}, "properties": {"name": "", "type": "gym", "phone": "0981 509342", "rating": "5.0"}}, {"type": "Feature", "geometry": {"type": "Point", "coordinates": [-57.583219, -25.2652436]}, "properties": {"name": "", "type": "gym", "phone": "", "rating": "4.6"}}, {"type": "Feature", "geometry": {"type": "Point", "coordinates": [-57.5578818, -25.301549]}, "properties": {"name": "", "type": "gym", "phone": "0981 643222", "rating": "4.7"}}, {"type": "Feature", "geometry": {"type": "Point", "coordinates": [-57.59979079999999, -25.2829134]}, "properties": {"name": "", "type": "gym", "phone": "0986 180057", "rating": "5.0"}}, {"type": "Feature", "geometry": {"type": "Point", "coordinates": [-57.5674215, -25.2669611]}, "properties": {"name": "", "type": "gym", "phone": "0994 306016", "rating": "4.9"}}, {"type": "Feature", "geometry": {"type": "Point", "coordinates": [-57.56349830000001, -25.2848618]}, "properties": {"name": "", "type": "gym", "phone": "0986 108875", "rating": "4.6"}}, {"type": "Feature", "geometry": {"type": "Point", "coordinates": [-57.57462939999999, -25.2916469]}, "properties": {"name": "", "type": "gym", "phone": "0972 141444", "rating": "4.7"}}, {"type": "Feature", "geometry": {"type": "Point", "coordinates": [-57.5691828, -25.2713606]}, "properties": {"name": "", "type": "gym", "phone": "", "rating": "5.0"}}, {"type": "Feature", "geometry": {"type": "Point", "coordinates": [-57.54001559999999, -25.3027625]}, "properties": {"name": "", "type": "gym", "phone": "0971 376540", "rating": "4.9"}}, {"type": "Feature", "geometry": {"type": "Point", "coordinates": [-57.5678982, -25.290441]}, "properties": {"name": "", "type": "gym", "phone": "0981 169164", "rating": "4.7"}}, {"type": "Feature", "geometry": {"type": "Point", "coordinates": [-57.6007776, -25.3000717]}, "properties": {"name": "", "type": "gym", "phone": "0981 994110", "rating": "4.4"}}, {"type": "Feature", "geometry": {"type": "Point", "coordinates": [-57.58467690000001, -25.3057738]}, "properties": {"name": "", "type": "gym", "phone": "", "rating": "4.4"}}, {"type": "Feature", "geometry": {"type": "Point", "coordinates": [-57.59902330000001, -25.3223994]}, "properties": {"name": "", "type": "gym", "phone": "0991 652999", "rating": "5.0"}}, {"type": "Feature", "geometry": {"type": "Point", "coordinates": [-57.56704999999999, -25.264291]}, "properties": {"name": "", "type": "gym", "phone": "0994 144007", "rating": "5.0"}}, {"type": "Feature", "geometry": {"type": "Point", "coordinates": [-57.576002, -25.3052537]}, "properties": {"name": "", "type": "gym", "phone": "0982 333777", "rating": "4.9"}}, {"type": "Feature", "geometry": {"type": "Point", "coordinates": [-57.5810176, -25.244991]}, "properties": {"name": "", "type": "gym", "phone": "0971 696154", "rating": "5.0"}}, {"type": "Feature", "geometry": {"type": "Point", "coordinates": [-57.5644955, -25.2736629]}, "properties": {"name": "", "type": "gym", "phone": "0983 985300", "rating": "4.9"}}, {"type": "Feature", "geometry": {"type": "Point", "coordinates": [-57.59606719999999, -25.2651484]}, "properties": {"name": "", "type": "gym", "phone": "0981 539166", "rating": "5.0"}}, {"type": "Feature", "geometry": {"type": "Point", "coordinates": [-57.5932913, -25.3123253]}, "properties": {"name": "", "type": "gym", "phone": "0976 567568", "rating": "5.0"}}, {"type": "Feature", "geometry": {"type": "Point", "coordinates": [-57.57019939999999, -25.2921293]}, "properties": {"name": "", "type": "gym", "phone": "0973 203323", "rating": "5.0"}}, {"type": "Feature", "geometry": {"type": "Point", "coordinates": [-57.55877219999999, -25.2817187]}, "properties": {"name": "", "type": "gym", "phone": "0992 209121", "rating": "5.0"}}, {"type": "Feature", "geometry": {"type": "Point", "coordinates": [-57.5942212, -25.268958]}, "properties": {"name": "", "type": "gym", "phone": "(021) 213 115", "rating": "4.8"}}, {"type": "Feature", "geometry": {"type": "Point", "coordinates": [-57.61181509999999, -25.314592]}, "properties": {"name": "", "type": "gym", "phone": "0984 928214", "rating": "5.0"}}, {"type": "Feature", "geometry": {"type": "Point", "coordinates": [-57.6177475, -25.3015973]}, "properties": {"name": "", "type": "gym", "phone": "0971 231969", "rating": "5.0"}}, {"type": "Feature", "geometry": {"type": "Point", "coordinates": [-57.56570379999999, -25.2816572]}, "properties": {"name": "", "type": "gym", "phone": "0982 465060", "rating": "5.0"}}, {"type": "Feature", "geometry": {"type": "Point", "coordinates": [-57.60241469999999, -25.2833768]}, "properties": {"name": "", "type": "gym", "phone": "0991 602073", "rating": "5.0"}}, {"type": "Feature", "geometry": {"type": "Point", "coordinates": [-57.57824540000001, -25.2822438]}, "properties": {"name": "", "type": "gym", "phone": "0991 970900", "rating": "5.0"}}, {"type": "Feature", "geometry": {"type": "Point", "coordinates": [-57.5808311, -25.2843248]}, "properties": {"name": "", "type": "gym", "phone": "0982 220364", "rating": "4.8"}}, {"type": "Feature", "geometry": {"type": "Point", "coordinates": [-57.6279573, -25.3171228]}, "properties": {"name": "", "type": "gym", "phone": "0982 919836", "rating": "5.0"}}, {"type": "Feature", "geometry": {"type": "Point", "coordinates": [-57.571696, -25.2798964]}, "properties": {"name": "", "type": "gym", "phone": "(021) 664 424", "rating": "5.0"}}, {"type": "Feature", "geometry": {"type": "Point", "coordinates": [-57.5616826, -25.266999]}, "properties": {"name": "", "type": "gym", "phone": "0981 715140", "rating": "4.5"}}, {"type": "Feature", "geometry": {"type": "Point", "coordinates": [-57.5629643, -25.2888742]}, "properties": {"name": "", "type": "gym", "phone": "0982 157000", "rating": "4.5"}}, {"type": "Feature", "geometry": {"type": "Point", "coordinates": [-57.5978927, -25.2910004]}, "properties": {"name": "", "type": "gym", "phone": "0971 892298", "rating": "3.9"}}, {"type": "Feature", "geometry": {"type": "Point", "coordinates": [-57.5736731, -25.2676477]}, "properties": {"name": "", "type": "gym", "phone": "0981 174460", "rating": "3.5"}}, {"type": "Feature", "geometry": {"type": "Point", "coordinates": [-57.57999219999999, -25.2952282]}, "properties": {"name": "", "type": "gym", "phone": "0982 220991", "rating": "4.9"}}, {"type": "Feature", "geometry": {"type": "Point", "coordinates": [-57.64846540000001, -25.2857027]}, "properties": {"name": "", "type": "gym", "phone": "(021) 421 947", "rating": "4.8"}}, {"type": "Feature", "geometry": {"type": "Point", "coordinates": [-57.5635636, -25.2900439]}, "properties": {"name": "", "type": "gym", "phone": "0972 504405", "rating": "4.1"}}, {"type": "Feature", "geometry": {"type": "Point", "coordinates": [-57.5972728, -25.3021313]}, "properties": {"name": "", "type": "gym", "phone": "0986 318186", "rating": "4.3"}}, {"type": "Feature", "geometry": {"type": "Point", "coordinates": [-57.58511739999999, -25.2704023]}, "properties": {"name": "", "type": "gym", "phone": "0991 982341", "rating": "4.2"}}, {"type": "Feature", "geometry": {"type": "Point", "coordinates": [-57.57386389999999, -25.2921004]}, "properties": {"name": "", "type": "gym", "phone": "0972 141444", "rating": "4.3"}}, {"type": "Feature", "geometry": {"type": "Point", "coordinates": [-57.5656565, -25.2836801]}, "properties": {"name": "", "type": "gym", "phone": "", "rating": "4.4"}}, {"type": "Feature", "geometry": {"type": "Point", "coordinates": [-57.5871441, -25.2703419]}, "properties": {"name": "", "type": "gym", "phone": "0984 365305", "rating": "5.0"}}, {"type": "Feature", "geometry": {"type": "Point", "coordinates": [-57.57941940000001, -25.2524947]}, "properties": {"name": "", "type": "gym", "phone": "0983 499418", "rating": "5.0"}}, {"type": "Feature", "geometry": {"type": "Point", "coordinates": [-57.60720579999999, -25.276918]}, "properties": {"name": "", "type": "gym", "phone": "0971 264525", "rating": "5.0"}}, {"type": "Feature", "geometry": {"type": "Point", "coordinates": [-57.60541009999999, -25.305164]}, "properties": {"name": "", "type": "gym", "phone": "0985 380756", "rating": "5.0"}}, {"type": "Feature", "geometry": {"type": "Point", "coordinates": [-57.5975547, -25.3217018]}, "properties": {"name": "", "type": "gym", "phone": "", "rating": "4.5"}}, {"type": "Feature", "geometry": {"type": "Point", "coordinates": [-57.59853889999999, -25.3108381]}, "properties": {"name": "", "type": "gym", "phone": "0971 622111", "rating": "5.0"}}, {"type": "Feature", "geometry": {"type": "Point", "coordinates": [-57.5727096, -25.2734317]}, "properties": {"name": "", "type": "gym", "phone": "0984 197669", "rating": "5.0"}}, {"type": "Feature", "geometry": {"type": "Point", "coordinates": [-57.5653131, -25.2769434]}, "properties": {"name": "", "type": "gym", "phone": "0981 242440", "rating": "5.0"}}, {"type": "Feature", "geometry": {"type": "Point", "coordinates": [-57.59768589999999, -25.3118125]}, "properties": {"name": "", "type": "gym", "phone": "0984 434449", "rating": "5.0"}}, {"type": "Feature", "geometry": {"type": "Point", "coordinates": [-57.59634200000001, -25.2829723]}, "properties": {"name": "", "type": "gym", "phone": "0981 492424", "rating": "5.0"}}, {"type": "Feature", "geometry": {"type": "Point", "coordinates": [-57.590395, -25.26084]}, "properties": {"name": "", "type": "gym", "phone": "", "rating": "5.0"}}, {"type": "Feature", "geometry": {"type": "Point", "coordinates": [-57.60156629999999, -25.280508]}, "properties": {"name": "", "type": "gym", "phone": "", "rating": "5.0"}}, {"type": "Feature", "geometry": {"type": "Point", "coordinates": [-57.5667916, -25.3056462]}, "properties": {"name": "", "type": "gym", "phone": "0971 227062", "rating": "5.0"}}, {"type": "Feature", "geometry": {"type": "Point", "coordinates": [-57.5772415, -25.2553273]}, "properties": {"name": "", "type": "gym", "phone": "0994 650322", "rating": "5.0"}}, {"type": "Feature", "geometry": {"type": "Point", "coordinates": [-57.57397219999999, -25.2668889]}, "properties": {"name": "", "type": "gym", "phone": "", "rating": "5.0"}}, {"type": "Feature", "geometry": {"type": "Point", "coordinates": [-57.57960079999999, -25.2900532]}, "properties": {"name": "", "type": "gym", "phone": "", "rating": "5.0"}}, {"type": "Feature", "geometry": {"type": "Point", "coordinates": [-57.5465611, -25.299627]}, "properties": {"name": "", "type": "gym", "phone": "0991 625203", "rating": "4.8"}}, {"type": "Feature", "geometry": {"type": "Point", "coordinates": [-57.58064830000001, -25.2951108]}, "properties": {"name": "", "type": "gym", "phone": "0981 822928", "rating": "4.0"}}, {"type": "Feature", "geometry": {"type": "Point", "coordinates": [-57.57180719999999, -25.2660537]}, "properties": {"name": "", "type": "gym", "phone": "0983 101013", "rating": "3.7"}}, {"type": "Feature", "geometry": {"type": "Point", "coordinates": [-57.57215069999999, -25.2704166]}, "properties": {"name": "", "type": "gym", "phone": "0985 135222", "rating": "3.7"}}, {"type": "Feature", "geometry": {"type": "Point", "coordinates": [-57.5743704, -25.2816625]}, "properties": {"name": "", "type": "gym", "phone": "0983 118888", "rating": "4.9"}}, {"type": "Feature", "geometry": {"type": "Point", "coordinates": [-57.6007853, -25.306883]}, "properties": {"name": "", "type": "gym", "phone": "0981 494027", "rating": "4.5"}}, {"type": "Feature", "geometry": {"type": "Point", "coordinates": [-57.543803, -25.2876977]}, "properties": {"name": "", "type": "gym", "phone": "0984 909422", "rating": "4.7"}}, {"type": "Feature", "geometry": {"type": "Point", "coordinates": [-57.3428, -25.4003917]}, "properties": {"name": "", "type": "gym", "phone": "", "rating": "5.0"}}, {"type": "Feature", "geometry": {"type": "Point", "coordinates": [-57.58931450000001, -25.3053483]}, "properties": {"name": "", "type": "gym", "phone": "0986 347933", "rating": "0.0"}}, {"type": "Feature", "geometry": {"type": "Point", "coordinates": [-57.5933545, -25.3125601]}, "properties": {"name": "", "type": "gym", "phone": "0984 396990", "rating": "0.0"}}, {"type": "Feature", "geometry": {"type": "Point", "coordinates": [-57.57566070000001, -25.2982921]}, "properties": {"name": "", "type": "gym", "phone": "(021) 614 872", "rating": "4.7"}}, {"type": "Feature", "geometry": {"type": "Point", "coordinates": [-57.58410719999999, -25.3026371]}, "properties": {"name": "", "type": "gym", "phone": "", "rating": "4.7"}}, {"type": "Feature", "geometry": {"type": "Point", "coordinates": [-57.57104469999999, -25.3000439]}, "properties": {"name": "", "type": "gym", "phone": "(021) 610 945", "rating": "4.8"}}, {"type": "Feature", "geometry": {"type": "Point", "coordinates": [-57.59024, -25.2825504]}, "properties": {"name": "", "type": "gym", "phone": "0994 400230", "rating": "4.9"}}, {"type": "Feature", "geometry": {"type": "Point", "coordinates": [-57.57637820000001, -25.3019008]}, "properties": {"name": "", "type": "gym", "phone": "0991 719767", "rating": "5.0"}}, {"type": "Feature", "geometry": {"type": "Point", "coordinates": [-57.59551620000001, -25.2870044]}, "properties": {"name": "", "type": "gym", "phone": "0984 309937", "rating": "5.0"}}, {"type": "Feature", "geometry": {"type": "Point", "coordinates": [-57.5460946, -25.2769458]}, "properties": {"name": "", "type": "gym", "phone": "0972 858670", "rating": "4.6"}}, {"type": "Feature", "geometry": {"type": "Point", "coordinates": [-57.5751778, -25.2709665]}, "properties": {"name": "", "type": "gym", "phone": "0971 974141", "rating": "0.0"}}, {"type": "Feature", "geometry": {"type": "Point", "coordinates": [-57.59696549999999, -25.3118634]}, "properties": {"name": "", "type": "gym", "phone": "0984 319545", "rating": "0.0"}}, {"type": "Feature", "geometry": {"type": "Point", "coordinates": [-57.6006806, -25.3230359]}, "properties": {"name": "", "type": "gym", "phone": "0971 633117", "rating": "0.0"}}, {"type": "Feature", "geometry": {"type": "Point", "coordinates": [-57.5712145, -25.2996031]}, "properties": {"name": "", "type": "gym", "phone": "(021) 604 537", "rating": "3.7"}}, {"type": "Feature", "geometry": {"type": "Point", "coordinates": [-57.5657876, -25.2727716]}, "properties": {"name": "", "type": "gym", "phone": "0981 704966", "rating": "0.0"}}, {"type": "Feature", "geometry": {"type": "Point", "coordinates": [-57.5792502, -25.28839]}, "properties": {"name": "", "type": "gym", "phone": "0984 731000", "rating": "5.0"}}, {"type": "Feature", "geometry": {"type": "Point", "coordinates": [-57.63793380000001, -25.2870933]}, "properties": {"name": "", "type": "gym", "phone": "0984 400228", "rating": "4.2"}}, {"type": "Feature", "geometry": {"type": "Point", "coordinates": [-57.60042569999999, -25.2793693]}, "properties": {"name": "", "type": "gym", "phone": "0974 455435", "rating": "5.0"}}, {"type": "Feature", "geometry": {"type": "Point", "coordinates": [-57.6377778, -25.29]}, "properties": {"name": "", "type": "gym", "phone": "(021) 494 411", "rating": "4.2"}}, {"type": "Feature", "geometry": {"type": "Point", "coordinates": [-57.602567, -25.281397]}, "properties": {"name": "", "type": "gym", "phone": "0981 202699", "rating": "4.5"}}, {"type": "Feature", "geometry": {"type": "Point", "coordinates": [-57.57670499999999, -25.2876804]}, "properties": {"name": "", "type": "gym", "phone": "0981 981570", "rating": "5.0"}}, {"type": "Feature", "geometry": {"type": "Point", "coordinates": [-57.53821749999999, -25.2491422]}, "properties": {"name": "", "type": "gym", "phone": "0972 416700", "rating": "5.0"}}, {"type": "Feature", "geometry": {"type": "Point", "coordinates": [-57.5954284, -25.2865581]}, "properties": {"name": "", "type": "gym", "phone": "0972 704040", "rating": "3.8"}}, {"type": "Feature", "geometry": {"type": "Point", "coordinates": [-57.5804135, -25.2827975]}, "properties": {"name": "", "type": "gym", "phone": "0984 900376", "rating": "4.0"}}, {"type": "Feature", "geometry": {"type": "Point", "coordinates": [-57.5718077, -25.2933511]}, "properties": {"name": "", "type": "gym", "phone": "0991 637040", "rating": "4.0"}}, {"type": "Feature", "geometry": {"type": "Point", "coordinates": [-57.59208899999999, -25.3124037]}, "properties": {"name": "", "type": "gym", "phone": "0972 499040", "rating": "5.0"}}, {"type": "Feature", "geometry": {"type": "Point", "coordinates": [-57.5687902, -25.2998059]}, "properties": {"name": "", "type": "gym", "phone": "", "rating": "5.0"}}, {"type": "Feature", "geometry": {"type": "Point", "coordinates": [-57.57069620000001, -25.304017]}, "properties": {"name": "", "type": "gym", "phone": "0994 458368", "rating": "5.0"}}, {"type": "Feature", "geometry": {"type": "Point", "coordinates": [-57.57751349999999, -25.2908763]}, "properties": {"name": "", "type": "gym", "phone": "0984 396990", "rating": "0.0"}}, {"type": "Feature", "geometry": {"type": "Point", "coordinates": [-57.6159308, -25.2935498]}, "properties": {"name": "", "type": "gym", "phone": "0972 122099", "rating": "4.6"}}, {"type": "Feature", "geometry": {"type": "Point", "coordinates": [-57.56211589999999, -25.2967868]}, "properties": {"name": "", "type": "gym", "phone": "0974 271270", "rating": "5.0"}}, {"type": "Feature", "geometry": {"type": "Point", "coordinates": [-57.6029685, -25.3076998]}, "properties": {"name": "", "type": "Peluqueria", "phone": "(021) 558 289", "rating": "4.7"}}, {"type": "Feature", "geometry": {"type": "Point", "coordinates": [-57.584416, -25.294285]}, "properties": {"name": "", "type": "Peluqueria", "phone": "(021) 604 817", "rating": "4.9"}}, {"type": "Feature", "geometry": {"type": "Point", "coordinates": [-57.564666, -25.2684588]}, "properties": {"name": "", "type": "Gimnasio_Fitness", "phone": "0986 106062", "rating": "4.5"}}, {"type": "Feature", "geometry": {"type": "Point", "coordinates": [-57.5561992, -25.2783636]}, "properties": {"name": "", "type": "Peluqueria", "phone": "(021) 606 360", "rating": "4.7"}}, {"type": "Feature", "geometry": {"type": "Point", "coordinates": [-57.6349107, -25.295013]}, "properties": {"name": "", "type": "Spa_Wellness", "phone": "0961 281515", "rating": "4.7"}}, {"type": "Feature", "geometry": {"type": "Point", "coordinates": [-57.58162009999999, -25.2875312]}, "properties": {"name": "", "type": "Peluqueria", "phone": "0981 301077", "rating": "4.8"}}, {"type": "Feature", "geometry": {"type": "Point", "coordinates": [-57.5749821, -25.2905983]}, "properties": {"name": "", "type": "Spa_Wellness", "phone": "0981 800788", "rating": "4.8"}}, {"type": "Feature", "geometry": {"type": "Point", "coordinates": [-57.5906093, -25.3019804]}, "properties": {"name": "", "type": "Spa_Wellness", "phone": "0971 252626", "rating": "4.8"}}, {"type": "Feature", "geometry": {"type": "Point", "coordinates": [-57.59021970000001, -25.2826214]}, "properties": {"name": "", "type": "Estetica_Facial", "phone": "0994 681789", "rating": "5.0"}}, {"type": "Feature", "geometry": {"type": "Point", "coordinates": [-57.57473409999999, -25.2893184]}, "properties": {"name": "", "type": "Depilacion", "phone": "0981 521527", "rating": "4.8"}}, {"type": "Feature", "geometry": {"type": "Point", "coordinates": [-57.6190718, -25.3052876]}, "properties": {"name": "", "type": "Spa_Wellness", "phone": "0994 201066", "rating": "4.2"}}, {"type": "Feature", "geometry": {"type": "Point", "coordinates": [-57.60977260000001, -25.3024354]}, "properties": {"name": "", "type": "Otros", "phone": "0986 477733", "rating": "4.6"}}, {"type": "Feature", "geometry": {"type": "Point", "coordinates": [-57.57947919999999, -25.2518711]}, "properties": {"name": "", "type": "Gimnasio_Fitness", "phone": "0986 657777", "rating": "4.8"}}, {"type": "Feature", "geometry": {"type": "Point", "coordinates": [-57.58057849999999, -25.2643872]}, "properties": {"name": "", "type": "Gimnasio_Fitness", "phone": "0994 462100", "rating": "4.8"}}, {"type": "Feature", "geometry": {"type": "Point", "coordinates": [-57.588542, -25.2682684]}, "properties": {"name": "", "type": "Gimnasio_Fitness", "phone": "0992 315496", "rating": "4.7"}}, {"type": "Feature", "geometry": {"type": "Point", "coordinates": [-57.56152580000001, -25.2982342]}, "properties": {"name": "", "type": "Spa_Wellness", "phone": "0972 117210", "rating": "5.0"}}, {"type": "Feature", "geometry": {"type": "Point", "coordinates": [-57.58748989999999, -25.2727381]}, "properties": {"name": "", "type": "Gimnasio_Fitness", "phone": "0981 764258", "rating": "4.7"}}, {"type": "Feature", "geometry": {"type": "Point", "coordinates": [-57.622255, -25.3377295]}, "properties": {"name": "", "type": "Spa_Wellness", "phone": "(021) 333 990", "rating": "4.8"}}, {"type": "Feature", "geometry": {"type": "Point", "coordinates": [-57.57899399999999, -25.2913559]}, "properties": {"name": "", "type": "Gimnasio_Fitness", "phone": "0984 392700", "rating": "4.6"}}, {"type": "Feature", "geometry": {"type": "Point", "coordinates": [-57.5828088, -25.285341]}, "properties": {"name": "", "type": "Spa_Wellness", "phone": "(021) 602 490", "rating": "4.8"}}, {"type": "Feature", "geometry": {"type": "Point", "coordinates": [-57.5632996, -25.3088972]}, "properties": {"name": "", "type": "Spa_Wellness", "phone": "0983 041081", "rating": "4.7"}}, {"type": "Feature", "geometry": {"type": "Point", "coordinates": [-57.58106910000001, -25.294498]}, "properties": {"name": "", "type": "Peluqueria", "phone": "(021) 612 899", "rating": "4.5"}}, {"type": "Feature", "geometry": {"type": "Point", "coordinates": [-57.5708997, -25.2977313]}, "properties": {"name": "", "type": "Peluqueria", "phone": "0994 558853", "rating": "4.6"}}, {"type": "Feature", "geometry": {"type": "Point", "coordinates": [-57.57870130000001, -25.295397]}, "properties": {"name": "", "type": "Spa_Wellness", "phone": "0982 828165", "rating": "4.8"}}, {"type": "Feature", "geometry": {"type": "Point", "coordinates": [-57.55650670000001, -25.3087412]}, "properties": {"name": "", "type": "Salon de Belleza", "phone": "0971 609575", "rating": "4.6"}}, {"type": "Feature", "geometry": {"type": "Point", "coordinates": [-57.5792976, -25.3123674]}, "properties": {"name": "", "type": "Spa_Wellness", "phone": "0981 100018", "rating": "4.5"}}, {"type": "Feature", "geometry": {"type": "Point", "coordinates": [-57.6075855, -25.2908769]}, "properties": {"name": "", "type": "Gimnasio_Fitness", "phone": "0971 666944", "rating": "4.8"}}, {"type": "Feature", "geometry": {"type": "Point", "coordinates": [-57.5756344, -25.3184121]}, "properties": {"name": "", "type": "Spa_Wellness", "phone": "(021) 503 329", "rating": "4.6"}}, {"type": "Feature", "geometry": {"type": "Point", "coordinates": [-57.63379390000001, -25.2862073]}, "properties": {"name": "", "type": "Gimnasio_Fitness", "phone": "(021) 490 074", "rating": "4.5"}}, {"type": "Feature", "geometry": {"type": "Point", "coordinates": [-57.58520249999999, -25.2979814]}, "properties": {"name": "", "type": "Salon de Belleza", "phone": "(021) 329 2436", "rating": "4.7"}}, {"type": "Feature", "geometry": {"type": "Point", "coordinates": [-57.57877809999999, -25.2631275]}, "properties": {"name": "", "type": "Salon de Belleza", "phone": "0981 300503", "rating": "4.9"}}, {"type": "Feature", "geometry": {"type": "Point", "coordinates": [-57.59394330000001, -25.3148181]}, "properties": {"name": "", "type": "Peluqueria", "phone": "0976 545347", "rating": "5.0"}}, {"type": "Feature", "geometry": {"type": "Point", "coordinates": [-57.5779929, -25.3010256]}, "properties": {"name": "", "type": "Salon de Belleza", "phone": "0971 161733", "rating": "4.9"}}, {"type": "Feature", "geometry": {"type": "Point", "coordinates": [-57.56232910000001, -25.2959437]}, "properties": {"name": "", "type": "Barberia", "phone": "0982 473078", "rating": "4.9"}}, {"type": "Feature", "geometry": {"type": "Point", "coordinates": [-57.5601425, -25.2924375]}, "properties": {"name": "", "type": "Barberia", "phone": "0982 473078", "rating": "4.8"}}, {"type": "Feature", "geometry": {"type": "Point", "coordinates": [-57.577589, -25.3095138]}, "properties": {"name": "", "type": "Depilacion", "phone": "0985 881864", "rating": "4.9"}}, {"type": "Feature", "geometry": {"type": "Point", "coordinates": [-57.56230780000001, -25.294667]}, "properties": {"name": "", "type": "Salon de Belleza", "phone": "0971 226221", "rating": "4.8"}}, {"type": "Feature", "geometry": {"type": "Point", "coordinates": [-57.57403309999999, -25.2935832]}, "properties": {"name": "", "type": "Spa_Wellness", "phone": "0993 444000", "rating": "5.0"}}, {"type": "Feature", "geometry": {"type": "Point", "coordinates": [-57.58373779999999, -25.3069771]}, "properties": {"name": "", "type": "Gimnasio_Fitness", "phone": "0981 205329", "rating": "4.8"}}, {"type": "Feature", "geometry": {"type": "Point", "coordinates": [-57.5780947, -25.2586913]}, "properties": {"name": "", "type": "Gimnasio_Fitness", "phone": "(021) 280 084", "rating": "4.6"}}, {"type": "Feature", "geometry": {"type": "Point", "coordinates": [-57.55643749999999, -25.2611875]}, "properties": {"name": "", "type": "Spa_Wellness", "phone": "0986 663434", "rating": "4.9"}}, {"type": "Feature", "geometry": {"type": "Point", "coordinates": [-57.5584476, -25.2930583]}, "properties": {"name": "", "type": "Spa_Wellness", "phone": "0991 369971", "rating": "5.0"}}, {"type": "Feature", "geometry": {"type": "Point", "coordinates": [-57.5772593, -25.2553413]}, "properties": {"name": "", "type": "Otros", "phone": "0971 568547", "rating": "5.0"}}, {"type": "Feature", "geometry": {"type": "Point", "coordinates": [-57.6339315, -25.2947777]}, "properties": {"name": "", "type": "Salon de Belleza", "phone": "0981 095546", "rating": "4.4"}}, {"type": "Feature", "geometry": {"type": "Point", "coordinates": [-57.6032732, -25.3084111]}, "properties": {"name": "", "type": "Salon de Belleza", "phone": "0992 917141", "rating": "4.4"}}, {"type": "Feature", "geometry": {"type": "Point", "coordinates": [-57.5855454, -25.2979002]}, "properties": {"name": "", "type": "Peluqueria", "phone": "0994 348269", "rating": "4.9"}}, {"type": "Feature", "geometry": {"type": "Point", "coordinates": [-57.5715359, -25.2917732]}, "properties": {"name": "", "type": "Spa_Wellness", "phone": "0972 999688", "rating": "4.4"}}, {"type": "Feature", "geometry": {"type": "Point", "coordinates": [-57.57402800000001, -25.2997481]}, "properties": {"name": "", "type": "Salon de Belleza", "phone": "0981 991925", "rating": "4.7"}}, {"type": "Feature", "geometry": {"type": "Point", "coordinates": [-57.60176329999999, -25.3056322]}, "properties": {"name": "", "type": "Uñas_Nails", "phone": "0994 270222", "rating": "4.2"}}, {"type": "Feature", "geometry": {"type": "Point", "coordinates": [-57.5926049, -25.3221761]}, "properties": {"name": "", "type": "Spa_Wellness", "phone": "(021) 551 797", "rating": "4.4"}}, {"type": "Feature", "geometry": {"type": "Point", "coordinates": [-57.5782044, -25.2896874]}, "properties": {"name": "", "type": "Salon de Belleza", "phone": "0991 208143", "rating": "5.0"}}, {"type": "Feature", "geometry": {"type": "Point", "coordinates": [-57.57274880000001, -25.2796912]}, "properties": {"name": "", "type": "Spa_Wellness", "phone": "(021) 661 488", "rating": "4.4"}}, {"type": "Feature", "geometry": {"type": "Point", "coordinates": [-57.6416132, -25.2935315]}, "properties": {"name": "", "type": "Peluqueria", "phone": "0982 543965", "rating": "5.0"}}, {"type": "Feature", "geometry": {"type": "Point", "coordinates": [-57.5836146, -25.3279011]}, "properties": {"name": "", "type": "Salon de Belleza", "phone": "0994 481644", "rating": "4.9"}}, {"type": "Feature", "geometry": {"type": "Point", "coordinates": [-57.56796070000001, -25.2865483]}, "properties": {"name": "", "type": "Peluqueria", "phone": "0981 448445", "rating": "4.8"}}, {"type": "Feature", "geometry": {"type": "Point", "coordinates": [-57.5701745, -25.2970666]}, "properties": {"name": "", "type": "Salon de Belleza", "phone": "0991 785311", "rating": "4.9"}}, {"type": "Feature", "geometry": {"type": "Point", "coordinates": [-57.5712105, -25.2753861]}, "properties": {"name": "", "type": "Peluqueria", "phone": "0981 834878", "rating": "4.9"}}, {"type": "Feature", "geometry": {"type": "Point", "coordinates": [-57.6275943, -25.2891791]}, "properties": {"name": "", "type": "Peluqueria", "phone": "0982 233523", "rating": "4.7"}}, {"type": "Feature", "geometry": {"type": "Point", "coordinates": [-57.56329940000001, -25.2926882]}, "properties": {"name": "", "type": "Peluqueria", "phone": "0971 380220", "rating": "4.8"}}, {"type": "Feature", "geometry": {"type": "Point", "coordinates": [-57.6021989, -25.2816988]}, "properties": {"name": "", "type": "Peluqueria", "phone": "0971 147251", "rating": "4.7"}}, {"type": "Feature", "geometry": {"type": "Point", "coordinates": [-57.5872896, -25.3031681]}, "properties": {"name": "", "type": "Salon de Belleza", "phone": "0992 330183", "rating": "4.8"}}, {"type": "Feature", "geometry": {"type": "Point", "coordinates": [-57.5765019, -25.2863258]}, "properties": {"name": "", "type": "Salon de Belleza", "phone": "0982 669939", "rating": "4.8"}}, {"type": "Feature", "geometry": {"type": "Point", "coordinates": [-57.61588380000001, -25.3023999]}, "properties": {"name": "", "type": "Otros", "phone": "(021) 204 419", "rating": "4.1"}}, {"type": "Feature", "geometry": {"type": "Point", "coordinates": [-57.5927988, -25.2837009]}, "properties": {"name": "", "type": "Peluqueria", "phone": "0983 158945", "rating": "4.8"}}, {"type": "Feature", "geometry": {"type": "Point", "coordinates": [-57.61654689999999, -25.3034169]}, "properties": {"name": "", "type": "Otros", "phone": "(021) 227 080", "rating": "4.2"}}, {"type": "Feature", "geometry": {"type": "Point", "coordinates": [-57.6217276, -25.293122]}, "properties": {"name": "", "type": "Spa_Wellness", "phone": "0973 136666", "rating": "4.3"}}, {"type": "Feature", "geometry": {"type": "Point", "coordinates": [-57.5824073, -25.2889606]}, "properties": {"name": "", "type": "Barberia", "phone": "0971 656656", "rating": "4.7"}}, {"type": "Feature", "geometry": {"type": "Point", "coordinates": [-57.6004613, -25.2987219]}, "properties": {"name": "", "type": "Spa_Wellness", "phone": "0971 186989", "rating": "4.9"}}, {"type": "Feature", "geometry": {"type": "Point", "coordinates": [-57.59370089999999, -25.3009262]}, "properties": {"name": "", "type": "Barberia", "phone": "0972 400517", "rating": "4.7"}}, {"type": "Feature", "geometry": {"type": "Point", "coordinates": [-57.56269349999999, -25.2920428]}, "properties": {"name": "", "type": "Barberia", "phone": "0991 721473", "rating": "5.0"}}, {"type": "Feature", "geometry": {"type": "Point", "coordinates": [-57.5473559, -25.2719595]}, "properties": {"name": "", "type": "Depilacion", "phone": "0981 933247", "rating": "4.8"}}, {"type": "Feature", "geometry": {"type": "Point", "coordinates": [-57.5518893, -25.2932167]}, "properties": {"name": "", "type": "Barberia", "phone": "0982 246052", "rating": "4.8"}}, {"type": "Feature", "geometry": {"type": "Point", "coordinates": [-57.56723609999999, -25.2726365]}, "properties": {"name": "", "type": "Gimnasio_Fitness", "phone": "0992 446377", "rating": "4.7"}}, {"type": "Feature", "geometry": {"type": "Point", "coordinates": [-57.58907889999999, -25.3351934]}, "properties": {"name": "", "type": "Uñas_Nails", "phone": "0991 758633", "rating": "4.6"}}, {"type": "Feature", "geometry": {"type": "Point", "coordinates": [-57.64597970000001, -25.2955812]}, "properties": {"name": "", "type": "Otros", "phone": "0981 410318", "rating": "4.8"}}, {"type": "Feature", "geometry": {"type": "Point", "coordinates": [-57.5785172, -25.2928036]}, "properties": {"name": "", "type": "Gimnasio_Fitness", "phone": "(021) 600 874", "rating": "4.6"}}, {"type": "Feature", "geometry": {"type": "Point", "coordinates": [-57.63797460000001, -25.294917]}, "properties": {"name": "", "type": "Gimnasio_Fitness", "phone": "", "rating": "4.7"}}, {"type": "Feature", "geometry": {"type": "Point", "coordinates": [-57.629382, -25.2952906]}, "properties": {"name": "", "type": "Gimnasio_Fitness", "phone": "(021) 450 306", "rating": "4.8"}}, {"type": "Feature", "geometry": {"type": "Point", "coordinates": [-57.5709488, -25.3108844]}, "properties": {"name": "", "type": "Otros", "phone": "0971 527527", "rating": "4.5"}}, {"type": "Feature", "geometry": {"type": "Point", "coordinates": [-57.601607, -25.2879066]}, "properties": {"name": "", "type": "Spa_Wellness", "phone": "0983 444427", "rating": "4.6"}}, {"type": "Feature", "geometry": {"type": "Point", "coordinates": [-57.58362320000001, -25.3038706]}, "properties": {"name": "", "type": "Otros", "phone": "0986 506223", "rating": "4.6"}}, {"type": "Feature", "geometry": {"type": "Point", "coordinates": [-57.5434748, -25.24407]}, "properties": {"name": "", "type": "Gimnasio_Fitness", "phone": "0982 427692", "rating": "4.8"}}, {"type": "Feature", "geometry": {"type": "Point", "coordinates": [-57.63828349999999, -25.2797926]}, "properties": {"name": "", "type": "Tatuajes_Piercing", "phone": "0985 857700", "rating": "4.7"}}, {"type": "Feature", "geometry": {"type": "Point", "coordinates": [-57.5722101, -25.2795764]}, "properties": {"name": "", "type": "Spa_Wellness", "phone": "0981 714783", "rating": "4.7"}}, {"type": "Feature", "geometry": {"type": "Point", "coordinates": [-57.5572174, -25.3005695]}, "properties": {"name": "", "type": "Salon de Belleza", "phone": "0994 810406", "rating": "4.4"}}, {"type": "Feature", "geometry": {"type": "Point", "coordinates": [-57.6107763, -25.2857635]}, "properties": {"name": "", "type": "Peluqueria", "phone": "0981 630011", "rating": "4.7"}}, {"type": "Feature", "geometry": {"type": "Point", "coordinates": [-57.57999639999999, -25.31316]}, "properties": {"name": "", "type": "Salon de Belleza", "phone": "0975 900550", "rating": "4.7"}}, {"type": "Feature", "geometry": {"type": "Point", "coordinates": [-57.6053737, -25.3043121]}, "properties": {"name": "", "type": "Otros", "phone": "(021) 200 080", "rating": "4.2"}}, {"type": "Feature", "geometry": {"type": "Point", "coordinates": [-57.56485249999999, -25.2717785]}, "properties": {"name": "", "type": "Peluqueria", "phone": "0972 500517", "rating": "4.8"}}, {"type": "Feature", "geometry": {"type": "Point", "coordinates": [-57.6262753, -25.3310263]}, "properties": {"name": "", "type": "Salon de Belleza", "phone": "0961 845409", "rating": "4.5"}}, {"type": "Feature", "geometry": {"type": "Point", "coordinates": [-57.63628379999999, -25.2924566]}, "properties": {"name": "", "type": "Spa_Wellness", "phone": "0981 823279", "rating": "4.4"}}, {"type": "Feature", "geometry": {"type": "Point", "coordinates": [-57.6210142, -25.2918313]}, "properties": {"name": "", "type": "Salon de Belleza", "phone": "0982 108953", "rating": "4.7"}}, {"type": "Feature", "geometry": {"type": "Point", "coordinates": [-57.56295780000001, -25.2793177]}, "properties": {"name": "", "type": "Gimnasio_Fitness", "phone": "0981 205898", "rating": "5.0"}}, {"type": "Feature", "geometry": {"type": "Point", "coordinates": [-57.54592189999999, -25.2949095]}, "properties": {"name": "", "type": "Otros", "phone": "0985 154041", "rating": "4.7"}}, {"type": "Feature", "geometry": {"type": "Point", "coordinates": [-57.56135390000001, -25.2983091]}, "properties": {"name": "", "type": "Spa_Wellness", "phone": "0992 425597", "rating": "4.8"}}, {"type": "Feature", "geometry": {"type": "Point", "coordinates": [-57.6014315, -25.2760344]}, "properties": {"name": "", "type": "Gimnasio_Fitness", "phone": "0982 921285", "rating": "5.0"}}, {"type": "Feature", "geometry": {"type": "Point", "coordinates": [-57.5807636, -25.257197]}, "properties": {"name": "", "type": "Gimnasio_Fitness", "phone": "0971 347938", "rating": "5.0"}}, {"type": "Feature", "geometry": {"type": "Point", "coordinates": [-57.60207129999999, -25.2966366]}, "properties": {"name": "", "type": "Spa_Wellness", "phone": "0984 487584", "rating": "4.8"}}, {"type": "Feature", "geometry": {"type": "Point", "coordinates": [-57.56584720000001, -25.2717035]}, "properties": {"name": "", "type": "Spa_Wellness", "phone": "0985 900533", "rating": "4.8"}}, {"type": "Feature", "geometry": {"type": "Point", "coordinates": [-57.5731437, -25.282158]}, "properties": {"name": "", "type": "Spa_Wellness", "phone": "0993 555560", "rating": "4.9"}}, {"type": "Feature", "geometry": {"type": "Point", "coordinates": [-57.62713110000001, -25.2978904]}, "properties": {"name": "", "type": "Spa_Wellness", "phone": "0972 815410", "rating": "4.9"}}, {"type": "Feature", "geometry": {"type": "Point", "coordinates": [-57.6345231, -25.3390298]}, "properties": {"name": "", "type": "Tatuajes_Piercing", "phone": "0961 940826", "rating": "4.9"}}, {"type": "Feature", "geometry": {"type": "Point", "coordinates": [-57.591868, -25.3121465]}, "properties": {"name": "", "type": "Uñas_Nails", "phone": "0993 351676", "rating": "5.0"}}, {"type": "Feature", "geometry": {"type": "Point", "coordinates": [-57.6369615, -25.2835694]}, "properties": {"name": "", "type": "Otros", "phone": "0981 718748", "rating": "4.6"}}, {"type": "Feature", "geometry": {"type": "Point", "coordinates": [-57.63417519999999, -25.2874817]}, "properties": {"name": "", "type": "Tatuajes_Piercing", "phone": "0994 982961", "rating": "4.9"}}, {"type": "Feature", "geometry": {"type": "Point", "coordinates": [-57.5785654, -25.2951899]}, "properties": {"name": "", "type": "Estetica_Facial", "phone": "0994 242249", "rating": "4.9"}}, {"type": "Feature", "geometry": {"type": "Point", "coordinates": [-57.5752415, -25.28741]}, "properties": {"name": "", "type": "Barberia", "phone": "0986 444489", "rating": "4.9"}}, {"type": "Feature", "geometry": {"type": "Point", "coordinates": [-57.626055, -25.3148768]}, "properties": {"name": "", "type": "Estetica_Facial", "phone": "0986 545054", "rating": "5.0"}}, {"type": "Feature", "geometry": {"type": "Point", "coordinates": [-57.6187838, -25.2893251]}, "properties": {"name": "", "type": "Otros", "phone": "(021) 200 055", "rating": "4.7"}}, {"type": "Feature", "geometry": {"type": "Point", "coordinates": [-57.5746766, -25.2542615]}, "properties": {"name": "", "type": "Gimnasio_Fitness", "phone": "0981 616391", "rating": "5.0"}}, {"type": "Feature", "geometry": {"type": "Point", "coordinates": [-57.5699412, -25.2662142]}, "properties": {"name": "", "type": "Gimnasio_Fitness", "phone": "0981 687752", "rating": "4.9"}}, {"type": "Feature", "geometry": {"type": "Point", "coordinates": [-57.5651145, -25.2688647]}, "properties": {"name": "", "type": "Gimnasio_Fitness", "phone": "0985 402825", "rating": "4.6"}}, {"type": "Feature", "geometry": {"type": "Point", "coordinates": [-57.58027809999999, -25.2827379]}, "properties": {"name": "", "type": "Gimnasio_Fitness", "phone": "0981 704604", "rating": "4.7"}}, {"type": "Feature", "geometry": {"type": "Point", "coordinates": [-57.54953599999999, -25.346156]}, "properties": {"name": "", "type": "Barberia", "phone": "0983 413941", "rating": "5.0"}}, {"type": "Feature", "geometry": {"type": "Point", "coordinates": [-57.58694449999999, -25.2991795]}, "properties": {"name": "", "type": "Otros", "phone": "0986 747555", "rating": "4.9"}}, {"type": "Feature", "geometry": {"type": "Point", "coordinates": [-57.60167879999999, -25.3194281]}, "properties": {"name": "", "type": "Spa_Wellness", "phone": "0984 917183", "rating": "4.6"}}, {"type": "Feature", "geometry": {"type": "Point", "coordinates": [-57.63072379999999, -25.2925053]}, "properties": {"name": "", "type": "Spa_Wellness", "phone": "0995 625766", "rating": "4.6"}}, {"type": "Feature", "geometry": {"type": "Point", "coordinates": [-57.6673372, -25.2947501]}, "properties": {"name": "", "type": "Gimnasio_Fitness", "phone": "0981 418817", "rating": "4.7"}}, {"type": "Feature", "geometry": {"type": "Point", "coordinates": [-57.6336457, -25.2874189]}, "properties": {"name": "", "type": "Spa_Wellness", "phone": "0981 730492", "rating": "4.8"}}, {"type": "Feature", "geometry": {"type": "Point", "coordinates": [-57.59750700000001, -25.2970334]}, "properties": {"name": "", "type": "Gimnasio_Fitness", "phone": "0981 498080", "rating": "5.0"}}, {"type": "Feature", "geometry": {"type": "Point", "coordinates": [-57.55508299999999, -25.2932183]}, "properties": {"name": "", "type": "Gimnasio_Fitness", "phone": "0981 276708", "rating": "4.7"}}, {"type": "Feature", "geometry": {"type": "Point", "coordinates": [-57.58453050000001, -25.2881571]}, "properties": {"name": "", "type": "Gimnasio_Fitness", "phone": "0982 185075", "rating": "4.9"}}, {"type": "Feature", "geometry": {"type": "Point", "coordinates": [-57.5995798, -25.2822119]}, "properties": {"name": "", "type": "Spa_Wellness", "phone": "0981 879864", "rating": "4.8"}}, {"type": "Feature", "geometry": {"type": "Point", "coordinates": [-57.64793319999999, -25.2861325]}, "properties": {"name": "", "type": "Gimnasio_Fitness", "phone": "0991 487883", "rating": "4.5"}}, {"type": "Feature", "geometry": {"type": "Point", "coordinates": [-57.57960079999999, -25.2527603]}, "properties": {"name": "", "type": "Gimnasio_Fitness", "phone": "", "rating": "4.7"}}, {"type": "Feature", "geometry": {"type": "Point", "coordinates": [-57.536319, -25.2464554]}, "properties": {"name": "", "type": "Spa_Wellness", "phone": "0991 648111", "rating": "4.7"}}, {"type": "Feature", "geometry": {"type": "Point", "coordinates": [-57.5982922, -25.2819594]}, "properties": {"name": "", "type": "Gimnasio_Fitness", "phone": "0981 698517", "rating": "4.9"}}, {"type": "Feature", "geometry": {"type": "Point", "coordinates": [-57.5643652, -25.2798562]}, "properties": {"name": "", "type": "Spa_Wellness", "phone": "0985 444544", "rating": "4.7"}}, {"type": "Feature", "geometry": {"type": "Point", "coordinates": [-57.59408239999999, -25.2989787]}, "properties": {"name": "", "type": "Gimnasio_Fitness", "phone": "", "rating": "4.9"}}, {"type": "Feature", "geometry": {"type": "Point", "coordinates": [-57.5791435, -25.2908236]}, "properties": {"name": "", "type": "Gimnasio_Fitness", "phone": "0982 858083", "rating": "4.8"}}, {"type": "Feature", "geometry": {"type": "Point", "coordinates": [-57.57668710000001, -25.2871835]}, "properties": {"name": "", "type": "Spa_Wellness", "phone": "0985 352515", "rating": "3.7"}}, {"type": "Feature", "geometry": {"type": "Point", "coordinates": [-57.5998849, -25.2773315]}, "properties": {"name": "", "type": "Uñas_Nails", "phone": "0981 770330", "rating": "4.2"}}, {"type": "Feature", "geometry": {"type": "Point", "coordinates": [-57.58725009999999, -25.2810787]}, "properties": {"name": "", "type": "Salon de Belleza", "phone": "0984 702022", "rating": "4.9"}}, {"type": "Feature", "geometry": {"type": "Point", "coordinates": [-57.56883389999999, -25.29977]}, "properties": {"name": "", "type": "Salon de Belleza", "phone": "0983 999662", "rating": "4.9"}}, {"type": "Feature", "geometry": {"type": "Point", "coordinates": [-57.56705900000001, -25.279393]}, "properties": {"name": "", "type": "Peluqueria", "phone": "0972 825777", "rating": "4.6"}}, {"type": "Feature", "geometry": {"type": "Point", "coordinates": [-57.6135272, -25.3028044]}, "properties": {"name": "", "type": "Otros", "phone": "0974 800611", "rating": "4.2"}}, {"type": "Feature", "geometry": {"type": "Point", "coordinates": [-57.6015826, -25.3133267]}, "properties": {"name": "", "type": "Salon de Belleza", "phone": "0983 346534", "rating": "5.0"}}, {"type": "Feature", "geometry": {"type": "Point", "coordinates": [-57.6096261, -25.2768116]}, "properties": {"name": "", "type": "Salon de Belleza", "phone": "0981 831234", "rating": "4.8"}}, {"type": "Feature", "geometry": {"type": "Point", "coordinates": [-57.56701709999999, -25.2788199]}, "properties": {"name": "", "type": "Peluqueria", "phone": "0981 595979", "rating": "4.7"}}, {"type": "Feature", "geometry": {"type": "Point", "coordinates": [-57.60639159999999, -25.3046028]}, "properties": {"name": "", "type": "Peluqueria", "phone": "0972 479414", "rating": "4.7"}}, {"type": "Feature", "geometry": {"type": "Point", "coordinates": [-57.6369146, -25.3109754]}, "properties": {"name": "", "type": "Peluqueria", "phone": "0992 414209", "rating": "4.6"}}, {"type": "Feature", "geometry": {"type": "Point", "coordinates": [-57.5630263, -25.2926162]}, "properties": {"name": "", "type": "Salon de Belleza", "phone": "0981 372885", "rating": "4.8"}}, {"type": "Feature", "geometry": {"type": "Point", "coordinates": [-57.5878933, -25.2886417]}, "properties": {"name": "", "type": "Salon de Belleza", "phone": "0971 890882", "rating": "4.8"}}, {"type": "Feature", "geometry": {"type": "Point", "coordinates": [-57.63004609999999, -25.2881283]}, "properties": {"name": "", "type": "Peluqueria", "phone": "0982 811934", "rating": "4.7"}}, {"type": "Feature", "geometry": {"type": "Point", "coordinates": [-57.5703312, -25.2904126]}, "properties": {"name": "", "type": "Salon de Belleza", "phone": "0974 141154", "rating": "4.9"}}, {"type": "Feature", "geometry": {"type": "Point", "coordinates": [-57.6552234, -25.296838]}, "properties": {"name": "", "type": "Peluqueria", "phone": "0981 119455", "rating": "4.9"}}, {"type": "Feature", "geometry": {"type": "Point", "coordinates": [-57.58081519999999, -25.2840365]}, "properties": {"name": "", "type": "Otros", "phone": "(021) 283 333", "rating": "4.3"}}, {"type": "Feature", "geometry": {"type": "Point", "coordinates": [-57.5503573, -25.2902838]}, "properties": {"name": "", "type": "Spa_Wellness", "phone": "0986 254164", "rating": "4.4"}}, {"type": "Feature", "geometry": {"type": "Point", "coordinates": [-57.59324470000001, -25.2942673]}, "properties": {"name": "", "type": "Peluqueria", "phone": "0991 386454", "rating": "4.5"}}, {"type": "Feature", "geometry": {"type": "Point", "coordinates": [-57.56594029999999, -25.2919787]}, "properties": {"name": "", "type": "Peluqueria", "phone": "", "rating": "4.9"}}, {"type": "Feature", "geometry": {"type": "Point", "coordinates": [-57.607515, -25.2732659]}, "properties": {"name": "", "type": "Peluqueria", "phone": "0981 344295", "rating": "5.0"}}, {"type": "Feature", "geometry": {"type": "Point", "coordinates": [-57.59291199999999, -25.3128304]}, "properties": {"name": "", "type": "Salon de Belleza", "phone": "0984 177008", "rating": "4.8"}}, {"type": "Feature", "geometry": {"type": "Point", "coordinates": [-57.5721832, -25.2903428]}, "properties": {"name": "", "type": "Salon de Belleza", "phone": "0982 160036", "rating": "4.8"}}, {"type": "Feature", "geometry": {"type": "Point", "coordinates": [-57.57788120000001, -25.3149406]}, "properties": {"name": "", "type": "Salon de Belleza", "phone": "0972 459040", "rating": "4.5"}}, {"type": "Feature", "geometry": {"type": "Point", "coordinates": [-57.61445689999999, -25.2913024]}, "properties": {"name": "", "type": "Salon de Belleza", "phone": "", "rating": "4.8"}}, {"type": "Feature", "geometry": {"type": "Point", "coordinates": [-57.5542124, -25.2931667]}, "properties": {"name": "", "type": "Salon de Belleza", "phone": "0985 300814", "rating": "4.9"}}, {"type": "Feature", "geometry": {"type": "Point", "coordinates": [-57.58515639999999, -25.2977116]}, "properties": {"name": "", "type": "Peluqueria", "phone": "0985 731137", "rating": "4.8"}}, {"type": "Feature", "geometry": {"type": "Point", "coordinates": [-57.5647163, -25.3024518]}, "properties": {"name": "", "type": "Salon de Belleza", "phone": "0992 207690", "rating": "4.6"}}, {"type": "Feature", "geometry": {"type": "Point", "coordinates": [-57.5460484, -25.2976054]}, "properties": {"name": "", "type": "Peluqueria", "phone": "0994 504504", "rating": "5.0"}}, {"type": "Feature", "geometry": {"type": "Point", "coordinates": [-57.5869805, -25.2549589]}, "properties": {"name": "", "type": "Peluqueria", "phone": "0992 594485", "rating": "4.9"}}, {"type": "Feature", "geometry": {"type": "Point", "coordinates": [-57.5967585, -25.2819399]}, "properties": {"name": "", "type": "Salon de Belleza", "phone": "0985 951672", "rating": "4.8"}}, {"type": "Feature", "geometry": {"type": "Point", "coordinates": [-57.5465125, -25.2435732]}, "properties": {"name": "", "type": "Barberia", "phone": "0971 231969", "rating": "5.0"}}, {"type": "Feature", "geometry": {"type": "Point", "coordinates": [-57.59456019999999, -25.3187068]}, "properties": {"name": "", "type": "Spa_Wellness", "phone": "0986 371827", "rating": "4.8"}}, {"type": "Feature", "geometry": {"type": "Point", "coordinates": [-57.6429977, -25.2938362]}, "properties": {"name": "", "type": "Estetica_Facial", "phone": "0984 453331", "rating": "4.7"}}, {"type": "Feature", "geometry": {"type": "Point", "coordinates": [-57.5937853, -25.2671269]}, "properties": {"name": "", "type": "Gimnasio_Fitness", "phone": "0982 157720", "rating": "5.0"}}, {"type": "Feature", "geometry": {"type": "Point", "coordinates": [-57.5765009, -25.2659362]}, "properties": {"name": "", "type": "Gimnasio_Fitness", "phone": "0981 758822", "rating": "4.9"}}, {"type": "Feature", "geometry": {"type": "Point", "coordinates": [-57.6376787, -25.2829731]}, "properties": {"name": "", "type": "Tatuajes_Piercing", "phone": "0981 909485", "rating": "4.8"}}, {"type": "Feature", "geometry": {"type": "Point", "coordinates": [-57.5898469, -25.3093099]}, "properties": {"name": "", "type": "Gimnasio_Fitness", "phone": "0981 000050", "rating": "4.9"}}, {"type": "Feature", "geometry": {"type": "Point", "coordinates": [-57.55719089999999, -25.2888285]}, "properties": {"name": "", "type": "Gimnasio_Fitness", "phone": "0981 879864", "rating": "4.8"}}, {"type": "Feature", "geometry": {"type": "Point", "coordinates": [-57.5963643, -25.2778958]}, "properties": {"name": "", "type": "Gimnasio_Fitness", "phone": "0981 585277", "rating": "5.0"}}, {"type": "Feature", "geometry": {"type": "Point", "coordinates": [-57.63043099999999, -25.3089021]}, "properties": {"name": "", "type": "Gimnasio_Fitness", "phone": "0981 859892", "rating": "4.9"}}, {"type": "Feature", "geometry": {"type": "Point", "coordinates": [-57.60838159999999, -25.2993927]}, "properties": {"name": "", "type": "Spa_Wellness", "phone": "0994 392775", "rating": "5.0"}}, {"type": "Feature", "geometry": {"type": "Point", "coordinates": [-57.58933829999999, -25.2964165]}, "properties": {"name": "", "type": "Peluqueria", "phone": "0971 927979", "rating": "3.6"}}, {"type": "Feature", "geometry": {"type": "Point", "coordinates": [-57.5778619, -25.2913015]}, "properties": {"name": "", "type": "Tatuajes_Piercing", "phone": "0982 285552", "rating": "4.9"}}, {"type": "Feature", "geometry": {"type": "Point", "coordinates": [-57.6454475, -25.2922566]}, "properties": {"name": "", "type": "Spa_Wellness", "phone": "0984 588240", "rating": "4.7"}}, {"type": "Feature", "geometry": {"type": "Point", "coordinates": [-57.5710664, -25.2763051]}, "properties": {"name": "", "type": "Spa_Wellness", "phone": "0985 660289", "rating": "3.9"}}, {"type": "Feature", "geometry": {"type": "Point", "coordinates": [-57.5783624, -25.2916537]}, "properties": {"name": "", "type": "Spa_Wellness", "phone": "0991 856305", "rating": "3.9"}}, {"type": "Feature", "geometry": {"type": "Point", "coordinates": [-57.58021739999999, -25.2546788]}, "properties": {"name": "", "type": "Salon de Belleza", "phone": "0985 460765", "rating": "4.8"}}, {"type": "Feature", "geometry": {"type": "Point", "coordinates": [-57.5622244, -25.2297743]}, "properties": {"name": "", "type": "Peluqueria", "phone": "0971 220582", "rating": "4.9"}}, {"type": "Feature", "geometry": {"type": "Point", "coordinates": [-57.600674, -25.3107819]}, "properties": {"name": "", "type": "Peluqueria", "phone": "0982 620611", "rating": "5.0"}}, {"type": "Feature", "geometry": {"type": "Point", "coordinates": [-57.5813442, -25.2606792]}, "properties": {"name": "", "type": "Peluqueria", "phone": "0985 850376", "rating": "5.0"}}, {"type": "Feature", "geometry": {"type": "Point", "coordinates": [-57.5710717, -25.2572677]}, "properties": {"name": "", "type": "Salon de Belleza", "phone": "0982 288191", "rating": "5.0"}}, {"type": "Feature", "geometry": {"type": "Point", "coordinates": [-57.56827449999999, -25.2782983]}, "properties": {"name": "", "type": "Peluqueria", "phone": "0985 416666", "rating": "4.8"}}, {"type": "Feature", "geometry": {"type": "Point", "coordinates": [-57.5749505, -25.3275316]}, "properties": {"name": "", "type": "Peluqueria", "phone": "0992 819715", "rating": "4.9"}}, {"type": "Feature", "geometry": {"type": "Point", "coordinates": [-57.6196942, -25.3040398]}, "properties": {"name": "", "type": "Peluqueria", "phone": "0984 297022", "rating": "4.9"}}, {"type": "Feature", "geometry": {"type": "Point", "coordinates": [-57.58178769999999, -25.29892]}, "properties": {"name": "", "type": "Spa_Wellness", "phone": "0981 556200", "rating": "4.3"}}, {"type": "Feature", "geometry": {"type": "Point", "coordinates": [-57.5681615, -25.300413]}, "properties": {"name": "", "type": "Spa_Wellness", "phone": "0984 377070", "rating": "4.7"}}, {"type": "Feature", "geometry": {"type": "Point", "coordinates": [-57.62665990000001, -25.2874836]}, "properties": {"name": "", "type": "Gimnasio_Fitness", "phone": "0981 206304", "rating": "4.9"}}, {"type": "Feature", "geometry": {"type": "Point", "coordinates": [-57.62074049999999, -25.3111359]}, "properties": {"name": "", "type": "Gimnasio_Fitness", "phone": "0981 400800", "rating": "5.0"}}, {"type": "Feature", "geometry": {"type": "Point", "coordinates": [-57.62750939999999, -25.3265765]}, "properties": {"name": "", "type": "Otros", "phone": "0306 198", "rating": "4.5"}}, {"type": "Feature", "geometry": {"type": "Point", "coordinates": [-57.6159487, -25.3005421]}, "properties": {"name": "", "type": "Gimnasio_Fitness", "phone": "", "rating": "4.6"}}, {"type": "Feature", "geometry": {"type": "Point", "coordinates": [-57.6392447, -25.2893784]}, "properties": {"name": "", "type": "Otros", "phone": "0991 366033", "rating": "4.8"}}, {"type": "Feature", "geometry": {"type": "Point", "coordinates": [-57.64215470000001, -25.2934339]}, "properties": {"name": "", "type": "Otros", "phone": "0984 151540", "rating": "4.5"}}, {"type": "Feature", "geometry": {"type": "Point", "coordinates": [-57.5656709, -25.2717064]}, "properties": {"name": "", "type": "Maquillaje", "phone": "0984 982000", "rating": "4.6"}}, {"type": "Feature", "geometry": {"type": "Point", "coordinates": [-57.6135623, -25.2934848]}, "properties": {"name": "", "type": "Uñas_Nails", "phone": "0981 826938", "rating": "4.9"}}, {"type": "Feature", "geometry": {"type": "Point", "coordinates": [-57.5751825, -25.2873162]}, "properties": {"name": "", "type": "Gimnasio_Fitness", "phone": "0981 660116", "rating": "4.9"}}, {"type": "Feature", "geometry": {"type": "Point", "coordinates": [-57.5698866, -25.2788099]}, "properties": {"name": "", "type": "Pestañas_Cejas", "phone": "0986 184890", "rating": "4.7"}}, {"type": "Feature", "geometry": {"type": "Point", "coordinates": [-57.595121, -25.2865376]}, "properties": {"name": "", "type": "Spa_Wellness", "phone": "", "rating": "4.7"}}, {"type": "Feature", "geometry": {"type": "Point", "coordinates": [-57.6326729, -25.2941964]}, "properties": {"name": "", "type": "Otros", "phone": "0972 666600", "rating": "4.8"}}, {"type": "Feature", "geometry": {"type": "Point", "coordinates": [-57.6310344, -25.287842]}, "properties": {"name": "", "type": "Otros", "phone": "0987 145000", "rating": "5.0"}}, {"type": "Feature", "geometry": {"type": "Point", "coordinates": [-57.6176525, -25.29275]}, "properties": {"name": "", "type": "Tatuajes_Piercing", "phone": "0981 535727", "rating": "5.0"}}, {"type": "Feature", "geometry": {"type": "Point", "coordinates": [-57.5794876, -25.2956503]}, "properties": {"name": "", "type": "Otros", "phone": "0971 304790", "rating": "4.6"}}, {"type": "Feature", "geometry": {"type": "Point", "coordinates": [-57.56036229999999, -25.3107642]}, "properties": {"name": "", "type": "Estetica_Facial", "phone": "0983 577336", "rating": "4.5"}}, {"type": "Feature", "geometry": {"type": "Point", "coordinates": [-57.5562626, -25.2972887]}, "properties": {"name": "", "type": "Uñas_Nails", "phone": "", "rating": "4.8"}}, {"type": "Feature", "geometry": {"type": "Point", "coordinates": [-57.56378350000001, -25.2736861]}, "properties": {"name": "", "type": "Depilacion", "phone": "(021) 662 870", "rating": "4.6"}}, {"type": "Feature", "geometry": {"type": "Point", "coordinates": [-57.606618, -25.3307108]}, "properties": {"name": "", "type": "Spa_Wellness", "phone": "0991 728094", "rating": "4.8"}}, {"type": "Feature", "geometry": {"type": "Point", "coordinates": [-57.6149251, -25.2933946]}, "properties": {"name": "", "type": "Gimnasio_Fitness", "phone": "0983 760238", "rating": "5.0"}}, {"type": "Feature", "geometry": {"type": "Point", "coordinates": [-57.6002464, -25.2985923]}, "properties": {"name": "", "type": "Gimnasio_Fitness", "phone": "0971 506199", "rating": "4.5"}}, {"type": "Feature", "geometry": {"type": "Point", "coordinates": [-57.6147462, -25.3096722]}, "properties": {"name": "", "type": "Uñas_Nails", "phone": "0994 490406", "rating": "4.9"}}, {"type": "Feature", "geometry": {"type": "Point", "coordinates": [-57.59574180000001, -25.2823441]}, "properties": {"name": "", "type": "Spa_Wellness", "phone": "0972 446106", "rating": "5.0"}}, {"type": "Feature", "geometry": {"type": "Point", "coordinates": [-57.6254541, -25.2921792]}, "properties": {"name": "", "type": "Spa_Wellness", "phone": "0981 044443", "rating": "4.8"}}, {"type": "Feature", "geometry": {"type": "Point", "coordinates": [-57.613248, -25.28112]}, "properties": {"name": "", "type": "Spa_Wellness", "phone": "0976 968585", "rating": "4.5"}}, {"type": "Feature", "geometry": {"type": "Point", "coordinates": [-57.5723197, -25.2914042]}, "properties": {"name": "", "type": "Spa_Wellness", "phone": "0983 481000", "rating": "4.9"}}, {"type": "Feature", "geometry": {"type": "Point", "coordinates": [-57.5760357, -25.267154]}, "properties": {"name": "", "type": "Spa_Wellness", "phone": "0974 968585", "rating": "4.5"}}, {"type": "Feature", "geometry": {"type": "Point", "coordinates": [-57.5808521, -25.2841264]}, "properties": {"name": "", "type": "Otros", "phone": "(021) 604 595", "rating": "4.6"}}, {"type": "Feature", "geometry": {"type": "Point", "coordinates": [-57.5804673, -25.2958029]}, "properties": {"name": "", "type": "Spa_Wellness", "phone": "0981 192526", "rating": "4.7"}}, {"type": "Feature", "geometry": {"type": "Point", "coordinates": [-57.58142319999999, -25.2985311]}, "properties": {"name": "", "type": "Uñas_Nails", "phone": "0994 233552", "rating": "4.7"}}, {"type": "Feature", "geometry": {"type": "Point", "coordinates": [-57.6328649, -25.2938508]}, "properties": {"name": "", "type": "Gimnasio_Fitness", "phone": "0984 264006", "rating": "4.8"}}, {"type": "Feature", "geometry": {"type": "Point", "coordinates": [-57.6080126, -25.2875001]}, "properties": {"name": "", "type": "Spa_Wellness", "phone": "0976 207607", "rating": "5.0"}}, {"type": "Feature", "geometry": {"type": "Point", "coordinates": [-57.5914454, -25.2701254]}, "properties": {"name": "", "type": "Salon de Belleza", "phone": "0981 615601", "rating": "4.3"}}, {"type": "Feature", "geometry": {"type": "Point", "coordinates": [-57.5707506, -25.2650858]}, "properties": {"name": "", "type": "Spa_Wellness", "phone": "", "rating": "4.3"}}, {"type": "Feature", "geometry": {"type": "Point", "coordinates": [-57.59973710000001, -25.2816806]}, "properties": {"name": "", "type": "Peluqueria", "phone": "0981 333303", "rating": "4.8"}}, {"type": "Feature", "geometry": {"type": "Point", "coordinates": [-57.58307310000001, -25.2900465]}, "properties": {"name": "", "type": "Peluqueria", "phone": "0972 656656", "rating": "4.7"}}, {"type": "Feature", "geometry": {"type": "Point", "coordinates": [-57.63190789999999, -25.284535]}, "properties": {"name": "", "type": "Peluqueria", "phone": "0971 838282", "rating": "4.9"}}, {"type": "Feature", "geometry": {"type": "Point", "coordinates": [-57.5672014, -25.2832371]}, "properties": {"name": "", "type": "Peluqueria", "phone": "0981 120578", "rating": "4.5"}}, {"type": "Feature", "geometry": {"type": "Point", "coordinates": [-57.594477, -25.3287698]}, "properties": {"name": "", "type": "Salon de Belleza", "phone": "0986 243602", "rating": "4.6"}}, {"type": "Feature", "geometry": {"type": "Point", "coordinates": [-57.569156, -25.2812609]}, "properties": {"name": "", "type": "Salon de Belleza", "phone": "0991 855939", "rating": "5.0"}}, {"type": "Feature", "geometry": {"type": "Point", "coordinates": [-57.5656907, -25.2962793]}, "properties": {"name": "", "type": "Uñas_Nails", "phone": "0974 509999", "rating": "4.2"}}, {"type": "Feature", "geometry": {"type": "Point", "coordinates": [-57.5999547, -25.2879245]}, "properties": {"name": "", "type": "Spa_Wellness", "phone": "0981 673034", "rating": "4.4"}}, {"type": "Feature", "geometry": {"type": "Point", "coordinates": [-57.5786402, -25.2874744]}, "properties": {"name": "", "type": "Salon de Belleza", "phone": "0981 252511", "rating": "5.0"}}, {"type": "Feature", "geometry": {"type": "Point", "coordinates": [-57.5759961, -25.288256]}, "properties": {"name": "", "type": "Salon de Belleza", "phone": "0981 673700", "rating": "4.6"}}, {"type": "Feature", "geometry": {"type": "Point", "coordinates": [-57.5584356, -25.277858]}, "properties": {"name": "", "type": "Salon de Belleza", "phone": "0981 531909", "rating": "4.9"}}, {"type": "Feature", "geometry": {"type": "Point", "coordinates": [-57.58543689999999, -25.2957556]}, "properties": {"name": "", "type": "Uñas_Nails", "phone": "0984 972849", "rating": "4.4"}}, {"type": "Feature", "geometry": {"type": "Point", "coordinates": [-57.59901379999999, -25.274057]}, "properties": {"name": "", "type": "Salon de Belleza", "phone": "0971 668569", "rating": "4.8"}}, {"type": "Feature", "geometry": {"type": "Point", "coordinates": [-57.56652090000001, -25.2776502]}, "properties": {"name": "", "type": "Salon de Belleza", "phone": "0981 825205", "rating": "4.7"}}, {"type": "Feature", "geometry": {"type": "Point", "coordinates": [-57.63988029999999, -25.282155]}, "properties": {"name": "", "type": "Peluqueria", "phone": "0984 333414", "rating": "5.0"}}, {"type": "Feature", "geometry": {"type": "Point", "coordinates": [-57.6062412, -25.3010194]}, "properties": {"name": "", "type": "Salon de Belleza", "phone": "0981 137204", "rating": "4.9"}}, {"type": "Feature", "geometry": {"type": "Point", "coordinates": [-57.5902045, -25.3388672]}, "properties": {"name": "", "type": "Otros", "phone": "0981 681111", "rating": "4.4"}}, {"type": "Feature", "geometry": {"type": "Point", "coordinates": [-57.5504949, -25.2631443]}, "properties": {"name": "", "type": "Salon de Belleza", "phone": "", "rating": "4.9"}}, {"type": "Feature", "geometry": {"type": "Point", "coordinates": [-57.5683925, -25.2855909]}, "properties": {"name": "", "type": "Depilacion", "phone": "0981 906090", "rating": "4.0"}}, {"type": "Feature", "geometry": {"type": "Point", "coordinates": [-57.5642887, -25.2710918]}, "properties": {"name": "", "type": "Uñas_Nails", "phone": "0981 288669", "rating": "4.3"}}, {"type": "Feature", "geometry": {"type": "Point", "coordinates": [-57.5660158, -25.2731334]}, "properties": {"name": "", "type": "Peluqueria", "phone": "0981 223787", "rating": "4.5"}}, {"type": "Feature", "geometry": {"type": "Point", "coordinates": [-57.5927793, -25.3010479]}, "properties": {"name": "", "type": "Peluqueria", "phone": "0991 796301", "rating": "4.8"}}, {"type": "Feature", "geometry": {"type": "Point", "coordinates": [-57.5763541, -25.2836694]}, "properties": {"name": "", "type": "Salon de Belleza", "phone": "0981 555761", "rating": "4.9"}}, {"type": "Feature", "geometry": {"type": "Point", "coordinates": [-57.57727339999999, -25.2901933]}, "properties": {"name": "", "type": "Salon de Belleza", "phone": "0981 560959", "rating": "4.9"}}, {"type": "Feature", "geometry": {"type": "Point", "coordinates": [-57.5695273, -25.3213021]}, "properties": {"name": "", "type": "Salon de Belleza", "phone": "0984 522774", "rating": "4.8"}}, {"type": "Feature", "geometry": {"type": "Point", "coordinates": [-57.60267589999999, -25.2846333]}, "properties": {"name": "", "type": "Salon de Belleza", "phone": "0983 365437", "rating": "5.0"}}, {"type": "Feature", "geometry": {"type": "Point", "coordinates": [-57.58157469999999, -25.2985433]}, "properties": {"name": "", "type": "Salon de Belleza", "phone": "(021) 728 8000", "rating": "4.7"}}, {"type": "Feature", "geometry": {"type": "Point", "coordinates": [-57.58971629999999, -25.304923]}, "properties": {"name": "", "type": "Otros", "phone": "0994 286257", "rating": "4.1"}}, {"type": "Feature", "geometry": {"type": "Point", "coordinates": [-57.63735190000001, -25.2939201]}, "properties": {"name": "", "type": "Peluqueria", "phone": "0981 502305", "rating": "4.5"}}, {"type": "Feature", "geometry": {"type": "Point", "coordinates": [-57.57955939999999, -25.3054972]}, "properties": {"name": "", "type": "Salon de Belleza", "phone": "0974 198620", "rating": "5.0"}}, {"type": "Feature", "geometry": {"type": "Point", "coordinates": [-57.6186099, -25.2979442]}, "properties": {"name": "", "type": "Uñas_Nails", "phone": "0994 713123", "rating": "4.3"}}, {"type": "Feature", "geometry": {"type": "Point", "coordinates": [-57.57711880000001, -25.287933]}, "properties": {"name": "", "type": "Salon de Belleza", "phone": "0984 639623", "rating": "4.9"}}, {"type": "Feature", "geometry": {"type": "Point", "coordinates": [-57.5726859, -25.2727369]}, "properties": {"name": "", "type": "Spa_Wellness", "phone": "0994 946299", "rating": "5.0"}}, {"type": "Feature", "geometry": {"type": "Point", "coordinates": [-57.5646826, -25.2684782]}, "properties": {"name": "", "type": "Barberia", "phone": "0994 879222", "rating": "4.9"}}, {"type": "Feature", "geometry": {"type": "Point", "coordinates": [-57.5878874, -25.288638]}, "properties": {"name": "", "type": "Barberia", "phone": "0981 541932", "rating": "5.0"}}, {"type": "Feature", "geometry": {"type": "Point", "coordinates": [-57.55480180000001, -25.2481652]}, "properties": {"name": "", "type": "Barberia", "phone": "0992 335998", "rating": "4.9"}}, {"type": "Feature", "geometry": {"type": "Point", "coordinates": [-57.58291800000001, -25.2793614]}, "properties": {"name": "", "type": "Spa_Wellness", "phone": "0985 453025", "rating": "4.9"}}, {"type": "Feature", "geometry": {"type": "Point", "coordinates": [-57.5738497, -25.29859]}, "properties": {"name": "", "type": "Spa_Wellness", "phone": "0981 909387", "rating": "5.0"}}, {"type": "Feature", "geometry": {"type": "Point", "coordinates": [-57.5351815, -25.242736]}, "properties": {"name": "", "type": "Gimnasio_Fitness", "phone": "0972 520811", "rating": "4.7"}}, {"type": "Feature", "geometry": {"type": "Point", "coordinates": [-57.5566364, -25.2952133]}, "properties": {"name": "", "type": "Gimnasio_Fitness", "phone": "0991 936886", "rating": "5.0"}}, {"type": "Feature", "geometry": {"type": "Point", "coordinates": [-57.5701104, -25.2923413]}, "properties": {"name": "", "type": "Gimnasio_Fitness", "phone": "0994 944944", "rating": "5.0"}}, {"type": "Feature", "geometry": {"type": "Point", "coordinates": [-57.5848117, -25.2964596]}, "properties": {"name": "", "type": "Barberia", "phone": "0983 308123", "rating": "4.7"}}, {"type": "Feature", "geometry": {"type": "Point", "coordinates": [-57.62271119999999, -25.322053]}, "properties": {"name": "", "type": "Gimnasio_Fitness", "phone": "0983 840619", "rating": "5.0"}}, {"type": "Feature", "geometry": {"type": "Point", "coordinates": [-57.56329940000001, -25.2873423]}, "properties": {"name": "", "type": "Gimnasio_Fitness", "phone": "0987 318720", "rating": "4.5"}}, {"type": "Feature", "geometry": {"type": "Point", "coordinates": [-57.5857901, -25.294324]}, "properties": {"name": "", "type": "Gimnasio_Fitness", "phone": "0974 872150", "rating": "5.0"}}, {"type": "Feature", "geometry": {"type": "Point", "coordinates": [-57.6053437, -25.2781938]}, "properties": {"name": "", "type": "Gimnasio_Fitness", "phone": "", "rating": "5.0"}}, {"type": "Feature", "geometry": {"type": "Point", "coordinates": [-57.567244, -25.2773151]}, "properties": {"name": "", "type": "Gimnasio_Fitness", "phone": "0992 295889", "rating": "5.0"}}, {"type": "Feature", "geometry": {"type": "Point", "coordinates": [-57.56249959999999, -25.311212]}, "properties": {"name": "", "type": "Gimnasio_Fitness", "phone": "0982 666279", "rating": "4.9"}}, {"type": "Feature", "geometry": {"type": "Point", "coordinates": [-57.5569019, -25.3009892]}, "properties": {"name": "", "type": "Gimnasio_Fitness", "phone": "0981 253024", "rating": "4.7"}}, {"type": "Feature", "geometry": {"type": "Point", "coordinates": [-57.61787460000001, -25.2834636]}, "properties": {"name": "", "type": "Gimnasio_Fitness", "phone": "0992 298664", "rating": "5.0"}}, {"type": "Feature", "geometry": {"type": "Point", "coordinates": [-57.55643159999999, -25.3010074]}, "properties": {"name": "", "type": "Gimnasio_Fitness", "phone": "0982 505053", "rating": "5.0"}}, {"type": "Feature", "geometry": {"type": "Point", "coordinates": [-57.5510702, -25.3001323]}, "properties": {"name": "", "type": "Gimnasio_Fitness", "phone": "0994 491793", "rating": "5.0"}}, {"type": "Feature", "geometry": {"type": "Point", "coordinates": [-57.5740596, -25.3184727]}, "properties": {"name": "", "type": "Tatuajes_Piercing", "phone": "0972 500393", "rating": "5.0"}}, {"type": "Feature", "geometry": {"type": "Point", "coordinates": [-57.57198030000001, -25.268146]}, "properties": {"name": "", "type": "Gimnasio_Fitness", "phone": "0981 509342", "rating": "5.0"}}, {"type": "Feature", "geometry": {"type": "Point", "coordinates": [-57.583219, -25.2652436]}, "properties": {"name": "", "type": "Gimnasio_Fitness", "phone": "", "rating": "4.6"}}, {"type": "Feature", "geometry": {"type": "Point", "coordinates": [-57.5578818, -25.301549]}, "properties": {"name": "", "type": "Gimnasio_Fitness", "phone": "0981 643222", "rating": "4.7"}}, {"type": "Feature", "geometry": {"type": "Point", "coordinates": [-57.59979079999999, -25.2829134]}, "properties": {"name": "", "type": "Gimnasio_Fitness", "phone": "0986 180057", "rating": "5.0"}}, {"type": "Feature", "geometry": {"type": "Point", "coordinates": [-57.5674215, -25.2669611]}, "properties": {"name": "", "type": "Barberia", "phone": "0994 306016", "rating": "4.9"}}, {"type": "Feature", "geometry": {"type": "Point", "coordinates": [-57.56349830000001, -25.2848618]}, "properties": {"name": "", "type": "Gimnasio_Fitness", "phone": "0986 108875", "rating": "4.6"}}, {"type": "Feature", "geometry": {"type": "Point", "coordinates": [-57.57462939999999, -25.2916469]}, "properties": {"name": "", "type": "Gimnasio_Fitness", "phone": "0972 141444", "rating": "4.7"}}, {"type": "Feature", "geometry": {"type": "Point", "coordinates": [-57.5691828, -25.2713606]}, "properties": {"name": "", "type": "Gimnasio_Fitness", "phone": "", "rating": "5.0"}}, {"type": "Feature", "geometry": {"type": "Point", "coordinates": [-57.60238870000001, -25.2812351]}, "properties": {"name": "", "type": "Maquillaje", "phone": "0981 525734", "rating": "4.8"}}, {"type": "Feature", "geometry": {"type": "Point", "coordinates": [-57.5788932, -25.2930551]}, "properties": {"name": "", "type": "Spa_Wellness", "phone": "0976 564224", "rating": "4.8"}}, {"type": "Feature", "geometry": {"type": "Point", "coordinates": [-57.6083142, -25.3019052]}, "properties": {"name": "", "type": "Otros", "phone": "0985 134063", "rating": "4.5"}}, {"type": "Feature", "geometry": {"type": "Point", "coordinates": [-57.54001559999999, -25.3027625]}, "properties": {"name": "", "type": "Gimnasio_Fitness", "phone": "0971 376540", "rating": "4.9"}}, {"type": "Feature", "geometry": {"type": "Point", "coordinates": [-57.5678982, -25.290441]}, "properties": {"name": "", "type": "Spa_Wellness", "phone": "0981 169164", "rating": "4.7"}}, {"type": "Feature", "geometry": {"type": "Point", "coordinates": [-57.5892994, -25.2786787]}, "properties": {"name": "", "type": "Uñas_Nails", "phone": "0984 539599", "rating": "5.0"}}, {"type": "Feature", "geometry": {"type": "Point", "coordinates": [-57.6007776, -25.3000717]}, "properties": {"name": "", "type": "Peluqueria", "phone": "0981 994110", "rating": "4.4"}}, {"type": "Feature", "geometry": {"type": "Point", "coordinates": [-57.58467690000001, -25.3057738]}, "properties": {"name": "", "type": "Salon de Belleza", "phone": "", "rating": "4.4"}}, {"type": "Feature", "geometry": {"type": "Point", "coordinates": [-57.55216149999999, -25.2909394]}, "properties": {"name": "", "type": "Salon de Belleza", "phone": "0994 259297", "rating": "4.1"}}, {"type": "Feature", "geometry": {"type": "Point", "coordinates": [-57.585638, -25.3402644]}, "properties": {"name": "", "type": "Peluqueria", "phone": "0991 639615", "rating": "4.1"}}, {"type": "Feature", "geometry": {"type": "Point", "coordinates": [-57.566577, -25.2825554]}, "properties": {"name": "", "type": "Estetica_Facial", "phone": "0986 650930", "rating": "3.9"}}, {"type": "Feature", "geometry": {"type": "Point", "coordinates": [-57.57038119999999, -25.2979973]}, "properties": {"name": "", "type": "Gimnasio_Fitness", "phone": "0984 120540", "rating": "3.5"}}, {"type": "Feature", "geometry": {"type": "Point", "coordinates": [-57.5621257, -25.2317486]}, "properties": {"name": "", "type": "Peluqueria", "phone": "0981 190843", "rating": "5.0"}}, {"type": "Feature", "geometry": {"type": "Point", "coordinates": [-57.56726159999999, -25.2376103]}, "properties": {"name": "", "type": "Salon de Belleza", "phone": "0986 827777", "rating": "5.0"}}, {"type": "Feature", "geometry": {"type": "Point", "coordinates": [-57.61607040000001, -25.3019268]}, "properties": {"name": "", "type": "Gimnasio_Fitness", "phone": "0985 587371", "rating": "4.3"}}, {"type": "Feature", "geometry": {"type": "Point", "coordinates": [-57.59902330000001, -25.3223994]}, "properties": {"name": "", "type": "Salon de Belleza", "phone": "0991 652999", "rating": "5.0"}}, {"type": "Feature", "geometry": {"type": "Point", "coordinates": [-57.57623270000001, -25.3020169]}, "properties": {"name": "", "type": "Peluqueria", "phone": "0992 903078", "rating": "5.0"}}, {"type": "Feature", "geometry": {"type": "Point", "coordinates": [-57.5721151, -25.2888138]}, "properties": {"name": "", "type": "Salon de Belleza", "phone": "0971 644723", "rating": "5.0"}}, {"type": "Feature", "geometry": {"type": "Point", "coordinates": [-57.5722741, -25.2886605]}, "properties": {"name": "", "type": "Salon de Belleza", "phone": "0971 644723", "rating": "5.0"}}, {"type": "Feature", "geometry": {"type": "Point", "coordinates": [-57.5783669, -25.3079168]}, "properties": {"name": "", "type": "Peluqueria", "phone": "0974 882615", "rating": "5.0"}}, {"type": "Feature", "geometry": {"type": "Point", "coordinates": [-57.54351310000001, -25.2465607]}, "properties": {"name": "", "type": "Otros", "phone": "0971 491268", "rating": "4.4"}}, {"type": "Feature", "geometry": {"type": "Point", "coordinates": [-57.56704999999999, -25.264291]}, "properties": {"name": "", "type": "Peluqueria", "phone": "0994 144007", "rating": "5.0"}}, {"type": "Feature", "geometry": {"type": "Point", "coordinates": [-57.576002, -25.3052537]}, "properties": {"name": "", "type": "Peluqueria", "phone": "0982 333777", "rating": "4.9"}}, {"type": "Feature", "geometry": {"type": "Point", "coordinates": [-57.565673, -25.272908]}, "properties": {"name": "", "type": "Peluqueria", "phone": "(021) 609 635", "rating": "4.5"}}, {"type": "Feature", "geometry": {"type": "Point", "coordinates": [-57.5810176, -25.244991]}, "properties": {"name": "", "type": "Salon de Belleza", "phone": "0971 696154", "rating": "5.0"}}, {"type": "Feature", "geometry": {"type": "Point", "coordinates": [-57.5644955, -25.2736629]}, "properties": {"name": "", "type": "Salon de Belleza", "phone": "0983 985300", "rating": "4.9"}}, {"type": "Feature", "geometry": {"type": "Point", "coordinates": [-57.6052153, -25.2853114]}, "properties": {"name": "", "type": "Salon de Belleza", "phone": "0981 788845", "rating": "5.0"}}, {"type": "Feature", "geometry": {"type": "Point", "coordinates": [-57.5689809, -25.3233941]}, "properties": {"name": "", "type": "Peluqueria", "phone": "0972 597503", "rating": "5.0"}}, {"type": "Feature", "geometry": {"type": "Point", "coordinates": [-57.54961240000001, -25.275449]}, "properties": {"name": "", "type": "Peluqueria", "phone": "0984 458498", "rating": "5.0"}}, {"type": "Feature", "geometry": {"type": "Point", "coordinates": [-57.5868526, -25.2677114]}, "properties": {"name": "", "type": "Salon de Belleza", "phone": "0993 575500", "rating": "5.0"}}, {"type": "Feature", "geometry": {"type": "Point", "coordinates": [-57.6091077, -25.3017131]}, "properties": {"name": "", "type": "Salon de Belleza", "phone": "0971 929800", "rating": "5.0"}}, {"type": "Feature", "geometry": {"type": "Point", "coordinates": [-57.57072999999999, -25.2668623]}, "properties": {"name": "", "type": "Salon de Belleza", "phone": "", "rating": "5.0"}}, {"type": "Feature", "geometry": {"type": "Point", "coordinates": [-57.65369, -25.285032]}, "properties": {"name": "", "type": "Salon de Belleza", "phone": "0981 732196", "rating": "4.8"}}, {"type": "Feature", "geometry": {"type": "Point", "coordinates": [-57.60623709999999, -25.3299209]}, "properties": {"name": "", "type": "Uñas_Nails", "phone": "0991 594455", "rating": "5.0"}}, {"type": "Feature", "geometry": {"type": "Point", "coordinates": [-57.55500900000001, -25.2310992]}, "properties": {"name": "", "type": "Otros", "phone": "", "rating": "5.0"}}, {"type": "Feature", "geometry": {"type": "Point", "coordinates": [-57.638913, -25.2911976]}, "properties": {"name": "", "type": "Spa_Wellness", "phone": "0974 500654", "rating": "5.0"}}, {"type": "Feature", "geometry": {"type": "Point", "coordinates": [-57.5881018, -25.3135169]}, "properties": {"name": "", "type": "Spa_Wellness", "phone": "(021) 615 951", "rating": "4.8"}}, {"type": "Feature", "geometry": {"type": "Point", "coordinates": [-57.6111096, -25.3157446]}, "properties": {"name": "", "type": "Maquillaje", "phone": "0983 111951", "rating": "5.0"}}, {"type": "Feature", "geometry": {"type": "Point", "coordinates": [-57.61364649999999, -25.3108643]}, "properties": {"name": "", "type": "Barberia", "phone": "", "rating": "5.0"}}, {"type": "Feature", "geometry": {"type": "Point", "coordinates": [-57.59606719999999, -25.2651484]}, "properties": {"name": "", "type": "Barberia", "phone": "0981 539166", "rating": "5.0"}}, {"type": "Feature", "geometry": {"type": "Point", "coordinates": [-57.5854324, -25.2862154]}, "properties": {"name": "", "type": "Spa_Wellness", "phone": "0981 934007", "rating": "5.0"}}, {"type": "Feature", "geometry": {"type": "Point", "coordinates": [-57.5616624, -25.2823882]}, "properties": {"name": "", "type": "Otros", "phone": "0984 444900", "rating": "5.0"}}, {"type": "Feature", "geometry": {"type": "Point", "coordinates": [-57.6348447, -25.2840714]}, "properties": {"name": "", "type": "Otros", "phone": "0972 452099", "rating": "4.5"}}, {"type": "Feature", "geometry": {"type": "Point", "coordinates": [-57.5932913, -25.3123253]}, "properties": {"name": "", "type": "Otros", "phone": "0976 567568", "rating": "5.0"}}, {"type": "Feature", "geometry": {"type": "Point", "coordinates": [-57.6498605, -25.2908015]}, "properties": {"name": "", "type": "Uñas_Nails", "phone": "0981 775367", "rating": "4.8"}}, {"type": "Feature", "geometry": {"type": "Point", "coordinates": [-57.57019939999999, -25.2921293]}, "properties": {"name": "", "type": "Gimnasio_Fitness", "phone": "0973 203323", "rating": "5.0"}}, {"type": "Feature", "geometry": {"type": "Point", "coordinates": [-57.55877219999999, -25.2817187]}, "properties": {"name": "", "type": "Gimnasio_Fitness", "phone": "0992 209121", "rating": "5.0"}}, {"type": "Feature", "geometry": {"type": "Point", "coordinates": [-57.5942212, -25.268958]}, "properties": {"name": "", "type": "Gimnasio_Fitness", "phone": "(021) 213 115", "rating": "4.8"}}, {"type": "Feature", "geometry": {"type": "Point", "coordinates": [-57.62197070000001, -25.2929281]}, "properties": {"name": "", "type": "Otros", "phone": "0986 823080", "rating": "4.6"}}, {"type": "Feature", "geometry": {"type": "Point", "coordinates": [-57.61181509999999, -25.314592]}, "properties": {"name": "", "type": "Barberia", "phone": "0984 928214", "rating": "5.0"}}, {"type": "Feature", "geometry": {"type": "Point", "coordinates": [-57.6177475, -25.3015973]}, "properties": {"name": "", "type": "Barberia", "phone": "0971 231969", "rating": "5.0"}}, {"type": "Feature", "geometry": {"type": "Point", "coordinates": [-57.6352003, -25.2839699]}, "properties": {"name": "", "type": "Otros", "phone": "(021) 452 099", "rating": "4.6"}}, {"type": "Feature", "geometry": {"type": "Point", "coordinates": [-57.56570379999999, -25.2816572]}, "properties": {"name": "", "type": "Estetica_Facial", "phone": "0982 465060", "rating": "5.0"}}, {"type": "Feature", "geometry": {"type": "Point", "coordinates": [-57.60241469999999, -25.2833768]}, "properties": {"name": "", "type": "Gimnasio_Fitness", "phone": "0991 602073", "rating": "5.0"}}, {"type": "Feature", "geometry": {"type": "Point", "coordinates": [-57.57824540000001, -25.2822438]}, "properties": {"name": "", "type": "Gimnasio_Fitness", "phone": "0991 970900", "rating": "5.0"}}, {"type": "Feature", "geometry": {"type": "Point", "coordinates": [-57.5808311, -25.2843248]}, "properties": {"name": "", "type": "Gimnasio_Fitness", "phone": "0982 220364", "rating": "4.8"}}, {"type": "Feature", "geometry": {"type": "Point", "coordinates": [-57.6279573, -25.3171228]}, "properties": {"name": "", "type": "Gimnasio_Fitness", "phone": "0982 919836", "rating": "5.0"}}, {"type": "Feature", "geometry": {"type": "Point", "coordinates": [-57.571696, -25.2798964]}, "properties": {"name": "", "type": "Otros", "phone": "(021) 664 424", "rating": "5.0"}}, {"type": "Feature", "geometry": {"type": "Point", "coordinates": [-57.567501, -25.2904401]}, "properties": {"name": "", "type": "Tatuajes_Piercing", "phone": "0981 556506", "rating": "4.7"}}, {"type": "Feature", "geometry": {"type": "Point", "coordinates": [-57.6447395, -25.298935]}, "properties": {"name": "", "type": "Tatuajes_Piercing", "phone": "0961 816106", "rating": "5.0"}}, {"type": "Feature", "geometry": {"type": "Point", "coordinates": [-57.552426, -25.2445596]}, "properties": {"name": "", "type": "Tatuajes_Piercing", "phone": "0986 517485", "rating": "5.0"}}, {"type": "Feature", "geometry": {"type": "Point", "coordinates": [-57.6140008, -25.2976984]}, "properties": {"name": "", "type": "Uñas_Nails", "phone": "0982 298145", "rating": "5.0"}}, {"type": "Feature", "geometry": {"type": "Point", "coordinates": [-57.5616826, -25.266999]}, "properties": {"name": "", "type": "Uñas_Nails", "phone": "0981 715140", "rating": "4.5"}}, {"type": "Feature", "geometry": {"type": "Point", "coordinates": [-57.6443969, -25.2802603]}, "properties": {"name": "", "type": "Uñas_Nails", "phone": "0981 500316", "rating": "5.0"}}, {"type": "Feature", "geometry": {"type": "Point", "coordinates": [-57.61371940000001, -25.309046]}, "properties": {"name": "", "type": "Otros", "phone": "0976 382555", "rating": "5.0"}}, {"type": "Feature", "geometry": {"type": "Point", "coordinates": [-57.5629643, -25.2888742]}, "properties": {"name": "", "type": "Spa_Wellness", "phone": "0982 157000", "rating": "4.5"}}, {"type": "Feature", "geometry": {"type": "Point", "coordinates": [-57.6378224, -25.2841327]}, "properties": {"name": "", "type": "Salon de Belleza", "phone": "(021) 496 591", "rating": "4.3"}}, {"type": "Feature", "geometry": {"type": "Point", "coordinates": [-57.58281179999999, -25.2853442]}, "properties": {"name": "", "type": "Salon de Belleza", "phone": "0981 438939", "rating": "4.3"}}, {"type": "Feature", "geometry": {"type": "Point", "coordinates": [-57.5978927, -25.2910004]}, "properties": {"name": "", "type": "Otros", "phone": "0971 892298", "rating": "3.9"}}, {"type": "Feature", "geometry": {"type": "Point", "coordinates": [-57.5736731, -25.2676477]}, "properties": {"name": "", "type": "Gimnasio_Fitness", "phone": "0981 174460", "rating": "3.5"}}, {"type": "Feature", "geometry": {"type": "Point", "coordinates": [-57.57053089999999, -25.2830348]}, "properties": {"name": "", "type": "Salon de Belleza", "phone": "0983 139599", "rating": "4.8"}}, {"type": "Feature", "geometry": {"type": "Point", "coordinates": [-57.66192919999999, -25.2896525]}, "properties": {"name": "", "type": "Peluqueria", "phone": "", "rating": "4.5"}}, {"type": "Feature", "geometry": {"type": "Point", "coordinates": [-57.5684651, -25.2970519]}, "properties": {"name": "", "type": "Peluqueria", "phone": "", "rating": "5.0"}}, {"type": "Feature", "geometry": {"type": "Point", "coordinates": [-57.57999219999999, -25.2952282]}, "properties": {"name": "", "type": "Peluqueria", "phone": "0982 220991", "rating": "4.9"}}, {"type": "Feature", "geometry": {"type": "Point", "coordinates": [-57.64846540000001, -25.2857027]}, "properties": {"name": "", "type": "Salon de Belleza", "phone": "(021) 421 947", "rating": "4.8"}}, {"type": "Feature", "geometry": {"type": "Point", "coordinates": [-57.58328789999999, -25.2962626]}, "properties": {"name": "", "type": "Salon de Belleza", "phone": "0982 127134", "rating": "4.6"}}, {"type": "Feature", "geometry": {"type": "Point", "coordinates": [-57.5635636, -25.2900439]}, "properties": {"name": "", "type": "Otros", "phone": "0972 504405", "rating": "4.1"}}, {"type": "Feature", "geometry": {"type": "Point", "coordinates": [-57.61814099999999, -25.3161964]}, "properties": {"name": "", "type": "Salon de Belleza", "phone": "0986 552573", "rating": "4.9"}}, {"type": "Feature", "geometry": {"type": "Point", "coordinates": [-57.6173469, -25.2870631]}, "properties": {"name": "", "type": "Peluqueria", "phone": "0971 795000", "rating": "4.8"}}, {"type": "Feature", "geometry": {"type": "Point", "coordinates": [-57.5972728, -25.3021313]}, "properties": {"name": "", "type": "Otros", "phone": "0986 318186", "rating": "4.3"}}, {"type": "Feature", "geometry": {"type": "Point", "coordinates": [-57.58511739999999, -25.2704023]}, "properties": {"name": "", "type": "Barberia", "phone": "0991 982341", "rating": "4.2"}}, {"type": "Feature", "geometry": {"type": "Point", "coordinates": [-57.57386389999999, -25.2921004]}, "properties": {"name": "", "type": "Gimnasio_Fitness", "phone": "0972 141444", "rating": "4.3"}}, {"type": "Feature", "geometry": {"type": "Point", "coordinates": [-57.5656565, -25.2836801]}, "properties": {"name": "", "type": "Gimnasio_Fitness", "phone": "", "rating": "4.4"}}, {"type": "Feature", "geometry": {"type": "Point", "coordinates": [-57.5871441, -25.2703419]}, "properties": {"name": "", "type": "Peluqueria", "phone": "0984 365305", "rating": "5.0"}}, {"type": "Feature", "geometry": {"type": "Point", "coordinates": [-57.56506869999999, -25.2925501]}, "properties": {"name": "", "type": "Salon de Belleza", "phone": "0991 802076", "rating": "4.8"}}, {"type": "Feature", "geometry": {"type": "Point", "coordinates": [-57.56737349999999, -25.2669762]}, "properties": {"name": "", "type": "Salon de Belleza", "phone": "0982 608068", "rating": "5.0"}}, {"type": "Feature", "geometry": {"type": "Point", "coordinates": [-57.5673304, -25.2757808]}, "properties": {"name": "", "type": "Salon de Belleza", "phone": "0982 446044", "rating": "4.5"}}, {"type": "Feature", "geometry": {"type": "Point", "coordinates": [-57.57941940000001, -25.2524947]}, "properties": {"name": "", "type": "Spa_Wellness", "phone": "0983 499418", "rating": "5.0"}}, {"type": "Feature", "geometry": {"type": "Point", "coordinates": [-57.60720579999999, -25.276918]}, "properties": {"name": "", "type": "Estetica_Facial", "phone": "0971 264525", "rating": "5.0"}}, {"type": "Feature", "geometry": {"type": "Point", "coordinates": [-57.56886710000001, -25.3079373]}, "properties": {"name": "", "type": "Maquillaje", "phone": "0984 214208", "rating": "4.8"}}, {"type": "Feature", "geometry": {"type": "Point", "coordinates": [-57.6354965, -25.2815277]}, "properties": {"name": "", "type": "Pestañas_Cejas", "phone": "(021) 728 8000", "rating": "4.7"}}, {"type": "Feature", "geometry": {"type": "Point", "coordinates": [-57.60541009999999, -25.305164]}, "properties": {"name": "", "type": "Estetica_Facial", "phone": "0985 380756", "rating": "5.0"}}, {"type": "Feature", "geometry": {"type": "Point", "coordinates": [-57.5975547, -25.3217018]}, "properties": {"name": "", "type": "Gimnasio_Fitness", "phone": "", "rating": "4.5"}}, {"type": "Feature", "geometry": {"type": "Point", "coordinates": [-57.59853889999999, -25.3108381]}, "properties": {"name": "", "type": "Otros", "phone": "0971 622111", "rating": "5.0"}}, {"type": "Feature", "geometry": {"type": "Point", "coordinates": [-57.6020127, -25.323398]}, "properties": {"name": "", "type": "Uñas_Nails", "phone": "0987 208271", "rating": "5.0"}}, {"type": "Feature", "geometry": {"type": "Point", "coordinates": [-57.5779892, -25.2914932]}, "properties": {"name": "", "type": "Tatuajes_Piercing", "phone": "0982 285552", "rating": "5.0"}}, {"type": "Feature", "geometry": {"type": "Point", "coordinates": [-57.5727096, -25.2734317]}, "properties": {"name": "", "type": "Otros", "phone": "0984 197669", "rating": "5.0"}}, {"type": "Feature", "geometry": {"type": "Point", "coordinates": [-57.5653131, -25.2769434]}, "properties": {"name": "", "type": "Otros", "phone": "0981 242440", "rating": "5.0"}}, {"type": "Feature", "geometry": {"type": "Point", "coordinates": [-57.59768589999999, -25.3118125]}, "properties": {"name": "", "type": "Spa_Wellness", "phone": "0984 434449", "rating": "5.0"}}, {"type": "Feature", "geometry": {"type": "Point", "coordinates": [-57.5974726, -25.322069]}, "properties": {"name": "", "type": "Gimnasio_Fitness", "phone": "0986 445617", "rating": "4.7"}}, {"type": "Feature", "geometry": {"type": "Point", "coordinates": [-57.63386849999999, -25.2829097]}, "properties": {"name": "", "type": "Tatuajes_Piercing", "phone": "0994 202024", "rating": "5.0"}}, {"type": "Feature", "geometry": {"type": "Point", "coordinates": [-57.59634200000001, -25.2829723]}, "properties": {"name": "", "type": "Gimnasio_Fitness", "phone": "0981 492424", "rating": "5.0"}}, {"type": "Feature", "geometry": {"type": "Point", "coordinates": [-57.59529670000001, -25.3281003]}, "properties": {"name": "", "type": "Uñas_Nails", "phone": "0961 536767", "rating": "4.9"}}, {"type": "Feature", "geometry": {"type": "Point", "coordinates": [-57.590395, -25.26084]}, "properties": {"name": "", "type": "Gimnasio_Fitness", "phone": "", "rating": "5.0"}}, {"type": "Feature", "geometry": {"type": "Point", "coordinates": [-57.60156629999999, -25.280508]}, "properties": {"name": "", "type": "Gimnasio_Fitness", "phone": "", "rating": "5.0"}}, {"type": "Feature", "geometry": {"type": "Point", "coordinates": [-57.5667916, -25.3056462]}, "properties": {"name": "", "type": "Otros", "phone": "0971 227062", "rating": "5.0"}}, {"type": "Feature", "geometry": {"type": "Point", "coordinates": [-57.5772415, -25.2553273]}, "properties": {"name": "", "type": "Gimnasio_Fitness", "phone": "0994 650322", "rating": "5.0"}}, {"type": "Feature", "geometry": {"type": "Point", "coordinates": [-57.57397219999999, -25.2668889]}, "properties": {"name": "", "type": "Gimnasio_Fitness", "phone": "", "rating": "5.0"}}, {"type": "Feature", "geometry": {"type": "Point", "coordinates": [-57.55405219999999, -25.2502231]}, "properties": {"name": "", "type": "Uñas_Nails", "phone": "0992 338628", "rating": "4.9"}}, {"type": "Feature", "geometry": {"type": "Point", "coordinates": [-57.57960079999999, -25.2900532]}, "properties": {"name": "", "type": "Spa_Wellness", "phone": "", "rating": "5.0"}}, {"type": "Feature", "geometry": {"type": "Point", "coordinates": [-57.5465611, -25.299627]}, "properties": {"name": "", "type": "Barberia", "phone": "0991 625203", "rating": "4.8"}}, {"type": "Feature", "geometry": {"type": "Point", "coordinates": [-57.5780041, -25.287667]}, "properties": {"name": "", "type": "Tatuajes_Piercing", "phone": "0986 108144", "rating": "4.7"}}, {"type": "Feature", "geometry": {"type": "Point", "coordinates": [-57.58064830000001, -25.2951108]}, "properties": {"name": "", "type": "Peluqueria", "phone": "0981 822928", "rating": "4.0"}}, {"type": "Feature", "geometry": {"type": "Point", "coordinates": [-57.5782509, -25.2932895]}, "properties": {"name": "", "type": "Salon de Belleza", "phone": "0986 610300", "rating": "4.3"}}, {"type": "Feature", "geometry": {"type": "Point", "coordinates": [-57.57180719999999, -25.2660537]}, "properties": {"name": "", "type": "Gimnasio_Fitness", "phone": "0983 101013", "rating": "3.7"}}, {"type": "Feature", "geometry": {"type": "Point", "coordinates": [-57.57215069999999, -25.2704166]}, "properties": {"name": "", "type": "Otros", "phone": "0985 135222", "rating": "3.7"}}, {"type": "Feature", "geometry": {"type": "Point", "coordinates": [-57.62795499999999, -25.2950354]}, "properties": {"name": "", "type": "Otros", "phone": "(021) 248 0000", "rating": "4.3"}}, {"type": "Feature", "geometry": {"type": "Point", "coordinates": [-57.56234199999999, -25.2810605]}, "properties": {"name": "", "type": "Otros", "phone": "0983 846906", "rating": "4.4"}}, {"type": "Feature", "geometry": {"type": "Point", "coordinates": [-57.54784350000001, -25.2436565]}, "properties": {"name": "", "type": "Salon de Belleza", "phone": "0991 429473", "rating": "5.0"}}, {"type": "Feature", "geometry": {"type": "Point", "coordinates": [-57.5762453, -25.2549546]}, "properties": {"name": "", "type": "Spa_Wellness", "phone": "0986 855888", "rating": "0.0"}}, {"type": "Feature", "geometry": {"type": "Point", "coordinates": [-57.5743704, -25.2816625]}, "properties": {"name": "", "type": "Depilacion", "phone": "0983 118888", "rating": "4.9"}}, {"type": "Feature", "geometry": {"type": "Point", "coordinates": [-57.55363860000001, -25.2992706]}, "properties": {"name": "", "type": "Maquillaje", "phone": "0984 111107", "rating": "5.0"}}, {"type": "Feature", "geometry": {"type": "Point", "coordinates": [-57.6007853, -25.306883]}, "properties": {"name": "", "type": "Spa_Wellness", "phone": "0981 494027", "rating": "4.5"}}, {"type": "Feature", "geometry": {"type": "Point", "coordinates": [-57.543803, -25.2876977]}, "properties": {"name": "", "type": "Barberia", "phone": "0984 909422", "rating": "4.7"}}, {"type": "Feature", "geometry": {"type": "Point", "coordinates": [-57.3428, -25.4003917]}, "properties": {"name": "", "type": "Barberia", "phone": "", "rating": "5.0"}}, {"type": "Feature", "geometry": {"type": "Point", "coordinates": [-57.58931450000001, -25.3053483]}, "properties": {"name": "", "type": "Gimnasio_Fitness", "phone": "0986 347933", "rating": "0.0"}}, {"type": "Feature", "geometry": {"type": "Point", "coordinates": [-57.5735593, -25.2863659]}, "properties": {"name": "", "type": "Spa_Wellness", "phone": "0981 452622", "rating": "4.5"}}, {"type": "Feature", "geometry": {"type": "Point", "coordinates": [-57.5933545, -25.3125601]}, "properties": {"name": "", "type": "Spa_Wellness", "phone": "0984 396990", "rating": "0.0"}}, {"type": "Feature", "geometry": {"type": "Point", "coordinates": [-57.5855541, -25.3292731]}, "properties": {"name": "", "type": "Tatuajes_Piercing", "phone": "", "rating": "4.6"}}, {"type": "Feature", "geometry": {"type": "Point", "coordinates": [-57.57566070000001, -25.2982921]}, "properties": {"name": "", "type": "Gimnasio_Fitness", "phone": "(021) 614 872", "rating": "4.7"}}, {"type": "Feature", "geometry": {"type": "Point", "coordinates": [-57.565192, -25.266187]}, "properties": {"name": "", "type": "Uñas_Nails", "phone": "0971 111636", "rating": "5.0"}}, {"type": "Feature", "geometry": {"type": "Point", "coordinates": [-57.58410719999999, -25.3026371]}, "properties": {"name": "", "type": "Spa_Wellness", "phone": "", "rating": "4.7"}}, {"type": "Feature", "geometry": {"type": "Point", "coordinates": [-57.57104469999999, -25.3000439]}, "properties": {"name": "", "type": "Otros", "phone": "(021) 610 945", "rating": "4.8"}}, {"type": "Feature", "geometry": {"type": "Point", "coordinates": [-57.59024, -25.2825504]}, "properties": {"name": "", "type": "Otros", "phone": "0994 400230", "rating": "4.9"}}, {"type": "Feature", "geometry": {"type": "Point", "coordinates": [-57.57637820000001, -25.3019008]}, "properties": {"name": "", "type": "Otros", "phone": "0991 719767", "rating": "5.0"}}, {"type": "Feature", "geometry": {"type": "Point", "coordinates": [-57.59551620000001, -25.2870044]}, "properties": {"name": "", "type": "Spa_Wellness", "phone": "0984 309937", "rating": "5.0"}}, {"type": "Feature", "geometry": {"type": "Point", "coordinates": [-57.5460946, -25.2769458]}, "properties": {"name": "", "type": "Gimnasio_Fitness", "phone": "0972 858670", "rating": "4.6"}}, {"type": "Feature", "geometry": {"type": "Point", "coordinates": [-57.5751778, -25.2709665]}, "properties": {"name": "", "type": "Gimnasio_Fitness", "phone": "0971 974141", "rating": "0.0"}}, {"type": "Feature", "geometry": {"type": "Point", "coordinates": [-57.59696549999999, -25.3118634]}, "properties": {"name": "", "type": "Gimnasio_Fitness", "phone": "0984 319545", "rating": "0.0"}}, {"type": "Feature", "geometry": {"type": "Point", "coordinates": [-57.6006806, -25.3230359]}, "properties": {"name": "", "type": "Gimnasio_Fitness", "phone": "0971 633117", "rating": "0.0"}}, {"type": "Feature", "geometry": {"type": "Point", "coordinates": [-57.61438939999999, -25.29836]}, "properties": {"name": "", "type": "Tatuajes_Piercing", "phone": "0981 769658", "rating": "5.0"}}, {"type": "Feature", "geometry": {"type": "Point", "coordinates": [-57.5857492, -25.2542287]}, "properties": {"name": "", "type": "Uñas_Nails", "phone": "0992 912657", "rating": "3.7"}}, {"type": "Feature", "geometry": {"type": "Point", "coordinates": [-57.5712145, -25.2996031]}, "properties": {"name": "", "type": "Otros", "phone": "(021) 604 537", "rating": "3.7"}}, {"type": "Feature", "geometry": {"type": "Point", "coordinates": [-57.5774045, -25.2702608]}, "properties": {"name": "", "type": "Peluqueria", "phone": "0991 489796", "rating": "0.0"}}, {"type": "Feature", "geometry": {"type": "Point", "coordinates": [-57.5603373, -25.2937821]}, "properties": {"name": "", "type": "Salon de Belleza", "phone": "0971 201303", "rating": "0.0"}}, {"type": "Feature", "geometry": {"type": "Point", "coordinates": [-57.61977139999999, -25.3167863]}, "properties": {"name": "", "type": "Salon de Belleza", "phone": "0986 243602", "rating": "0.0"}}, {"type": "Feature", "geometry": {"type": "Point", "coordinates": [-57.5657876, -25.2727716]}, "properties": {"name": "", "type": "Peluqueria", "phone": "0981 704966", "rating": "0.0"}}, {"type": "Feature", "geometry": {"type": "Point", "coordinates": [-57.5792502, -25.28839]}, "properties": {"name": "", "type": "Salon de Belleza", "phone": "0984 731000", "rating": "5.0"}}, {"type": "Feature", "geometry": {"type": "Point", "coordinates": [-57.63793380000001, -25.2870933]}, "properties": {"name": "", "type": "Spa_Wellness", "phone": "0984 400228", "rating": "4.2"}}, {"type": "Feature", "geometry": {"type": "Point", "coordinates": [-57.60042569999999, -25.2793693]}, "properties": {"name": "", "type": "Salon de Belleza", "phone": "0974 455435", "rating": "5.0"}}, {"type": "Feature", "geometry": {"type": "Point", "coordinates": [-57.5449608, -25.2525959]}, "properties": {"name": "", "type": "Peluqueria", "phone": "0971 127433", "rating": "0.0"}}, {"type": "Feature", "geometry": {"type": "Point", "coordinates": [-57.6377778, -25.29]}, "properties": {"name": "", "type": "Otros", "phone": "(021) 494 411", "rating": "4.2"}}, {"type": "Feature", "geometry": {"type": "Point", "coordinates": [-57.6052719, -25.2977519]}, "properties": {"name": "", "type": "Uñas_Nails", "phone": "0983 189005", "rating": "5.0"}}, {"type": "Feature", "geometry": {"type": "Point", "coordinates": [-57.5755564, -25.2872556]}, "properties": {"name": "", "type": "Tatuajes_Piercing", "phone": "0976 408281", "rating": "3.0"}}, {"type": "Feature", "geometry": {"type": "Point", "coordinates": [-57.54149949999999, -25.2233354]}, "properties": {"name": "", "type": "Tatuajes_Piercing", "phone": "0983 683372", "rating": "5.0"}}, {"type": "Feature", "geometry": {"type": "Point", "coordinates": [-57.5851854, -25.2973905]}, "properties": {"name": "", "type": "Tatuajes_Piercing", "phone": "0984 240800", "rating": "5.0"}}, {"type": "Feature", "geometry": {"type": "Point", "coordinates": [-57.5687265, -25.3000672]}, "properties": {"name": "", "type": "Otros", "phone": "", "rating": "4.6"}}, {"type": "Feature", "geometry": {"type": "Point", "coordinates": [-57.602567, -25.281397]}, "properties": {"name": "", "type": "Gimnasio_Fitness", "phone": "0981 202699", "rating": "4.5"}}, {"type": "Feature", "geometry": {"type": "Point", "coordinates": [-57.6192204, -25.3122183]}, "properties": {"name": "", "type": "Tatuajes_Piercing", "phone": "0981 502520", "rating": "5.0"}}, {"type": "Feature", "geometry": {"type": "Point", "coordinates": [-57.57670499999999, -25.2876804]}, "properties": {"name": "", "type": "Gimnasio_Fitness", "phone": "0981 981570", "rating": "5.0"}}, {"type": "Feature", "geometry": {"type": "Point", "coordinates": [-57.58695229999999, -25.2992325]}, "properties": {"name": "", "type": "Tatuajes_Piercing", "phone": "0973 593200", "rating": "5.0"}}, {"type": "Feature", "geometry": {"type": "Point", "coordinates": [-57.6356946, -25.2830273]}, "properties": {"name": "", "type": "Tatuajes_Piercing", "phone": "", "rating": "5.0"}}, {"type": "Feature", "geometry": {"type": "Point", "coordinates": [-57.58034519999999, -25.2941859]}, "properties": {"name": "", "type": "Maquillaje", "phone": "0986 777871", "rating": "4.7"}}, {"type": "Feature", "geometry": {"type": "Point", "coordinates": [-57.53821749999999, -25.2491422]}, "properties": {"name": "", "type": "Estetica_Facial", "phone": "0972 416700", "rating": "5.0"}}, {"type": "Feature", "geometry": {"type": "Point", "coordinates": [-57.5954284, -25.2865581]}, "properties": {"name": "", "type": "Spa_Wellness", "phone": "0972 704040", "rating": "3.8"}}, {"type": "Feature", "geometry": {"type": "Point", "coordinates": [-57.54038029999999, -25.2395796]}, "properties": {"name": "", "type": "Otros", "phone": "0984 828464", "rating": "4.0"}}, {"type": "Feature", "geometry": {"type": "Point", "coordinates": [-57.5649745, -25.2696473]}, "properties": {"name": "", "type": "Salon de Belleza", "phone": "0971 614156", "rating": "5.0"}}, {"type": "Feature", "geometry": {"type": "Point", "coordinates": [-57.5627022, -25.2809746]}, "properties": {"name": "", "type": "Peluqueria", "phone": "0994 744321", "rating": "4.8"}}, {"type": "Feature", "geometry": {"type": "Point", "coordinates": [-57.5804135, -25.2827975]}, "properties": {"name": "", "type": "Spa_Wellness", "phone": "0984 900376", "rating": "4.0"}}, {"type": "Feature", "geometry": {"type": "Point", "coordinates": [-57.5718077, -25.2933511]}, "properties": {"name": "", "type": "Gimnasio_Fitness", "phone": "0991 637040", "rating": "4.0"}}, {"type": "Feature", "geometry": {"type": "Point", "coordinates": [-57.5980555, -25.3003515]}, "properties": {"name": "", "type": "Salon de Belleza", "phone": "0983 380878", "rating": "5.0"}}, {"type": "Feature", "geometry": {"type": "Point", "coordinates": [-57.55345729999999, -25.2562575]}, "properties": {"name": "", "type": "Salon de Belleza", "phone": "0982 560660", "rating": "4.9"}}, {"type": "Feature", "geometry": {"type": "Point", "coordinates": [-57.57471579999999, -25.2844215]}, "properties": {"name": "", "type": "Salon de Belleza", "phone": "0993 583959", "rating": "4.9"}}, {"type": "Feature", "geometry": {"type": "Point", "coordinates": [-57.5526211, -25.2425932]}, "properties": {"name": "", "type": "Otros", "phone": "", "rating": "5.0"}}, {"type": "Feature", "geometry": {"type": "Point", "coordinates": [-57.58073219999999, -25.294263]}, "properties": {"name": "", "type": "Otros", "phone": "0993 575140", "rating": "4.7"}}, {"type": "Feature", "geometry": {"type": "Point", "coordinates": [-57.59208899999999, -25.3124037]}, "properties": {"name": "", "type": "Otros", "phone": "0972 499040", "rating": "5.0"}}, {"type": "Feature", "geometry": {"type": "Point", "coordinates": [-57.5687902, -25.2998059]}, "properties": {"name": "", "type": "Barberia", "phone": "", "rating": "5.0"}}, {"type": "Feature", "geometry": {"type": "Point", "coordinates": [-57.58863829999999, -25.3066978]}, "properties": {"name": "", "type": "Otros", "phone": "", "rating": "4.7"}}, {"type": "Feature", "geometry": {"type": "Point", "coordinates": [-57.57069620000001, -25.304017]}, "properties": {"name": "", "type": "Gimnasio_Fitness", "phone": "0994 458368", "rating": "5.0"}}, {"type": "Feature", "geometry": {"type": "Point", "coordinates": [-57.6198675, -25.3173871]}, "properties": {"name": "", "type": "Pestañas_Cejas", "phone": "(021) 728 8000", "rating": "4.9"}}, {"type": "Feature", "geometry": {"type": "Point", "coordinates": [-57.6376235, -25.2961139]}, "properties": {"name": "", "type": "Otros", "phone": "", "rating": "4.8"}}, {"type": "Feature", "geometry": {"type": "Point", "coordinates": [-57.57751349999999, -25.2908763]}, "properties": {"name": "", "type": "Otros", "phone": "0984 396990", "rating": "0.0"}}, {"type": "Feature", "geometry": {"type": "Point", "coordinates": [-57.6159308, -25.2935498]}, "properties": {"name": "", "type": "Otros", "phone": "0972 122099", "rating": "4.6"}}, {"type": "Feature", "geometry": {"type": "Point", "coordinates": [-57.5815189, -25.3060966]}, "properties": {"name": "", "type": "Maquillaje", "phone": "0986 750019", "rating": "4.9"}}, {"type": "Feature", "geometry": {"type": "Point", "coordinates": [-57.56211589999999, -25.2967868]}, "properties": {"name": "", "type": "Spa_Wellness", "phone": "0974 271270", "rating": "5.0"}}, {"type": "Feature", "geometry": {"type": "Point", "coordinates": [-57.5842062, -25.3058823]}, "properties": {"name": "", "type": "Otros", "phone": "0986 333394", "rating": "4.9"}}, {"type": "Feature", "geometry": {"type": "Point", "coordinates": [-57.57553759999999, -25.2983097]}, "properties": {"name": "", "type": "Otros", "phone": "0991 228140", "rating": "4.9"}}]}