{"type": "FeatureCollection", "features": [{"type": "Feature", "geometry": {"type": "Point", "coordinates": [-57.5802543, -25.2845278]}, "properties": {"name": "The American School of Asuncion", "type": "establishment", "address": "Augusto Roa Bastos Esquina, Asunción 1760, Paraguay", "city": "Asunción", "phone": "(021) 236 4000", "rating": 0.0, "reviews": 0}}, {"type": "Feature", "geometry": {"type": "Point", "coordinates": [-57.5548595, -25.259923]}, "properties": {"name": "St. Anne's School / Colegio Santa Anna", "type": "establishment", "address": "PCRW+23J, Manuel P Gonzalez, Asunción 001522, Paraguay", "city": "Asunción", "phone": "(021) 295 649", "rating": 0.0, "reviews": 0}}, {"type": "Feature", "geometry": {"type": "Point", "coordinates": [-57.58253329999999, -25.2573843]}, "properties": {"name": "Colegio Técnico Cerro Corá", "type": "establishment", "address": "PCV8+2XW, Avenida, Asunción 001519, Paraguay", "city": "Asunción", "phone": "(021) 282 170", "rating": 4.4, "reviews": 25}}, {"type": "Feature", "geometry": {"type": "Point", "coordinates": [-57.58664100000001, -25.2787466]}, "properties": {"name": "Asunción Christian Academy", "type": "establishment", "address": "Santisimo Sacramento 1181, Asunción 001534, Paraguay", "city": "Asunción", "phone": "(021) 338 1009", "rating": 4.4, "reviews": 25}}, {"type": "Feature", "geometry": {"type": "Point", "coordinates": [-57.57130900000001, -25.300953]}, "properties": {"name": "Colegio Técnico Nacional de Asunción", "type": "establishment", "address": "R.I. 3 Corrales c/ Dr. Hassler, Campos Cervera, Asunción 001416, Paraguay", "city": "Asunción", "phone": "(021) 608 663", "rating": 4.7, "reviews": 338}}, {"type": "Feature", "geometry": {"type": "Point", "coordinates": [-57.53225279999999, -25.3180198]}, "properties": {"name": "Colegio de la Asunción", "type": "establishment", "address": "MFJ9+Q3X, Fernando de la Mora 110310, Paraguay", "city": "Fernando de la Mora", "phone": "(021) 680 913", "rating": 4.7, "reviews": 124}}, {"type": "Feature", "geometry": {"type": "Point", "coordinates": [-57.5561818, -25.2834081]}, "properties": {"name": "Colegio Goethe", "type": "establishment", "address": "esquina, Cnel. Alejo Silva & Tte. 1º Carlos Rocholl, Asunción 001402, Paraguay", "city": "Asunción", "phone": "(021) 662 546", "rating": 0.0, "reviews": 0}}, {"type": "Feature", "geometry": {"type": "Point", "coordinates": [-57.56220689999999, -25.2699279]}, "properties": {"name": "The CCPA School", "type": "establishment", "address": "Vicente Flores, Asunción 001525, Paraguay", "city": "Asunción", "phone": "(021) 615 160", "rating": 0.0, "reviews": 0}}, {"type": "Feature", "geometry": {"type": "Point", "coordinates": [-57.5918332, -25.267025]}, "properties": {"name": "Educational Center San Ignacio de Loyola", "type": "establishment", "address": "Av. Venezuela esq, Asunción 001534, Paraguay", "city": "Asunción", "phone": "0972 295870", "rating": 0.0, "reviews": 0}}, {"type": "Feature", "geometry": {"type": "Point", "coordinates": [-57.5879596, -25.2722381]}, "properties": {"name": "Deutsche Schule Concordia", "type": "establishment", "address": "Prof. César Samaniego casi, Asunción 001534, Paraguay", "city": "Asunción", "phone": "(021) 291 370", "rating": 0.0, "reviews": 0}}, {"type": "Feature", "geometry": {"type": "Point", "coordinates": [-57.58721929999999, -25.2961945]}, "properties": {"name": "Colegio Las Almenas", "type": "establishment", "address": "001412, Manuel del Castillo 682, Asunción 001412, Paraguay", "city": "Asunción", "phone": "(021) 604 055", "rating": 0.0, "reviews": 0}}, {"type": "Feature", "geometry": {"type": "Point", "coordinates": [-57.5815206, -25.2650988]}, "properties": {"name": "Technical College Javier", "type": "establishment", "address": "Itapua 148, Asunción 001531, Paraguay", "city": "Asunción", "phone": "(021) 296 187", "rating": 0.0, "reviews": 0}}, {"type": "Feature", "geometry": {"type": "Point", "coordinates": [-57.5716484, -25.2626595]}, "properties": {"name": "Lumen School", "type": "establishment", "address": "PCPH+W8Q, Congreso de Colombia, Asunción 001521, Paraguay", "city": "Asunción", "phone": "(021) 283 483", "rating": 0.0, "reviews": 0}}, {"type": "Feature", "geometry": {"type": "Point", "coordinates": [-57.56167730000001, -25.3001627]}, "properties": {"name": "Albert Einstein School", "type": "establishment", "address": "Olegario Víctor Andrade, Asunción 001407, Paraguay", "city": "Asunción", "phone": "(021) 613 781", "rating": 4.1, "reviews": 22}}, {"type": "Feature", "geometry": {"type": "Point", "coordinates": [-57.64203879999999, -25.2929227]}, "properties": {"name": "Escuela Nacional de Comercio N°1 Alfonso B. Campos", "type": "establishment", "address": "Sicilia 249 &, Chile y, Asunción 001102, Paraguay", "city": "Asunción", "phone": "0971 759988", "rating": 4.6, "reviews": 77}}, {"type": "Feature", "geometry": {"type": "Point", "coordinates": [-57.6015969, -25.2664792]}, "properties": {"name": "CDI COLEGIO", "type": "establishment", "address": "Asunción 001202, Paraguay", "city": "Asunción", "phone": "", "rating": 4.9, "reviews": 50}}, {"type": "Feature", "geometry": {"type": "Point", "coordinates": [-57.5857484, -25.2759414]}, "properties": {"name": "Colegio Aula Viva", "type": "establishment", "address": "Santisimo Sacramento 1345, Asunción 001534, Paraguay", "city": "Asunción", "phone": "0982 429050", "rating": 0.0, "reviews": 0}}, {"type": "Feature", "geometry": {"type": "Point", "coordinates": [-57.57459849999999, -25.2570875]}, "properties": {"name": "TEIJ", "type": "establishment", "address": "PCVG+556, Juana Pabla Carrillo de López, Asunción 001519, Paraguay", "city": "Asunción", "phone": "0981 292124", "rating": 4.7, "reviews": 19}}, {"type": "Feature", "geometry": {"type": "Point", "coordinates": [-57.6157098, -25.2895378]}, "properties": {"name": "Colegio Internacional", "type": "establishment", "address": "P96M+5PM, Rio De Janeiro, Asunción 001209, Paraguay", "city": "Asunción", "phone": "(021) 200 675", "rating": 0.0, "reviews": 0}}, {"type": "Feature", "geometry": {"type": "Point", "coordinates": [-57.5630237, -25.3045079]}, "properties": {"name": "Colegio Privado del Sol", "type": "establishment", "address": "MCWQ+G2P, Dr. Justo Prieto 260, Asunción 001417, Paraguay", "city": "Asunción", "phone": "(021) 512 617", "rating": 0.0, "reviews": 0}}, {"type": "Feature", "geometry": {"type": "Point", "coordinates": [-57.56545120000001, -25.2636322]}, "properties": {"name": "\"Doña Francisca Eloisa Duarte\" Primary School N°962", "type": "establishment", "address": "PCPM+GRV, Asunción 001521, Paraguay", "city": "Asunción", "phone": "(021) 291 399", "rating": 0.0, "reviews": 0}}, {"type": "Feature", "geometry": {"type": "Point", "coordinates": [-57.58133970000001, -25.2582189]}, "properties": {"name": "Escuela Basica Nro. 19 Rca. Oriental Del Uruguay", "type": "establishment", "address": "PCR9+PF7, Avenida, Asunción 001519, Paraguay", "city": "Asunción", "phone": "(021) 290 345", "rating": 0.0, "reviews": 0}}, {"type": "Feature", "geometry": {"type": "Point", "coordinates": [-57.58068839999999, -25.2503751]}, "properties": {"name": "Escuela Básica. N° 7269 Padre José María Vélaz de Fe y Alegría", "type": "establishment", "address": "PCX9+RPV, Av. Primer Presidente, Asunción 001512, Paraguay", "city": "Asunción", "phone": "0986 804338", "rating": 0.0, "reviews": 0}}, {"type": "Feature", "geometry": {"type": "Point", "coordinates": [-57.57525520000001, -25.3200098]}, "properties": {"name": "Esc. Básica N°434 Juan Eudoro Cáceres", "type": "establishment", "address": "Epifanio Mendez Fleitas esq, Asunción 001428, Paraguay", "city": "Asunción", "phone": "0985 242454", "rating": 0.0, "reviews": 0}}, {"type": "Feature", "geometry": {"type": "Point", "coordinates": [-57.5700198, -25.2872461]}, "properties": {"name": "Roberto Schaerer", "type": "establishment", "address": "Bruselas 1767, Asunción 001410, Paraguay", "city": "Asunción", "phone": "0991 870225", "rating": 0.0, "reviews": 0}}, {"type": "Feature", "geometry": {"type": "Point", "coordinates": [-57.55711770000001, -25.2683765]}, "properties": {"name": "School First President", "type": "establishment", "address": "Escuela No 661 ler Presidente, Asunción 001525, Paraguay", "city": "Asunción", "phone": "(021) 282 083", "rating": 0.0, "reviews": 0}}, {"type": "Feature", "geometry": {"type": "Point", "coordinates": [-57.6299528, -25.3095797]}, "properties": {"name": "파라과이한국학교(Colegio Coreano del Paraguay)", "type": "establishment", "address": "Padre Juan N. Casanello esq, Asunción 001238, Paraguay", "city": "Asunción", "phone": "(021) 310 052", "rating": 0.0, "reviews": 0}}, {"type": "Feature", "geometry": {"type": "Point", "coordinates": [-57.583251, -25.320845]}, "properties": {"name": "ESCUELA BÁSICA N°4865 CENTRO EDUCATIVO CAMPO VERDE", "type": "establishment", "address": "Samuhu Nº 4865Campoverde, Asunción 001426, Paraguay", "city": "Asunción", "phone": "(021) 522 001", "rating": 4.5, "reviews": 34}}, {"type": "Feature", "geometry": {"type": "Point", "coordinates": [-57.60744889999999, -25.3017701]}, "properties": {"name": "CEPPE Centro De Enseñanza Primaria Y Preescolar", "type": "establishment", "address": "Herminio Giménez esq, Asunción 001228, Paraguay", "city": "Asunción", "phone": "0986 789547", "rating": 0.0, "reviews": 0}}, {"type": "Feature", "geometry": {"type": "Point", "coordinates": [-57.62, -25.2852778]}, "properties": {"name": "Escuela Basica Santa Sofia", "type": "establishment", "address": "P97H+VX2, Av. España 457, Asunción 001217, Paraguay", "city": "Asunción", "phone": "(021) 225 035", "rating": 0.0, "reviews": 0}}, {"type": "Feature", "geometry": {"type": "Point", "coordinates": [-57.60787409999999, -25.2884427]}, "properties": {"name": "Basic School No.9 Adela Speratti", "type": "establishment", "address": "Av. España 1566, Asunción 001208, Paraguay", "city": "Asunción", "phone": "(021) 204 713", "rating": 0.0, "reviews": 0}}, {"type": "Feature", "geometry": {"type": "Point", "coordinates": [-57.6402057, -25.3063946]}, "properties": {"name": "National school Dr. Juan Manuel Frutos", "type": "establishment", "address": "Estados Unidos e/ Tatajyba &, Aca Yuasa, Asunción 001106, Paraguay", "city": "Asunción", "phone": "(021) 372 395", "rating": 0.0, "reviews": 0}}, {"type": "Feature", "geometry": {"type": "Point", "coordinates": [-57.587836, -25.300194]}, "properties": {"name": "Colegio Campoalto", "type": "establishment", "address": "Las Perlas 4686, Asunción 001412, Paraguay", "city": "Asunción", "phone": "(021) 608 587", "rating": 0.0, "reviews": 0}}, {"type": "Feature", "geometry": {"type": "Point", "coordinates": [-57.56689189999999, -25.2770654]}, "properties": {"name": "Colegio Nacional Pdte Dr José Patricio Guggiari", "type": "establishment", "address": "PCFM+56H, Asunción 001527, Paraguay", "city": "Asunción", "phone": "(021) 606 075", "rating": 0.0, "reviews": 0}}, {"type": "Feature", "geometry": {"type": "Point", "coordinates": [-57.6172545, -25.2940791]}, "properties": {"name": "National School of Commerce no. 2", "type": "establishment", "address": "y, Cerro Corá &, Gral. Elizardo Aquino, Asunción 001225, Paraguay", "city": "Asunción", "phone": "(021) 223 195", "rating": 3.8, "reviews": 17}}, {"type": "Feature", "geometry": {"type": "Point", "coordinates": [-57.5469872, -25.2439972]}, "properties": {"name": "Higher Education Center María Serrana", "type": "establishment", "address": "QF43+C62, Carlos Antonio López, Asunción 2050, Paraguay", "city": "Asunción", "phone": "(021) 297 113", "rating": 0.0, "reviews": 0}}, {"type": "Feature", "geometry": {"type": "Point", "coordinates": [-57.623999, -25.3247186]}, "properties": {"name": "Alpha College Paraguay", "type": "establishment", "address": "Av Gral Máximo Santos, Asunción 001310, Paraguay", "city": "Asunción", "phone": "0974 854386", "rating": 4.1, "reviews": 133}}, {"type": "Feature", "geometry": {"type": "Point", "coordinates": [-57.6444285, -25.2782675]}, "properties": {"name": "Colegio Dr. Jose Gaspar Rodriguez de Francia", "type": "establishment", "address": "Dr. Gaspar Rodriguez de Francia, Oliva, Asunción 001011, Paraguay", "city": "Asunción", "phone": "(021) 493 614", "rating": 0.0, "reviews": 0}}, {"type": "Feature", "geometry": {"type": "Point", "coordinates": [-57.567942, -25.3256027]}, "properties": {"name": "Catholic Apostolic College San Jose", "type": "establishment", "address": "MCGH+GR3, Av. Defensores del Chaco, Asunción 001428, Paraguay", "city": "Asunción", "phone": "0971 324002", "rating": 0.0, "reviews": 0}}, {"type": "Feature", "geometry": {"type": "Point", "coordinates": [-57.59796060000001, -25.3203098]}, "properties": {"name": "Virgin of Nazareth College", "type": "establishment", "address": "Dr. Víctor Riquelme, Asunción 001423, Paraguay", "city": "Asunción", "phone": "(021) 552 524", "rating": 0.0, "reviews": 0}}, {"type": "Feature", "geometry": {"type": "Point", "coordinates": [-57.58395969999999, -25.2998535]}, "properties": {"name": "Colegio Nac. E.M.D. Dr. Eduardo Alvarin Romero", "type": "establishment", "address": "Colegio Publico Albarin Romero, Alberto De Sousa, Asunción 001413, Paraguay", "city": "Asunción", "phone": "(021) 605 601", "rating": 0.0, "reviews": 0}}, {"type": "Feature", "geometry": {"type": "Point", "coordinates": [-57.6222427, -25.3231296]}, "properties": {"name": "Sister Eusebia Palomino Private school", "type": "establishment", "address": "M9GH+P4R, Tte. 1ro. Brugada Doldán, Asunción 001310, Paraguay", "city": "Asunción", "phone": "(021) 332 092", "rating": 0.0, "reviews": 0}}, {"type": "Feature", "geometry": {"type": "Point", "coordinates": [-57.60697469999999, -25.3122327]}, "properties": {"name": "Divine Word College", "type": "establishment", "address": "M9QV+462, Asunción 001234, Paraguay", "city": "Asunción", "phone": "(021) 551 446", "rating": 4.6, "reviews": 75}}, {"type": "Feature", "geometry": {"type": "Point", "coordinates": [-57.6431273, -25.2873398]}, "properties": {"name": "Autonomous University of Asuncion", "type": "establishment", "address": "Jejuí 667, Asunción 001013, Paraguay", "city": "Asunción", "phone": "(021) 495 873", "rating": 4.5, "reviews": 549}}, {"type": "Feature", "geometry": {"type": "Point", "coordinates": [-57.63200129999999, -25.2807615]}, "properties": {"name": "Universidad Católica \"Nuestra Señora de la Asunción\" Sede Central", "type": "establishment", "address": "Cordillera de Amambay casi, Asunción 001101, Paraguay", "city": "Asunción", "phone": "(021) 318 4000", "rating": 3.9, "reviews": 283}}, {"type": "Feature", "geometry": {"type": "Point", "coordinates": [-57.51973979999999, -25.3357603]}, "properties": {"name": "National University of Asuncion", "type": "establishment", "address": "Campus Universitario, San Lorenzo 111421, Paraguay", "city": "San Lorenzo", "phone": "(021) 585 540", "rating": 4.6, "reviews": 2215}}, {"type": "Feature", "geometry": {"type": "Point", "coordinates": [-57.5725747, -25.2867981]}, "properties": {"name": "Pacific Private University", "type": "establishment", "address": "O'Higgins esquina, Asunción 1111, Paraguay", "city": "Asunción", "phone": "(021) 615 490", "rating": 4.5, "reviews": 396}}, {"type": "Feature", "geometry": {"type": "Point", "coordinates": [-57.5994016, -25.2771806]}, "properties": {"name": "Universidad Central del Paraguay", "type": "establishment", "address": "Brasilia N° 1.158 e/ Tte. 2° Benigno Villamayor c/ Insaurralde, Asunción 001206, Paraguay", "city": "Asunción", "phone": "0993 456000", "rating": 4.6, "reviews": 46}}, {"type": "Feature", "geometry": {"type": "Point", "coordinates": [-57.61175530000001, -25.2863006]}, "properties": {"name": "Columbia University of Paraguay", "type": "establishment", "address": "Av. España 1239, Asunción 001209, Paraguay", "city": "Asunción", "phone": "(021) 219 8000", "rating": 4.5, "reviews": 297}}, {"type": "Feature", "geometry": {"type": "Point", "coordinates": [-57.6297954, -25.2859002]}, "properties": {"name": "Columbia University of Paraguay", "type": "establishment", "address": "25 de Mayo, Asunción 001101, Paraguay", "city": "Asunción", "phone": "(021) 490 811", "rating": 4.5, "reviews": 174}}, {"type": "Feature", "geometry": {"type": "Point", "coordinates": [-57.5927993, -25.2820808]}, "properties": {"name": "UCSA - Campus Universitario", "type": "establishment", "address": "Centro Educativo San Agustín, Sgto. José León Gauto, Asunción 001535, Paraguay", "city": "Asunción", "phone": "(021) 221 106", "rating": 4.3, "reviews": 268}}, {"type": "Feature", "geometry": {"type": "Point", "coordinates": [-57.64304909999999, -25.2805458]}, "properties": {"name": "Universidad Autónoma del Paraguay", "type": "establishment", "address": "Colón 658 e/ Gral. Diaz y Eduardo Víctor Haedo, Asunción 001010, Paraguay", "city": "Asunción", "phone": "(021) 447 579", "rating": 4.4, "reviews": 183}}, {"type": "Feature", "geometry": {"type": "Point", "coordinates": [-57.6049789, -25.2900011]}, "properties": {"name": "Universidad Metropolitana de Asunción", "type": "establishment", "address": "Rca. Dominicana 387, Asunción 001208, Paraguay", "city": "Asunción", "phone": "(021) 201 939", "rating": 4.6, "reviews": 149}}, {"type": "Feature", "geometry": {"type": "Point", "coordinates": [-57.636523, -25.3244841]}, "properties": {"name": "Universidad Católica Nuestra Señora de la Asunción", "type": "establishment", "address": "M9G7+695, Tte. Lidio Cantalupi, Asunción 001303, Paraguay", "city": "Asunción", "phone": "(021) 318 4000", "rating": 4.3, "reviews": 503}}, {"type": "Feature", "geometry": {"type": "Point", "coordinates": [-57.59412, -25.274873]}, "properties": {"name": "University of the Integration of the Americas", "type": "establishment", "address": "Av. Venezuela 1353 casi, Asunción 001206, Paraguay", "city": "Asunción", "phone": "(021) 288 9000", "rating": 4.3, "reviews": 400}}, {"type": "Feature", "geometry": {"type": "Point", "coordinates": [-57.59946600000001, -25.278563]}, "properties": {"name": "Universidad Americana", "type": "establishment", "address": "Av. Brasilia 1100, Asunción 1429, Paraguay", "city": "Asunción", "phone": "(021) 729 4900", "rating": 4.2, "reviews": 863}}, {"type": "Feature", "geometry": {"type": "Point", "coordinates": [-57.6480212, -25.2798795]}, "properties": {"name": "Universidad Privada del Este - Sede Asunción", "type": "establishment", "address": "P9C2+4V5, Guillermo Arias y, Asunción 001010, Paraguay", "city": "Asunción", "phone": "0981 191853", "rating": 4.6, "reviews": 95}}, {"type": "Feature", "geometry": {"type": "Point", "coordinates": [-57.6444972, -25.2930134]}, "properties": {"name": "UNADES", "type": "establishment", "address": "14 De Mayo 462, Asunción 001015, Paraguay", "city": "Asunción", "phone": "(021) 371 371", "rating": 4.6, "reviews": 151}}, {"type": "Feature", "geometry": {"type": "Point", "coordinates": [-57.5835683, -25.2944432]}, "properties": {"name": "UCOM - Universidad Comunera", "type": "establishment", "address": "Dr. Juan Eulogio Estigarribia, Asunción 001412, Paraguay", "city": "Asunción", "phone": "(021) 338 7000", "rating": 4.4, "reviews": 117}}, {"type": "Feature", "geometry": {"type": "Point", "coordinates": [-57.5881018, -25.3135169]}, "properties": {"name": "Guarani Hispanic University", "type": "establishment", "address": "Av. República Argentina casi, Asunción 3379, Paraguay", "city": "Asunción", "phone": "(021) 615 951", "rating": 4.8, "reviews": 76}}, {"type": "Feature", "geometry": {"type": "Point", "coordinates": [-57.53787029999999, -25.2370319]}, "properties": {"name": "Universidad Maria Auxiliadora", "type": "establishment", "address": "QF76+5VJ, Asunción 001506, Paraguay", "city": "Asunción", "phone": "(021) 296 900", "rating": 4.5, "reviews": 341}}, {"type": "Feature", "geometry": {"type": "Point", "coordinates": [-57.58669429999999, -25.2908146]}, "properties": {"name": "University Sustainable Development - UDS", "type": "establishment", "address": "Av. Mariscal López 2929 esq, Asunción 1805, Paraguay", "city": "Asunción", "phone": "(021) 600 973", "rating": 4.7, "reviews": 67}}, {"type": "Feature", "geometry": {"type": "Point", "coordinates": [-57.59362709999999, -25.2648633]}, "properties": {"name": "Universidad San Ignacio de Loyola - Paraguay", "type": "establishment", "address": "Av. Venezuela 2087, Asunción 001533, Paraguay", "city": "Asunción", "phone": "(021) 282 801", "rating": 4.6, "reviews": 63}}, {"type": "Feature", "geometry": {"type": "Point", "coordinates": [-57.5655699, -25.2835719]}, "properties": {"name": "The Library delSol", "type": "establishment", "address": "Av. Aviadores del Chaco, Asunción 001529, Paraguay", "city": "Asunción", "phone": "0986 110395", "rating": 0.0, "reviews": 0}}, {"type": "Feature", "geometry": {"type": "Point", "coordinates": [-57.6165813, -25.2873644]}, "properties": {"name": "National Library of Paraguay", "type": "establishment", "address": "De la Residenta 820, Asunción 001209, Paraguay", "city": "Asunción", "phone": "", "rating": 4.3, "reviews": 63}}, {"type": "Feature", "geometry": {"type": "Point", "coordinates": [-57.6233581, -25.2851532]}, "properties": {"name": "Roosevelt Public Library", "type": "establishment", "address": "Av. España 352, Asunción 001218, Paraguay", "city": "Asunción", "phone": "0986 242204", "rating": 4.6, "reviews": 26}}, {"type": "Feature", "geometry": {"type": "Point", "coordinates": [-57.569563, -25.2637826]}, "properties": {"name": "Biblioteca de Derecho UNA", "type": "establishment", "address": "PCPJ+F5M, Asunción 001521, Paraguay", "city": "Asunción", "phone": "", "rating": 4.3, "reviews": 18}}, {"type": "Feature", "geometry": {"type": "Point", "coordinates": [-57.57940809999999, -25.2748758]}, "properties": {"name": "Biblioparque Parque de la Salud IPS", "type": "establishment", "address": "Health Park (IPS, Augusto Roa Bastos y, Asunción 8000, Paraguay", "city": "Asunción", "phone": "", "rating": 5, "reviews": 1}}, {"type": "Feature", "geometry": {"type": "Point", "coordinates": [-57.6360043, -25.2773063]}, "properties": {"name": "Central Archives and Library of Congress", "type": "establishment", "address": "Cnel. Paulino Alen, Asunción 001013, Paraguay", "city": "Asunción", "phone": "(021) 414 5000", "rating": 4.5, "reviews": 68}}, {"type": "Feature", "geometry": {"type": "Point", "coordinates": [-57.5656208, -25.2725039]}, "properties": {"name": "CCPJ", "type": "establishment", "address": "PCGM+XQR, Julio Correa, Asunción 001520, Paraguay", "city": "Asunción", "phone": "(021) 607 276", "rating": 4.8, "reviews": 4}}, {"type": "Feature", "geometry": {"type": "Point", "coordinates": [-57.6380843, -25.2782416]}, "properties": {"name": "Biblioteca Municipal Augusto Roa Bastos", "type": "establishment", "address": "Ayolas 129 c, Asunción 001012, Paraguay", "city": "Asunción", "phone": "(021) 442 448", "rating": 4.5, "reviews": 40}}, {"type": "Feature", "geometry": {"type": "Point", "coordinates": [-57.5995387, -25.2785419]}, "properties": {"name": "Biblioteca Augusto Roa Bastos, Universidad Americana", "type": "establishment", "address": "Av. Brasilia 1100, Asunción 1429, Paraguay", "city": "Asunción", "phone": "", "rating": 4.8, "reviews": 5}}, {"type": "Feature", "geometry": {"type": "Point", "coordinates": [-57.56641489999999, -25.281477]}, "properties": {"name": "Literato", "type": "book_store", "address": "PC9M+CC4, Asunción 001527, Paraguay", "city": "Asunción", "phone": "0982 998882", "rating": 4.8, "reviews": 236}}, {"type": "Feature", "geometry": {"type": "Point", "coordinates": [-57.5732639, -25.2952245]}, "properties": {"name": "Fundación Biblioteca Maximilian Freundorfer", "type": "establishment", "address": "Jose Ocampos Lanzoni, Asunción 001408, Paraguay", "city": "Asunción", "phone": "(021) 623 885", "rating": 5, "reviews": 6}}, {"type": "Feature", "geometry": {"type": "Point", "coordinates": [-57.63135440000001, -25.2837278]}, "properties": {"name": "Intercontinental library S.A.", "type": "book_store", "address": "Caballero, Asunción 001101, Paraguay", "city": "Asunción", "phone": "0972 231260", "rating": 4.6, "reviews": 119}}, {"type": "Feature", "geometry": {"type": "Point", "coordinates": [-57.5965554, -25.2831699]}, "properties": {"name": "Biblioteca Callejera N° 5", "type": "establishment", "address": "Presbítero Marcelino Noutz 847, Asunción 001207, Paraguay", "city": "Asunción", "phone": "0981 818378", "rating": 5, "reviews": 3}}, {"type": "Feature", "geometry": {"type": "Point", "coordinates": [-57.5837817, -25.3192527]}, "properties": {"name": "Biblioteca del INAES", "type": "book_store", "address": "Tupíes, Asunción 001426, Paraguay", "city": "Asunción", "phone": "", "rating": 4.4, "reviews": 8}}, {"type": "Feature", "geometry": {"type": "Point", "coordinates": [-57.6298647, -25.2887731]}, "properties": {"name": "Cultural Center of Spain Juan de Salazar", "type": "establishment", "address": "Herrera 834, Asunción 001219, Paraguay", "city": "Asunción", "phone": "0974 599961", "rating": 4.7, "reviews": 1208}}, {"type": "Feature", "geometry": {"type": "Point", "coordinates": [-57.623399, -25.284999]}, "properties": {"name": "Centro Cultural Paraguayo Americano - CCPA", "type": "establishment", "address": "Av. España 352, Asunción 001218, Paraguay", "city": "Asunción", "phone": "(021) 729 7272", "rating": 4.5, "reviews": 1737}}, {"type": "Feature", "geometry": {"type": "Point", "coordinates": [-57.6422638, -25.2861543]}, "properties": {"name": "Libreria De La Paz", "type": "establishment", "address": "Manduvira 677, Asunción 001013, Paraguay", "city": "Asunción", "phone": "(021) 494 965", "rating": 4.4, "reviews": 20}}, {"type": "Feature", "geometry": {"type": "Point", "coordinates": [-57.56751999999999, -25.2830458]}, "properties": {"name": "Books", "type": "book_store", "address": "Av. Aviadores del Chaco esq, Asunción 001529, Paraguay", "city": "Asunción", "phone": "(021) 611 730", "rating": 4.4, "reviews": 208}}, {"type": "Feature", "geometry": {"type": "Point", "coordinates": [-57.61544319999999, -25.2901257]}, "properties": {"name": "Biblioteca \"George E. Wiley Jr\"", "type": "establishment", "address": "P95M+WRV, Asunción 001209, Paraguay", "city": "Asunción", "phone": "(021) 200 663", "rating": 5, "reviews": 2}}, {"type": "Feature", "geometry": {"type": "Point", "coordinates": [-57.6015689, -25.2919484]}, "properties": {"name": "Books - Casa Central", "type": "establishment", "address": "Av. Mariscal López, Asunción 1923, Paraguay", "city": "Asunción", "phone": "0983 461551", "rating": 4.6, "reviews": 83}}, {"type": "Feature", "geometry": {"type": "Point", "coordinates": [-57.57652030000001, -25.2936509]}, "properties": {"name": "Ese Lugar! - Quinta Nauar", "type": "establishment", "address": "Olegario Víctor Andrade, Asunción 001411, Paraguay", "city": "Asunción", "phone": "(021) 604 061", "rating": 4.6, "reviews": 915}}, {"type": "Feature", "geometry": {"type": "Point", "coordinates": [-57.55766709999999, -25.2733026]}, "properties": {"name": "Tierra Colorada Gastro", "type": "establishment", "address": "Av. Santísima Trinidad, Asunción 001525, Paraguay", "city": "Asunción", "phone": "(021) 663 335", "rating": 4.7, "reviews": 2180}}, {"type": "Feature", "geometry": {"type": "Point", "coordinates": [-57.5567876, -25.2725889]}, "properties": {"name": "Casa Luma", "type": "establishment", "address": "Tte. Juan A. Rivas 953, Asunción 001525, Paraguay", "city": "Asunción", "phone": "0974 727272", "rating": 4.8, "reviews": 210}}, {"type": "Feature", "geometry": {"type": "Point", "coordinates": [-57.640662, -25.281724]}, "properties": {"name": "Taberna Española", "type": "establishment", "address": "Ayolas 631 c/ General Diaz, Asunción 1234, Paraguay", "city": "Asunción", "phone": "0981 441199", "rating": 4.6, "reviews": 1870}}, {"type": "Feature", "geometry": {"type": "Point", "coordinates": [-57.5635565, -25.284572]}, "properties": {"name": "Maurice de Talleyrand", "type": "establishment", "address": "Av. Sta. Teresa, Asunción 001410, Paraguay", "city": "Asunción", "phone": "(021) 695 573", "rating": 4.7, "reviews": 1814}}, {"type": "Feature", "geometry": {"type": "Point", "coordinates": [-57.63618979999999, -25.282218]}, "properties": {"name": "Bolsi", "type": "cafe", "address": "Estrella 399 esq, Asunción 001101, Paraguay", "city": "Asunción", "phone": "0981 293130", "rating": 4.6, "reviews": 16435}}, {"type": "Feature", "geometry": {"type": "Point", "coordinates": [-57.5569764, -25.2869412]}, "properties": {"name": "La Cabrera Santa Teresa", "type": "establishment", "address": "Av. Sta. Teresa 2795, Asunción 001402, Paraguay", "city": "Asunción", "phone": "0984 505178", "rating": 4.7, "reviews": 3887}}, {"type": "Feature", "geometry": {"type": "Point", "coordinates": [-57.5618357, -25.3078647]}, "properties": {"name": "Cocina Clandestina", "type": "establishment", "address": "Capitan Pedro Villamayor 581, Asunción 001417, Paraguay", "city": "Asunción", "phone": "0983 286114", "rating": 4.6, "reviews": 446}}, {"type": "Feature", "geometry": {"type": "Point", "coordinates": [-57.57524050000001, -25.2979518]}, "properties": {"name": "San Pietro Restaurante", "type": "establishment", "address": "Ave. Dr. Guido Boggiani - Ciclovia 5641, Asunción 001416, Paraguay", "city": "Asunción", "phone": "0976 332231", "rating": 4.6, "reviews": 530}}, {"type": "Feature", "geometry": {"type": "Point", "coordinates": [-57.55636689999999, -25.2735027]}, "properties": {"name": "Alba By Casa Luma", "type": "establishment", "address": "José, Vicente Flores 869, Asunción 001525, Paraguay", "city": "Asunción", "phone": "0976 536000", "rating": 4.8, "reviews": 137}}, {"type": "Feature", "geometry": {"type": "Point", "coordinates": [-57.61306929999999, -25.2866501]}, "properties": {"name": "Bar San Miguel", "type": "cafe", "address": "Av. España 1165, Asunción 001209, Paraguay", "city": "Asunción", "phone": "0987 100102", "rating": 4.6, "reviews": 2994}}, {"type": "Feature", "geometry": {"type": "Point", "coordinates": [-57.5888511, -25.2963028]}, "properties": {"name": "Churrasquería O Gaúcho", "type": "establishment", "address": "Esq, Mc Arthur, Dr. Toribio Pacheco 4444, Asunción 001413, Paraguay", "city": "Asunción", "phone": "(021) 608 596", "rating": 4.7, "reviews": 9211}}, {"type": "Feature", "geometry": {"type": "Point", "coordinates": [-57.6397945, -25.2793348]}, "properties": {"name": "La Maria Cocina y Carbon del Centro", "type": "establishment", "address": "Palma entre Montevideo y, Ayolas 278, Asunción 001012, Paraguay", "city": "Asunción", "phone": "0981 781001", "rating": 4.7, "reviews": 424}}, {"type": "Feature", "geometry": {"type": "Point", "coordinates": [-57.6280459, -25.2851792]}, "properties": {"name": "Bar San Roque", "type": "establishment", "address": "Asunción 001218, Paraguay", "city": "Asunción", "phone": "(021) 446 015", "rating": 4.5, "reviews": 2130}}, {"type": "Feature", "geometry": {"type": "Point", "coordinates": [-57.56763220000001, -25.2835356]}, "properties": {"name": "LA CABRERA", "type": "establishment", "address": "Av. Aviadores del Chaco 1816, Asunción 001529, Paraguay", "city": "Asunción", "phone": "0984 739437", "rating": 4.6, "reviews": 937}}, {"type": "Feature", "geometry": {"type": "Point", "coordinates": [-57.5672976, -25.2844435]}, "properties": {"name": "Zulu Rooftop", "type": "establishment", "address": "Avda. Aviadores del Chaco 2050 World Trade Center / Asunción Torre 2 - Piso Azotea, Asunción 001410, Paraguay", "city": "Asunción", "phone": "0974 400500", "rating": 4.3, "reviews": 1554}}, {"type": "Feature", "geometry": {"type": "Point", "coordinates": [-57.5671038, -25.2820571]}, "properties": {"name": "Mercato La Caoba", "type": "establishment", "address": "San Juan XXlll, Asunción 1749, Paraguay", "city": "Asunción", "phone": "0974 103071", "rating": 4.4, "reviews": 681}}, {"type": "Feature", "geometry": {"type": "Point", "coordinates": [-57.5656064, -25.268441]}, "properties": {"name": "TORO Restaurante", "type": "establishment", "address": "Asunción 001520, Paraguay", "city": "Asunción", "phone": "0974 240095", "rating": 4.6, "reviews": 358}}, {"type": "Feature", "geometry": {"type": "Point", "coordinates": [-57.5713104, -25.2882322]}, "properties": {"name": "1688 Resto", "type": "establishment", "address": "Austria 1688, Asunción 001409, Paraguay", "city": "Asunción", "phone": "0981 459750", "rating": 4.6, "reviews": 620}}, {"type": "Feature", "geometry": {"type": "Point", "coordinates": [-57.63407059999999, -25.282364]}, "properties": {"name": "Restaurante El Bodegón", "type": "establishment", "address": "Palma 140, Asunción 001101, Paraguay", "city": "Asunción", "phone": "(021) 494 240", "rating": 4.5, "reviews": 3865}}, {"type": "Feature", "geometry": {"type": "Point", "coordinates": [-57.5758957, -25.2873598]}, "properties": {"name": "El Café de Acá", "type": "cafe", "address": "Teniente Héctor Vera 1390, Asunción 001411, Paraguay", "city": "Asunción", "phone": "0973 153040", "rating": 4.6, "reviews": 6597}}, {"type": "Feature", "geometry": {"type": "Point", "coordinates": [-57.57087329999999, -25.2840734]}, "properties": {"name": "Typica Café Paraguay", "type": "cafe", "address": "Agustín Pío Barrios 1337, Asunción 001529, Paraguay", "city": "Asunción", "phone": "0981 130150", "rating": 4.6, "reviews": 78}}, {"type": "Feature", "geometry": {"type": "Point", "coordinates": [-57.6358775, -25.2814489]}, "properties": {"name": "Kaffe'i - Coffee Roasters", "type": "cafe", "address": "Palma 438, Asunción 001013, Paraguay", "city": "Asunción", "phone": "", "rating": 4.6, "reviews": 412}}, {"type": "Feature", "geometry": {"type": "Point", "coordinates": [-57.60584469999999, -25.2836507]}, "properties": {"name": "El Cafetero", "type": "cafe", "address": "Ayala Velazquez 795, Asunción 001204, Paraguay", "city": "Asunción", "phone": "0974 844500", "rating": 4.6, "reviews": 1118}}, {"type": "Feature", "geometry": {"type": "Point", "coordinates": [-57.5783238, -25.2877667]}, "properties": {"name": "Mary's Coffee", "type": "cafe", "address": "Asunción 001411, Paraguay", "city": "Asunción", "phone": "0981 774979", "rating": 4.6, "reviews": 710}}, {"type": "Feature", "geometry": {"type": "Point", "coordinates": [-57.5822394, -25.2960286]}, "properties": {"name": "Artesanos Café", "type": "cafe", "address": "San Roque Gonzalez de Santacruz y, Asunción 001412, Paraguay", "city": "Asunción", "phone": "0984 812120", "rating": 4.4, "reviews": 517}}, {"type": "Feature", "geometry": {"type": "Point", "coordinates": [-57.61921079999999, -25.2840987]}, "properties": {"name": "Musa Café", "type": "cafe", "address": "Juan de Salazar y Espinoza 399 casi, Asunción 001217, Paraguay", "city": "Asunción", "phone": "", "rating": 4.8, "reviews": 175}}, {"type": "Feature", "geometry": {"type": "Point", "coordinates": [-57.6382282, -25.2775353]}, "properties": {"name": "Anga Café Arte Bar", "type": "cafe", "address": "El Paraguayo Independiente, Asunción 001012, Paraguay", "city": "Asunción", "phone": "0992 500560", "rating": 4.6, "reviews": 483}}, {"type": "Feature", "geometry": {"type": "Point", "coordinates": [-57.5785707, -25.3018872]}, "properties": {"name": "El Café de Acá - Los Laureles", "type": "cafe", "address": "Alberto De Sousa 5590 casi, Asunción 1420, Paraguay", "city": "Asunción", "phone": "0973 153040", "rating": 4.4, "reviews": 1359}}, {"type": "Feature", "geometry": {"type": "Point", "coordinates": [-57.59892310000001, -25.2782529]}, "properties": {"name": "Coffee Cat", "type": "cafe", "address": "PCC2+MCP, Asunción 001206, Paraguay", "city": "Asunción", "phone": "0982 303053", "rating": 4.5, "reviews": 853}}, {"type": "Feature", "geometry": {"type": "Point", "coordinates": [-57.56330939999999, -25.2725516]}, "properties": {"name": "Almarreina", "type": "cafe", "address": "Dr. Gerónimo Zubizarreta 589, Asunción 001526, Paraguay", "city": "Asunción", "phone": "0981 149936", "rating": 4.3, "reviews": 822}}, {"type": "Feature", "geometry": {"type": "Point", "coordinates": [-57.6153472, -25.283244]}, "properties": {"name": "Cafe Comporta", "type": "cafe", "address": "Tte. Genaro Ruíz 675, Asunción 001209, Paraguay", "city": "Asunción", "phone": "0994 980005", "rating": 4, "reviews": 948}}, {"type": "Feature", "geometry": {"type": "Point", "coordinates": [-57.6083858, -25.2808309]}, "properties": {"name": "El Café de Acá - Barrio Jara (Textilia)", "type": "cafe", "address": "Av Gral Máximo Santos 1030, Asunción 001204, Paraguay", "city": "Asunción", "phone": "0973 153040", "rating": 4.5, "reviews": 1168}}, {"type": "Feature", "geometry": {"type": "Point", "coordinates": [-57.6150315, -25.2851784]}, "properties": {"name": "La Herencia Tienda Cafe", "type": "cafe", "address": "Juan de Salazar y Espinoza 698, Asunción 001209, Paraguay", "city": "Asunción", "phone": "0986 125100", "rating": 4.5, "reviews": 2476}}, {"type": "Feature", "geometry": {"type": "Point", "coordinates": [-57.63293729999999, -25.283342]}, "properties": {"name": "Café Martínez", "type": "cafe", "address": "Yegros 307 esq, Asunción 1100, Paraguay", "city": "Asunción", "phone": "(021) 492 902", "rating": 4.4, "reviews": 1784}}, {"type": "Feature", "geometry": {"type": "Point", "coordinates": [-57.5664397, -25.2814665]}, "properties": {"name": "Urbano Café", "type": "cafe", "address": "San Juan XXIII, Asunción 1209, Paraguay", "city": "Asunción", "phone": "0972 811800", "rating": 4.4, "reviews": 280}}, {"type": "Feature", "geometry": {"type": "Point", "coordinates": [-57.58193009999999, -25.2950175]}, "properties": {"name": "Café Urbano", "type": "cafe", "address": "Asunción 001412, Paraguay", "city": "Asunción", "phone": "", "rating": 4.4, "reviews": 435}}, {"type": "Feature", "geometry": {"type": "Point", "coordinates": [-57.638181, -25.279578]}, "properties": {"name": "Café Consulado", "type": "cafe", "address": "Oleary esquina Local 7, 1210, Palma 299, Asunción 001013, Paraguay", "city": "Asunción", "phone": "0971 227665", "rating": 4.5, "reviews": 1852}}, {"type": "Feature", "geometry": {"type": "Point", "coordinates": [-57.5630768, -25.2836695]}, "properties": {"name": "Juan Valdez Café Petrobras Santa Teresa", "type": "cafe", "address": "Av. Sta. Teresa 1890, Asunción 001410, Paraguay", "city": "Asunción", "phone": "0983 106489", "rating": 4.2, "reviews": 78}}, {"type": "Feature", "geometry": {"type": "Point", "coordinates": [-57.57825140000001, -25.2881823]}, "properties": {"name": "La Cafebreria", "type": "cafe", "address": "Malutin 675, Asunción 001411, Paraguay", "city": "Asunción", "phone": "0984 902284", "rating": 4.5, "reviews": 798}}, {"type": "Feature", "geometry": {"type": "Point", "coordinates": [-57.57683050000001, -25.2855139]}, "properties": {"name": "Capitão Bar - Asunción", "type": "bar", "address": "PC7F+Q7V Paseo Carmelitas, Asunción 001411, Paraguay", "city": "Asunción", "phone": "0972 560438", "rating": 4.3, "reviews": 2111}}, {"type": "Feature", "geometry": {"type": "Point", "coordinates": [-57.637389, -25.278497]}, "properties": {"name": "O'Leary club", "type": "bar", "address": "Juan E. O ´ Leary 127, Asunción 1211, Paraguay", "city": "Asunción", "phone": "0981 757814", "rating": 4.2, "reviews": 1070}}, {"type": "Feature", "geometry": {"type": "Point", "coordinates": [-57.5775661, -25.2856379]}, "properties": {"name": "Kilkenny", "type": "bar", "address": "PC7C+PXV, Malutin, Asunción 001411, Paraguay", "city": "Asunción", "phone": "(021) 609 688", "rating": 4.4, "reviews": 2361}}, {"type": "Feature", "geometry": {"type": "Point", "coordinates": [-57.5736916, -25.322206]}, "properties": {"name": "La Esquinita Bar", "type": "bar", "address": "MCHG+4G7, Tte. Jose Felix Lopez, Asunción 001428, Paraguay", "city": "Asunción", "phone": "0986 170242", "rating": 4.4, "reviews": 2341}}, {"type": "Feature", "geometry": {"type": "Point", "coordinates": [-57.5713962, -25.2842757]}, "properties": {"name": "Barbara", "type": "bar", "address": "San Martín &, Agustín Pío Barrios, Asunción 001529, Paraguay", "city": "Asunción", "phone": "0981 981191", "rating": 4.1, "reviews": 414}}, {"type": "Feature", "geometry": {"type": "Point", "coordinates": [-57.5774108, -25.287639]}, "properties": {"name": "Colombo Bar", "type": "bar", "address": "Eusebio Lillo Robles, Asunción 001411, Paraguay", "city": "Asunción", "phone": "", "rating": 4.2, "reviews": 383}}, {"type": "Feature", "geometry": {"type": "Point", "coordinates": [-57.58138710000001, -25.2964552]}, "properties": {"name": "Charles The Bar", "type": "bar", "address": "Charles De Gaulle casi, Asunción 0432, Paraguay", "city": "Asunción", "phone": "0981 921737", "rating": 4.4, "reviews": 1851}}, {"type": "Feature", "geometry": {"type": "Point", "coordinates": [-57.5681929, -25.2846846]}, "properties": {"name": "Mosconi Pool Bar", "type": "bar", "address": "Av. Aviadores del Chaco, Asunción 001410, Paraguay", "city": "Asunción", "phone": "0981 439596", "rating": 4.6, "reviews": 1119}}, {"type": "Feature", "geometry": {"type": "Point", "coordinates": [-57.57648469999999, -25.2861786]}, "properties": {"name": "KingFish", "type": "bar", "address": "Senador Huey Pierce Long 848, Asunción 001411, Paraguay", "city": "Asunción", "phone": "0981 765104", "rating": 3.9, "reviews": 1952}}, {"type": "Feature", "geometry": {"type": "Point", "coordinates": [-57.57729339999999, -25.2857475]}, "properties": {"name": "Paseo Carmelitas", "type": "bar", "address": "Av. España 1272, Asunción 001411, Paraguay", "city": "Asunción", "phone": "(021) 608 226", "rating": 4.5, "reviews": 8176}}, {"type": "Feature", "geometry": {"type": "Point", "coordinates": [-57.6333935, -25.2830479]}, "properties": {"name": "Arsenal Cué", "type": "bar", "address": "P988+QJQ, Asunción 001101, Paraguay", "city": "Asunción", "phone": "", "rating": 4.2, "reviews": 3646}}, {"type": "Feature", "geometry": {"type": "Point", "coordinates": [-57.6285528, -25.2873292]}, "properties": {"name": "Britannia Pub", "type": "bar", "address": "Cerro Corá 851, Asunción 001219, Paraguay", "city": "Asunción", "phone": "(021) 443 990", "rating": 4.5, "reviews": 4793}}, {"type": "Feature", "geometry": {"type": "Point", "coordinates": [-57.5767262, -25.2875351]}, "properties": {"name": "Pool House", "type": "bar", "address": "Senador Huey Pierce Long 750, Asunción 001411, Paraguay", "city": "Asunción", "phone": "0986 220220", "rating": 4.3, "reviews": 111}}, {"type": "Feature", "geometry": {"type": "Point", "coordinates": [-57.58365609999999, -25.2895434]}, "properties": {"name": "Palo Santo Brewing Company", "type": "bar", "address": "Del Maestro 722, Asunción 001411, Paraguay", "city": "Asunción", "phone": "0972 234336", "rating": 4.5, "reviews": 2445}}, {"type": "Feature", "geometry": {"type": "Point", "coordinates": [-57.5764114, -25.2861885]}, "properties": {"name": "McCarthy's Irish Pub", "type": "bar", "address": "Senador Huey Pierce Long 848, Asunción 001411, Paraguay", "city": "Asunción", "phone": "(021) 609 688", "rating": 4.4, "reviews": 873}}, {"type": "Feature", "geometry": {"type": "Point", "coordinates": [-57.57679019999999, -25.2859783]}, "properties": {"name": "Mamba Carmelitas", "type": "bar", "address": "Senador Huey Pierce Long, Asunción 1528, Paraguay", "city": "Asunción", "phone": "0981 050201", "rating": 4.2, "reviews": 107}}, {"type": "Feature", "geometry": {"type": "Point", "coordinates": [-57.58970710000001, -25.2855837]}, "properties": {"name": "Sacramento Brewing Co.", "type": "bar", "address": "Parque El Taller, Santisimo Sacramento 655, Asunción 1760, Paraguay", "city": "Asunción", "phone": "0971 405014", "rating": 4.4, "reviews": 3280}}, {"type": "Feature", "geometry": {"type": "Point", "coordinates": [-57.5759983, -25.2872829]}, "properties": {"name": "Dorsia Cocktail Bar", "type": "art_gallery", "address": "Teniente Héctor Vera 1411, Asunción 001411, Paraguay", "city": "Asunción", "phone": "0971 110440", "rating": 4.8, "reviews": 157}}, {"type": "Feature", "geometry": {"type": "Point", "coordinates": [-57.5767349, -25.2874365]}, "properties": {"name": "Central Bar", "type": "bar", "address": "PC7F+28C Ntra. Sra. de la Asunción, Asunción 001411, Paraguay", "city": "Asunción", "phone": "0981 102194", "rating": 4, "reviews": 1117}}, {"type": "Feature", "geometry": {"type": "Point", "coordinates": [-57.5699596, -25.2732295]}, "properties": {"name": "MOLAS 1901 tapas bar", "type": "bar", "address": "Av. Dr. Felipe Molas López esq, Asunción 001520, Paraguay", "city": "Asunción", "phone": "0976 562600", "rating": 4.3, "reviews": 1655}}, {"type": "Feature", "geometry": {"type": "Point", "coordinates": [-57.58668900000001, -25.2580916]}, "properties": {"name": "Dra. Cake", "type": "bakery", "address": "Av. Gral. José Gervasio Artigas 3679 Casi, Asunción 001517, Paraguay", "city": "Asunción", "phone": "0981 999796", "rating": 4.8, "reviews": 18}}, {"type": "Feature", "geometry": {"type": "Point", "coordinates": [-57.57291569999999, -25.2797396]}, "properties": {"name": "Oveja Negra", "type": "bakery", "address": "Federación Rusa 1194, Asunción 001527, Paraguay", "city": "Asunción", "phone": "0983 345745", "rating": 4.8, "reviews": 1048}}, {"type": "Feature", "geometry": {"type": "Point", "coordinates": [-57.556748, -25.2887615]}, "properties": {"name": "Karu", "type": "bakery", "address": "Dr. Guillermo Enciso Velloso 2870, Asunción 001410, Paraguay", "city": "Asunción", "phone": "0981 222672", "rating": 4.5, "reviews": 2264}}, {"type": "Feature", "geometry": {"type": "Point", "coordinates": [-57.5801484, -25.289828]}, "properties": {"name": "Mercadito Emporio", "type": "bakery", "address": "Moisés Bertoni 1039, Asunción 001411, Paraguay", "city": "Asunción", "phone": "0994 750800", "rating": 4.5, "reviews": 350}}, {"type": "Feature", "geometry": {"type": "Point", "coordinates": [-57.60660019999999, -25.2783169]}, "properties": {"name": "Georges Patissier", "type": "bakery", "address": "Pitiantuta 1246, Asunción 001204, Paraguay", "city": "Asunción", "phone": "", "rating": 4.7, "reviews": 844}}, {"type": "Feature", "geometry": {"type": "Point", "coordinates": [-57.56431039999999, -25.2881932]}, "properties": {"name": "Nana Bakery", "type": "bakery", "address": "Bruselas, Asunción 001410, Paraguay", "city": "Asunción", "phone": "", "rating": 5, "reviews": 23}}, {"type": "Feature", "geometry": {"type": "Point", "coordinates": [-57.5958232, -25.2870309]}, "properties": {"name": "IH Patisserie", "type": "bakery", "address": "Av. España 2271, Asunción 001207, Paraguay", "city": "Asunción", "phone": "0984 985176", "rating": 4.9, "reviews": 29}}, {"type": "Feature", "geometry": {"type": "Point", "coordinates": [-57.5584728, -25.303282]}, "properties": {"name": "HELENA LA PASTELERIA", "type": "bakery", "address": "Guido Spano 3205 esq, Asunción 001405, Paraguay", "city": "Asunción", "phone": "0971 987333", "rating": 4.8, "reviews": 74}}, {"type": "Feature", "geometry": {"type": "Point", "coordinates": [-57.5529491, -25.266861]}, "properties": {"name": "La Gourmande", "type": "bakery", "address": "Tte. Blas A. Jiménez 1538, Asunción 001525, Paraguay", "city": "Asunción", "phone": "0983 308043", "rating": 4.3, "reviews": 232}}, {"type": "Feature", "geometry": {"type": "Point", "coordinates": [-57.5746343, -25.2876612]}, "properties": {"name": "Robinson Bakeshop", "type": "bakery", "address": "Teniente Héctor Vera 1443, Asunción 001411, Paraguay", "city": "Asunción", "phone": "0984 222277", "rating": 4.3, "reviews": 256}}, {"type": "Feature", "geometry": {"type": "Point", "coordinates": [-57.5981869, -25.3270272]}, "properties": {"name": "Panaderia Asuncion", "type": "cafe", "address": "Asunción 001313, Paraguay", "city": "Asunción", "phone": "(021) 556 027", "rating": 4.6, "reviews": 373}}, {"type": "Feature", "geometry": {"type": "Point", "coordinates": [-57.57050959999999, -25.2749429]}, "properties": {"name": "Tea Time Bakery", "type": "bakery", "address": "Pedro Alcántara 985, Asunción 001528, Paraguay", "city": "Asunción", "phone": "0982 826896", "rating": 4.2, "reviews": 91}}, {"type": "Feature", "geometry": {"type": "Point", "coordinates": [-57.5757831, -25.2747191]}, "properties": {"name": "Tía Laura Delicias Carmelitas", "type": "establishment", "address": "Dr. Manuel Peña 789 entre Augusto Roa Bastos y, Asunción 001528, Paraguay", "city": "Asunción", "phone": "0984 777690", "rating": 4.6, "reviews": 322}}, {"type": "Feature", "geometry": {"type": "Point", "coordinates": [-57.5548091, -25.2924454]}, "properties": {"name": "Ña Masa", "type": "bakery", "address": "Concejal Vargas 1368 casi, Asunción 001409, Paraguay", "city": "Asunción", "phone": "0991 797038", "rating": 4.9, "reviews": 79}}, {"type": "Feature", "geometry": {"type": "Point", "coordinates": [-57.5827196, -25.3008489]}, "properties": {"name": "Chaval Recoleta", "type": "bakery", "address": "Cruz Del Chaco 897 esq, Asunción 1416, Paraguay", "city": "Asunción", "phone": "0976 890359", "rating": 4.5, "reviews": 313}}, {"type": "Feature", "geometry": {"type": "Point", "coordinates": [-57.6074771, -25.3173884]}, "properties": {"name": "Don Mario Bakery", "type": "bakery", "address": "M9MR+6V2, Av. Dr. Fernando de la Mora esq, Asunción 001312, Paraguay", "city": "Asunción", "phone": "(021) 550 559", "rating": 4.4, "reviews": 3427}}, {"type": "Feature", "geometry": {"type": "Point", "coordinates": [-57.5751857, -25.2885726]}, "properties": {"name": "La Dolceria", "type": "bakery", "address": "Roque Gaona 710, Asunción 001411, Paraguay", "city": "Asunción", "phone": "0981 913292", "rating": 4.5, "reviews": 84}}, {"type": "Feature", "geometry": {"type": "Point", "coordinates": [-57.5795599, -25.2679316]}, "properties": {"name": "Gonzarolls", "type": "establishment", "address": "Sub Teniente Marcelino Ayala 2141, Asunción 001531, Paraguay", "city": "Asunción", "phone": "0986 333002", "rating": 4.9, "reviews": 12}}, {"type": "Feature", "geometry": {"type": "Point", "coordinates": [-57.56970449999999, -25.3031438]}, "properties": {"name": "OFRENDA Pastelería", "type": "bakery", "address": "R.I. 5 Gral. Díaz 458, Asunción 001416, Paraguay", "city": "Asunción", "phone": "0982 573073", "rating": 5, "reviews": 32}}, {"type": "Feature", "geometry": {"type": "Point", "coordinates": [-57.6124009, -25.2831041]}, "properties": {"name": "Oveja Negra", "type": "bakery", "address": "Padre Egidio Cardozo, Asunción 001210, Paraguay", "city": "Asunción", "phone": "0971 778286", "rating": 4.7, "reviews": 920}}, {"type": "Feature", "geometry": {"type": "Point", "coordinates": [-57.56437729999999, -25.2687493]}, "properties": {"name": "160B - Food Park Mburucuja", "type": "establishment", "address": "Av. Santísima Trinidad, Asunción 001521, Paraguay", "city": "Asunción", "phone": "", "rating": 4.4, "reviews": 87}}, {"type": "Feature", "geometry": {"type": "Point", "coordinates": [-57.57752310000001, -25.2855078]}, "properties": {"name": "MUME RESTO BAR", "type": "establishment", "address": "PC7C+PXQ, Malutin, Asunción 001411, Paraguay", "city": "Asunción", "phone": "0991 591888", "rating": 4.4, "reviews": 34}}, {"type": "Feature", "geometry": {"type": "Point", "coordinates": [-57.5649524, -25.2690629]}, "properties": {"name": "La Nutry Healthy Food", "type": "establishment", "address": "Prof. Dr. Francisco Fernández 684, Asunción 001520, Paraguay", "city": "Asunción", "phone": "0981 130133", "rating": 4.5, "reviews": 724}}, {"type": "Feature", "geometry": {"type": "Point", "coordinates": [-57.633188, -25.281595]}, "properties": {"name": "Lido Bar", "type": "establishment", "address": "Independencia Nacional esq, Asunción 001101, Paraguay", "city": "Asunción", "phone": "(021) 446 171", "rating": 4.4, "reviews": 11102}}, {"type": "Feature", "geometry": {"type": "Point", "coordinates": [-57.5684961, -25.2744237]}, "properties": {"name": "Lomilito's", "type": "establishment", "address": "Av. Dr. Felipe Molas López, Asunción 001520, Paraguay", "city": "Asunción", "phone": "0991 911153", "rating": 4.3, "reviews": 1190}}, {"type": "Feature", "geometry": {"type": "Point", "coordinates": [-57.58267439999999, -25.2672176]}, "properties": {"name": "Shell", "type": "convenience_store", "address": "Santisimo Sacramento Y, Asunción 001531, Paraguay", "city": "Asunción", "phone": "4175000", "rating": 4.1, "reviews": 328}}, {"type": "Feature", "geometry": {"type": "Point", "coordinates": [-57.6382201, -25.2828551]}, "properties": {"name": "Bar La Esquina", "type": "establishment", "address": "Gral. Díaz esq, Asunción 001013, Paraguay", "city": "Asunción", "phone": "(021) 492 918", "rating": 4.6, "reviews": 2418}}, {"type": "Feature", "geometry": {"type": "Point", "coordinates": [-57.59626340000001, -25.2875614]}, "properties": {"name": "Javorai", "type": "establishment", "address": "América 486, Asunción 001207, Paraguay", "city": "Asunción", "phone": "(021) 225 570", "rating": 4.6, "reviews": 3572}}, {"type": "Feature", "geometry": {"type": "Point", "coordinates": [-57.6282478, -25.2875179]}, "properties": {"name": "Lo de Osvaldo - Centro", "type": "establishment", "address": "Cerro Corá 883, Asunción 001219, Paraguay", "city": "Asunción", "phone": "0982 128140", "rating": 4.6, "reviews": 1273}}, {"type": "Feature", "geometry": {"type": "Point", "coordinates": [-57.6447801, -25.2862577]}, "properties": {"name": "La Económica", "type": "establishment", "address": "Montevideo y, Asunción 001012, Paraguay", "city": "Asunción", "phone": "(021) 494 722", "rating": 4.6, "reviews": 214}}, {"type": "Feature", "geometry": {"type": "Point", "coordinates": [-57.56606069999999, -25.2595515]}, "properties": {"name": "Festa Restaurante", "type": "establishment", "address": "PCRM+5HG, Av. Primer Presidente, Asunción 001521, Paraguay", "city": "Asunción", "phone": "", "rating": 3.2, "reviews": 79}}, {"type": "Feature", "geometry": {"type": "Point", "coordinates": [-57.56190580000001, -25.2926352]}, "properties": {"name": "Hospital Universitario Ntra. Ms. Asuncion", "type": "establishment", "address": "Eusebio Lilio, Asunción 001409, Paraguay", "city": "Asunción", "phone": "(021) 729 0042", "rating": 3.4, "reviews": 110}}, {"type": "Feature", "geometry": {"type": "Point", "coordinates": [-57.54655839999999, -25.2567786]}, "properties": {"name": "Hospital San Jorge, Instituto Nacional de Cardiología ASUNCION", "type": "establishment", "address": "Asunción 001509, Paraguay", "city": "Asunción", "phone": "(021) 292 532", "rating": 4.2, "reviews": 214}}, {"type": "Feature", "geometry": {"type": "Point", "coordinates": [-57.58064459999999, -25.2714132]}, "properties": {"name": "Instituto de Previsión Social", "type": "establishment", "address": "Santisimo Sacramento, Asunción 001531, Paraguay", "city": "Asunción", "phone": "(021) 290 136", "rating": 3.2, "reviews": 636}}, {"type": "Feature", "geometry": {"type": "Point", "coordinates": [-57.5932261, -25.2779394]}, "properties": {"name": "Institute of Tropical Medicine", "type": "establishment", "address": "PCC4+RPC, Asunción 001535, Paraguay", "city": "Asunción", "phone": "(021) 292 463", "rating": 4.3, "reviews": 172}}, {"type": "Feature", "geometry": {"type": "Point", "coordinates": [-57.61293269999999, -25.3006664]}, "properties": {"name": "Hospital del Trauma Prof. Dr. Manuel Giagni", "type": "establishment", "address": "M9XP+PRP, Av Gral Máximo Santos, Asunción 001227, Paraguay", "city": "Asunción", "phone": "(021) 204 800", "rating": 3.9, "reviews": 175}}, {"type": "Feature", "geometry": {"type": "Point", "coordinates": [-57.5783017, -25.3208209]}, "properties": {"name": "Hospital San Pablo", "type": "establishment", "address": "Asunción 001426, Paraguay", "city": "Asunción", "phone": "(021) 500 078", "rating": 4, "reviews": 365}}, {"type": "Feature", "geometry": {"type": "Point", "coordinates": [-57.576069, -25.261057]}, "properties": {"name": "Hospital Materno Infantil Santisima Trinidad", "type": "establishment", "address": "Itapua, Asunción 001521, Paraguay", "city": "Asunción", "phone": "(021) 290 165", "rating": 3.5, "reviews": 114}}, {"type": "Feature", "geometry": {"type": "Point", "coordinates": [-57.6445401, -25.2993306]}, "properties": {"name": "Public Hospital Barrio Obrero", "type": "establishment", "address": "P924+758, Av. Fulgencio Yegros, Asunción 001104, Paraguay", "city": "Asunción", "phone": "(021) 370 099", "rating": 3.5, "reviews": 218}}, {"type": "Feature", "geometry": {"type": "Point", "coordinates": [-57.5227777, -25.3234821]}, "properties": {"name": "Clinical Hospital of San Lorenzo", "type": "establishment", "address": "111421, Av. Mariscal López, San Lorenzo 111421, Paraguay", "city": "San Lorenzo", "phone": "(021) 585 730", "rating": 4, "reviews": 287}}, {"type": "Feature", "geometry": {"type": "Point", "coordinates": [-57.59286170000001, -25.2749777]}, "properties": {"name": "Instituto Nacional de Enfermedades Respiratorias y del Ambiente Juan Max Boettner", "type": "establishment", "address": "PCG4+2V2, Av. Venezuela, Asunción 001535, Paraguay", "city": "Asunción", "phone": "(021) 290 123", "rating": 4.4, "reviews": 255}}, {"type": "Feature", "geometry": {"type": "Point", "coordinates": [-57.6072885, -25.2729386]}, "properties": {"name": "La Costa", "type": "establishment", "address": "Av. Gral. José Gervasio Artigas 1500, Asunción 001202, Paraguay", "city": "Asunción", "phone": "(021) 217 1000", "rating": 4, "reviews": 615}}, {"type": "Feature", "geometry": {"type": "Point", "coordinates": [-57.62186000000001, -25.288247]}, "properties": {"name": "Sanatorio Migone", "type": "establishment", "address": "Eligio Ayala 1293, Asunción 1541, Paraguay", "city": "Asunción", "phone": "(021) 218 2000", "rating": 3.5, "reviews": 279}}, {"type": "Feature", "geometry": {"type": "Point", "coordinates": [-57.5976957, -25.2880058]}, "properties": {"name": "Sanatorio Italiano", "type": "establishment", "address": "Av. España, Asunción 001207, Paraguay", "city": "Asunción", "phone": "(021) 214 260", "rating": 3.7, "reviews": 144}}, {"type": "Feature", "geometry": {"type": "Point", "coordinates": [-57.58114680000001, -25.2585181]}, "properties": {"name": "Sanatorio Santa Barbara", "type": "establishment", "address": "Alejandro Ravizza 263, Asunción 001519, Paraguay", "city": "Asunción", "phone": "(021) 299 388", "rating": 3.8, "reviews": 99}}, {"type": "Feature", "geometry": {"type": "Point", "coordinates": [-57.64574649999999, -25.2795969]}, "properties": {"name": "Central Hospital", "type": "establishment", "address": "Don Bosco 745, Asunción 001010, Paraguay", "city": "Asunción", "phone": "(021) 440 189", "rating": 4.2, "reviews": 263}}, {"type": "Feature", "geometry": {"type": "Point", "coordinates": [-57.65182970000001, -25.2798154]}, "properties": {"name": "Ex Hospital de Clinicas", "type": "establishment", "address": "Tte. Pedro Rodi 2139, Asunción 001010, Paraguay", "city": "Asunción", "phone": "(021) 683 930", "rating": 3.9, "reviews": 51}}, {"type": "Feature", "geometry": {"type": "Point", "coordinates": [-57.5444978, -25.2414517]}, "properties": {"name": "Hospital Materno Infantil Loma Pyta - Asunción", "type": "establishment", "address": "QF53+QMV, Cap. H. C. Boris Dedoff, Asunción 001507, Paraguay", "city": "Asunción", "phone": "(021) 729 2000", "rating": 3.8, "reviews": 71}}, {"type": "Feature", "geometry": {"type": "Point", "coordinates": [-57.5988742, -25.2763065]}, "properties": {"name": "Sanatorio Santa Julia", "type": "establishment", "address": "Av. Brasilia 1182, Asunción 001206, Paraguay", "city": "Asunción", "phone": "(021) 236 5000", "rating": 3.5, "reviews": 178}}, {"type": "Feature", "geometry": {"type": "Point", "coordinates": [-57.59402850000001, -25.2795717]}, "properties": {"name": "Hospital Psiquiátrico", "type": "establishment", "address": "Av. Venezuela 1004, Asunción 001535, Paraguay", "city": "Asunción", "phone": "(021) 293 608", "rating": 3.7, "reviews": 58}}, {"type": "Feature", "geometry": {"type": "Point", "coordinates": [-57.578588, -25.2993976]}, "properties": {"name": "Centro Médico Bautista", "type": "establishment", "address": "Avda. República Argentina y, Campos Cervera 635, Asunción 001416, Paraguay", "city": "Asunción", "phone": "(021) 688 9000", "rating": 4.1, "reviews": 361}}, {"type": "Feature", "geometry": {"type": "Point", "coordinates": [-57.5811856, -25.2675872]}, "properties": {"name": "Dr. Jorge Jara Yorg", "type": "doctor", "address": "PCJ9+XG8, Genaro Romero, Asunción 001531, Paraguay", "city": "Asunción", "phone": "0981 976421", "rating": 4.8, "reviews": 23}}, {"type": "Feature", "geometry": {"type": "Point", "coordinates": [-57.6134879, -25.2956108]}, "properties": {"name": "Clínica Dr.Valé - Asunción I Consultas médicas y Estudios", "type": "establishment", "address": "Vice Pdte. Sanchez 491 esquina, Asunción 1535, Paraguay", "city": "Asunción", "phone": "0971 963000", "rating": 4, "reviews": 31}}, {"type": "Feature", "geometry": {"type": "Point", "coordinates": [-57.56814349999999, -25.3002463]}, "properties": {"name": "Consultorio Dr. Vacante", "type": "establishment", "address": "Av. Dr. Guido Boggiani y, Asunción 001416, Paraguay", "city": "Asunción", "phone": "0981 240335", "rating": 4.8, "reviews": 33}}, {"type": "Feature", "geometry": {"type": "Point", "coordinates": [-57.5766655, -25.2708165]}, "properties": {"name": "Clínica Dr. Irrazabal", "type": "establishment", "address": "Genaro Romero 515, Asunción 001531, Paraguay", "city": "Asunción", "phone": "(021) 290 608", "rating": 5, "reviews": 7}}, {"type": "Feature", "geometry": {"type": "Point", "coordinates": [-57.5987934, -25.2891817]}, "properties": {"name": "Dr Carlos Vera Andrada, consultorio", "type": "establishment", "address": "Zanotti Cavazzoni 333, Asunción 001207, Paraguay", "city": "Asunción", "phone": "(021) 205 824", "rating": 5, "reviews": 1}}, {"type": "Feature", "geometry": {"type": "Point", "coordinates": [-57.5882363, -25.2985802]}, "properties": {"name": "Clinica IMA", "type": "doctor", "address": "Dr. Eduardo L. Moreira esquina, Asunción 001413, Paraguay", "city": "Asunción", "phone": "0986 960270", "rating": 3.8, "reviews": 34}}, {"type": "Feature", "geometry": {"type": "Point", "coordinates": [-57.5772593, -25.2553413]}, "properties": {"name": "Centro Médico Corppolive", "type": "establishment", "address": "Santisimo Sacramento 3069, Asunción 001519, Paraguay", "city": "Asunción", "phone": "0971 568547", "rating": 5, "reviews": 259}}, {"type": "Feature", "geometry": {"type": "Point", "coordinates": [-57.6162965, -25.3074828]}, "properties": {"name": "Consultorio Dr. Alfonso", "type": "doctor", "address": "Suecia 1437 esq, Asunción 001236, Paraguay", "city": "Asunción", "phone": "0983 505909", "rating": 5, "reviews": 8}}, {"type": "Feature", "geometry": {"type": "Point", "coordinates": [-57.5738052, -25.2782788]}, "properties": {"name": "CEINEC- Centro Integral de Neurociencias", "type": "doctor", "address": "San Rafael 1045, Asunción 001528, Paraguay", "city": "Asunción", "phone": "0986 877177", "rating": 4.9, "reviews": 14}}, {"type": "Feature", "geometry": {"type": "Point", "coordinates": [-57.60841619999999, -25.2998567]}, "properties": {"name": "Cirujano Vascular Y Flebologo Especialista En Varices- Dr.Canata Paraguay", "type": "doctor", "address": "Av. Gral. Bernardino Caballero 729, Asunción 1849, Paraguay", "city": "Asunción", "phone": "(021) 214 191", "rating": 3.3, "reviews": 4}}, {"type": "Feature", "geometry": {"type": "Point", "coordinates": [-57.55404710000001, -25.309431]}, "properties": {"name": "La Costa Lynch", "type": "establishment", "address": "MCRW+59W, Victor Heyn, Asunción 001418, Paraguay", "city": "Asunción", "phone": "(021) 658 3000", "rating": 3.5, "reviews": 236}}, {"type": "Feature", "geometry": {"type": "Point", "coordinates": [-57.59805410000001, -25.2880686]}, "properties": {"name": "Consultorio Dr. Enrique Basili F.", "type": "doctor", "address": "Avenida España &, PC62+QQG, Zanotti Cavazzoni, Asunción 001207, Paraguay", "city": "Asunción", "phone": "(021) 208 662", "rating": 5, "reviews": 2}}, {"type": "Feature", "geometry": {"type": "Point", "coordinates": [-57.5699258, -25.317894]}, "properties": {"name": "Centro Médico Francés", "type": "doctor", "address": "Av. Eusebio Ayala 4870, Asunción 001427, Paraguay", "city": "Asunción", "phone": "0971 253000", "rating": 4.5, "reviews": 17}}, {"type": "Feature", "geometry": {"type": "Point", "coordinates": [-57.5592899, -25.2694154]}, "properties": {"name": "Osler Clinic / Dr. Javier Bogarín", "type": "establishment", "address": "Apt. 1A, Alexis Boggino 1012. casi, Asunción 001525, Paraguay", "city": "Asunción", "phone": "0986 171500", "rating": 5, "reviews": 1}}, {"type": "Feature", "geometry": {"type": "Point", "coordinates": [-57.6161474, -25.2842421]}, "properties": {"name": "Clínica Doctor Mussi", "type": "doctor", "address": "P98M+8G5, Av. Perú, Asunción 001210, Paraguay", "city": "Asunción", "phone": "202452", "rating": 5, "reviews": 24}}, {"type": "Feature", "geometry": {"type": "Point", "coordinates": [-57.55401849999999, -25.2866743]}, "properties": {"name": "Dr Hermes Godoy Muller", "type": "doctor", "address": "Fernando de Maldonado 2991 casi, Asunción 001401, Paraguay", "city": "Asunción", "phone": "0984 808218", "rating": 5, "reviews": 37}}, {"type": "Feature", "geometry": {"type": "Point", "coordinates": [-57.55861729999999, -25.3085334]}, "properties": {"name": "Dr. Gaston Trossero - Odontología Avanzada", "type": "dentist", "address": "Victor Heyn 7207 esquina, Asunción 001417, Paraguay", "city": "Asunción", "phone": "0984 102984", "rating": 5, "reviews": 155}}, {"type": "Feature", "geometry": {"type": "Point", "coordinates": [-57.592412, -25.29567]}, "properties": {"name": "Asuncion Dental Clinic", "type": "establishment", "address": "Pacheco, Av. Choferes Del Chaco 775, Asunción 1412, Paraguay", "city": "Asunción", "phone": "0984 536880", "rating": 4.8, "reviews": 38}}, {"type": "Feature", "geometry": {"type": "Point", "coordinates": [-57.59773789999999, -25.2841142]}, "properties": {"name": "Delica Dental Clinic - DDC", "type": "dentist", "address": "Fray Luis de Granada 492 casi, Asunción 001207, Paraguay", "city": "Asunción", "phone": "0985 391551", "rating": 4.9, "reviews": 104}}, {"type": "Feature", "geometry": {"type": "Point", "coordinates": [-57.5592273, -25.3067208]}, "properties": {"name": "Dental Protection Center", "type": "dentist", "address": "Dr. Pedro, Pedro Peña 7185, Asunción 001417, Paraguay", "city": "Asunción", "phone": "0981 600044", "rating": 4.9, "reviews": 212}}, {"type": "Feature", "geometry": {"type": "Point", "coordinates": [-57.60076480000001, -25.3027734]}, "properties": {"name": "Odonto Center Especialidades", "type": "establishment", "address": "Celsa Speratti, Asunción 001230, Paraguay", "city": "Asunción", "phone": "0983 535456", "rating": 4.9, "reviews": 107}}, {"type": "Feature", "geometry": {"type": "Point", "coordinates": [-57.56307200000001, -25.2852771]}, "properties": {"name": "Moreira Odontología Digital", "type": "dentist", "address": "N 1, Paseo La Galería Local 148, Av. Sta. Teresa 1827, Asunción 001410, Paraguay", "city": "Asunción", "phone": "0986 605580", "rating": 4.8, "reviews": 69}}, {"type": "Feature", "geometry": {"type": "Point", "coordinates": [-57.6209776, -25.290086]}, "properties": {"name": "Odontología 3", "type": "dentist", "address": "Mariscal Estigarribia 1414 c/ Pa'i Perez, Mcal. Estigarribia, Asunción 001218, Paraguay", "city": "Asunción", "phone": "(021) 200 175", "rating": 4.5, "reviews": 304}}, {"type": "Feature", "geometry": {"type": "Point", "coordinates": [-57.57731940000001, -25.2687842]}, "properties": {"name": "Clinica Neufeld", "type": "establishment", "address": "José Gonzalez Pedro Alcántara, Asunción 001528, Paraguay", "city": "Asunción", "phone": "0981 460005", "rating": 4.7, "reviews": 26}}, {"type": "Feature", "geometry": {"type": "Point", "coordinates": [-57.63218320000001, -25.2852965]}, "properties": {"name": "Clinical Odontoandrauss Assumption", "type": "dentist", "address": "Cerro Corá 489, Asunción 001101, Paraguay", "city": "Asunción", "phone": "0985 522225", "rating": 4.7, "reviews": 118}}, {"type": "Feature", "geometry": {"type": "Point", "coordinates": [-57.5767254, -25.2632374]}, "properties": {"name": "Trinidad Clinica Dental", "type": "establishment", "address": "Capitan Vicente Suarez, Asunción 001520, Paraguay", "city": "Asunción", "phone": "0981 294790", "rating": 4.7, "reviews": 29}}, {"type": "Feature", "geometry": {"type": "Point", "coordinates": [-57.590213, -25.2825577]}, "properties": {"name": "Clinica Elgue", "type": "dentist", "address": "Sta. Rosa 944, Asunción 001535, Paraguay", "city": "Asunción", "phone": "0971 999888", "rating": 4.8, "reviews": 76}}, {"type": "Feature", "geometry": {"type": "Point", "coordinates": [-57.60858799999999, -25.2999016]}, "properties": {"name": "Consultorio Dra. Malu Sosa Plate - Odonto ML", "type": "doctor", "address": "Av. Gral. Bernardino Caballero 729, Asunción 001228, Paraguay", "city": "Asunción", "phone": "0981 335213", "rating": 5, "reviews": 54}}, {"type": "Feature", "geometry": {"type": "Point", "coordinates": [-57.55918149999999, -25.2800194]}, "properties": {"name": "Centro Odontologico MEDIDENT", "type": "establishment", "address": "Av. Aviadores del Chaco 2875 casi, Asunción 001526, Paraguay", "city": "Asunción", "phone": "(021) 607 057", "rating": 4.3, "reviews": 58}}, {"type": "Feature", "geometry": {"type": "Point", "coordinates": [-57.61542069999999, -25.3091982]}, "properties": {"name": "𝗏𝗂𝖽𝖺𝗱𝗲𝗻𝘁𝗮𝗹", "type": "dentist", "address": "M9RM+8R8, Av. Dr. Fernando de la Mora 138 casi, Asunción 001311, Paraguay", "city": "Asunción", "phone": "0991 707289", "rating": 4.9, "reviews": 66}}, {"type": "Feature", "geometry": {"type": "Point", "coordinates": [-57.60226849999999, -25.2990958]}, "properties": {"name": "Odontología Dra. Silvana Boccia", "type": "dentist", "address": "25 de Mayo 3490, Asunción 001230, Paraguay", "city": "Asunción", "phone": "(021) 227 368", "rating": 4.5, "reviews": 11}}, {"type": "Feature", "geometry": {"type": "Point", "coordinates": [-57.6064241, -25.2874232]}, "properties": {"name": "INSTITUTO DE ODONTOLOGIA AVANZADA", "type": "establishment", "address": "Ayala Velazquez 532 c, Asunción 001208, Paraguay", "city": "Asunción", "phone": "0981 139996", "rating": 4.5, "reviews": 198}}, {"type": "Feature", "geometry": {"type": "Point", "coordinates": [-57.5827003, -25.2669484]}, "properties": {"name": "Clínica integral MAE", "type": "establishment", "address": "1713 1713, Asunción 1713, Paraguay", "city": "Asunción", "phone": "0991 419331", "rating": 5, "reviews": 5}}, {"type": "Feature", "geometry": {"type": "Point", "coordinates": [-57.60988099999999, -25.2893697]}, "properties": {"name": "Clinica Zanon", "type": "dentist", "address": "General Santos, Serrati 420, Asunción 001208, Paraguay", "city": "Asunción", "phone": "0981 858199", "rating": 4.7, "reviews": 30}}, {"type": "Feature", "geometry": {"type": "Point", "coordinates": [-57.5832504, -25.258577]}, "properties": {"name": "Dental MOLAS - Consultorio Odontologico", "type": "dentist", "address": "Molas Lopez 2318, Asunción 2318, Paraguay", "city": "Asunción", "phone": "0981 744380", "rating": 4.6, "reviews": 9}}, {"type": "Feature", "geometry": {"type": "Point", "coordinates": [-57.5868815, -25.292429]}, "properties": {"name": "OdontoArte - CLINICA ODONTOLOGICA", "type": "dentist", "address": "Gral. MacArthur 232, Asunción 001412, Paraguay", "city": "Asunción", "phone": "0971 212184", "rating": 4.9, "reviews": 66}}, {"type": "Feature", "geometry": {"type": "Point", "coordinates": [-57.5841317, -25.2707271]}, "properties": {"name": "Farmacia Catedral Suc. Sacramento", "type": "establishment", "address": "Asunción 001532, Paraguay", "city": "Asunción", "phone": "(021) 627 7203", "rating": 4.2, "reviews": 53}}, {"type": "Feature", "geometry": {"type": "Point", "coordinates": [-57.57395760000001, -25.2856304]}, "properties": {"name": "Catedral Drugstore", "type": "establishment", "address": "Sta. Ana 1473, Asunción 001529, Paraguay", "city": "Asunción", "phone": "(021) 627 7000", "rating": 4.4, "reviews": 214}}, {"type": "Feature", "geometry": {"type": "Point", "coordinates": [-57.58411799999999, -25.2862596]}, "properties": {"name": "Farmacia Vicente Scavone - Suc. España", "type": "establishment", "address": "Av. España, Asunción 001411, Paraguay", "city": "Asunción", "phone": "(021) 418 5000", "rating": 4.3, "reviews": 94}}, {"type": "Feature", "geometry": {"type": "Point", "coordinates": [-57.58618749999999, -25.2576875]}, "properties": {"name": "Farmacia Catedral Suc. Artigas", "type": "establishment", "address": "Asunción 001517, Paraguay", "city": "Asunción", "phone": "0981 668393", "rating": 4.7, "reviews": 11}}, {"type": "Feature", "geometry": {"type": "Point", "coordinates": [-57.5650305, -25.2720469]}, "properties": {"name": "Punto Farma Drugstore", "type": "establishment", "address": "Domingo Portillo y, Asunción 001526, Paraguay", "city": "Asunción", "phone": "(021) 616 1000", "rating": 4.2, "reviews": 109}}, {"type": "Feature", "geometry": {"type": "Point", "coordinates": [-57.59672210000001, -25.2914093]}, "properties": {"name": "Punto Farma 5", "type": "establishment", "address": "Av. Mariscal López Y, Asunción 001412, Paraguay", "city": "Asunción", "phone": "(061) 61000", "rating": 4.5, "reviews": 64}}, {"type": "Feature", "geometry": {"type": "Point", "coordinates": [-57.60544969999999, -25.2883586]}, "properties": {"name": "Farmacenter Hiper España", "type": "establishment", "address": "Av. España y, Asunción 1208, Paraguay", "city": "Asunción", "phone": "(021) 262 6000", "rating": 4.1, "reviews": 57}}, {"type": "Feature", "geometry": {"type": "Point", "coordinates": [-57.63386269999999, -25.2826077]}, "properties": {"name": "Farmacia Catedral Suc. Centro", "type": "establishment", "address": "Palma, Asunción 001101, Paraguay", "city": "Asunción", "phone": "(021) 627 7208", "rating": 4.2, "reviews": 73}}, {"type": "Feature", "geometry": {"type": "Point", "coordinates": [-57.5709471, -25.2800645]}, "properties": {"name": "Farmacenter Carmelitas", "type": "establishment", "address": "Av. Gral. José de San Martín esq, Asunción 1527, Paraguay", "city": "Asunción", "phone": "(021) 262 6000", "rating": 4.3, "reviews": 56}}, {"type": "Feature", "geometry": {"type": "Point", "coordinates": [-57.6134351, -25.3005949]}, "properties": {"name": "Farmacia Catedral General Santos Teodoro S. Mongelos", "type": "establishment", "address": "Avda. Gral Santos, Teodoro S. Mongelós esq, Asunción 001226, Paraguay", "city": "Asunción", "phone": "(021) 627 7221", "rating": 4.4, "reviews": 21}}, {"type": "Feature", "geometry": {"type": "Point", "coordinates": [-57.55298009999999, -25.2777575]}, "properties": {"name": "Farmacenter Aviadores 1", "type": "establishment", "address": "Av. Aviadores del Chaco 3308 esq, Asunción 1401, Paraguay", "city": "Asunción", "phone": "(021) 262 6000", "rating": 4.3, "reviews": 45}}, {"type": "Feature", "geometry": {"type": "Point", "coordinates": [-57.56043589999999, -25.2624159]}, "properties": {"name": "Farmacenter", "type": "establishment", "address": "Av. Primer Presidente casi, Asunción 001521, Paraguay", "city": "Asunción", "phone": "(021) 262 6000", "rating": 3.9, "reviews": 16}}, {"type": "Feature", "geometry": {"type": "Point", "coordinates": [-57.542754, -25.2410771]}, "properties": {"name": "Punto Farma", "type": "establishment", "address": "Tomas Lombardo y, Asunción 001506, Paraguay", "city": "Asunción", "phone": "(021) 616 1000", "rating": 4.4, "reviews": 66}}, {"type": "Feature", "geometry": {"type": "Point", "coordinates": [-57.644654, -25.2790301]}, "properties": {"name": "Farmacia Catedral Suc. Don Bosco", "type": "drugstore", "address": "Gral. Díaz esq, Asunción 001011, Paraguay", "city": "Asunción", "phone": "0981 784827", "rating": 4.8, "reviews": 20}}, {"type": "Feature", "geometry": {"type": "Point", "coordinates": [-57.57997469999999, -25.2938838]}, "properties": {"name": "Farmacenter Mcal. Lopez 1", "type": "establishment", "address": "PC4C+C2V, Av. Mariscal López 3683 casi, Asunción 1411, Paraguay", "city": "Asunción", "phone": "(021) 262 6000", "rating": 3.9, "reviews": 35}}, {"type": "Feature", "geometry": {"type": "Point", "coordinates": [-57.6216194, -25.2886562]}, "properties": {"name": "Farmacias Catedral Suc. Migone 2", "type": "establishment", "address": "Asunción 001218, Paraguay", "city": "Asunción", "phone": "0981 785231", "rating": 4.4, "reviews": 16}}, {"type": "Feature", "geometry": {"type": "Point", "coordinates": [-57.5638914, -25.3013653]}, "properties": {"name": "Farmacenter Mcal. Lopez 4", "type": "establishment", "address": "Av. Mariscal López Esq, Asunción 1407, Paraguay", "city": "Asunción", "phone": "(021) 262 6000", "rating": 3.9, "reviews": 30}}, {"type": "Feature", "geometry": {"type": "Point", "coordinates": [-57.6375641, -25.2812801]}, "properties": {"name": "Farmacenter Central", "type": "establishment", "address": "Estrella 526 entre, 14 De Mayo y, Asunción 1014, Paraguay", "city": "Asunción", "phone": "(021) 262 6000", "rating": 4.1, "reviews": 44}}, {"type": "Feature", "geometry": {"type": "Point", "coordinates": [-57.63669830000001, -25.2817586]}, "properties": {"name": "Punto Farma", "type": "establishment", "address": "Estrella &, 14 De Mayo, Asunción 001013, Paraguay", "city": "Asunción", "phone": "(021) 616 1000", "rating": 4.1, "reviews": 36}}, {"type": "Feature", "geometry": {"type": "Point", "coordinates": [-57.59458730000001, -25.2820806]}, "properties": {"name": "Farmacenter Venezuela", "type": "establishment", "address": "Venezuela 911 casi, Asunción 1206, Paraguay", "city": "Asunción", "phone": "(021) 262 6000", "rating": 4.4, "reviews": 34}}, {"type": "Feature", "geometry": {"type": "Point", "coordinates": [-57.6198764, -25.2888708]}, "properties": {"name": "Drugstore Asismed Mcal Lopez", "type": "establishment", "address": "P96J+F25, Asunción 001218, Paraguay", "city": "Asunción", "phone": "(021) 288 7777", "rating": 4.3, "reviews": 37}}, {"type": "Feature", "geometry": {"type": "Point", "coordinates": [-57.6073623, -25.2734485]}, "properties": {"name": "DRUGSTORE by Asismed - Artigas", "type": "establishment", "address": "Av. Gral. José Gervasio Artigas casi, Asunción 001202, Paraguay", "city": "Asunción", "phone": "(021) 288 7777", "rating": 3.5, "reviews": 2}}, {"type": "Feature", "geometry": {"type": "Point", "coordinates": [-57.5981288, -25.2761397]}, "properties": {"name": "Drugstore Asismed Sta. Julia", "type": "establishment", "address": "Nicasio Insaurralde y, Asunción 001206, Paraguay", "city": "Asunción", "phone": "(021) 288 7777", "rating": 4.1, "reviews": 13}}, {"type": "Feature", "geometry": {"type": "Point", "coordinates": [-57.55404650000001, -25.3095218]}, "properties": {"name": "Drugstore by Asismed Lynch", "type": "establishment", "address": "MCRW+59W, Victor Heyn, Asunción 001418, Paraguay", "city": "Asunción", "phone": "(021) 288 7777", "rating": 0.0, "reviews": 0}}, {"type": "Feature", "geometry": {"type": "Point", "coordinates": [-57.5654438, -25.2721751]}, "properties": {"name": "FarmaOliva Drugstore", "type": "establishment", "address": "Julio Correa y, Asunción 001520, Paraguay", "city": "Asunción", "phone": "0994 251182", "rating": 4.3, "reviews": 14}}, {"type": "Feature", "geometry": {"type": "Point", "coordinates": [-57.60773090000001, -25.2727083]}, "properties": {"name": "Drugstore by Asismed - Bahía", "type": "establishment", "address": "Estacionamiento Bahía Parking (La Costa, Concepción Leyes de Chávez 200, Asunción 001202, Paraguay", "city": "Asunción", "phone": "(021) 288 7777", "rating": 5, "reviews": 2}}, {"type": "Feature", "geometry": {"type": "Point", "coordinates": [-57.56423640000001, -25.2703175]}, "properties": {"name": "Farmacenter Drugstore", "type": "establishment", "address": "Julio Correa, Asunción 001520, Paraguay", "city": "Asunción", "phone": "(021) 262 6000", "rating": 3.6, "reviews": 14}}, {"type": "Feature", "geometry": {"type": "Point", "coordinates": [-57.58073219999999, -25.294263]}, "properties": {"name": "DermaStore", "type": "establishment", "address": "Av. Mariscal Lopez, Villamorra Shopping, San Roque Gonzalez de Santacruz esq, Asunción 001412, Paraguay", "city": "Asunción", "phone": "0993 575140", "rating": 4.7, "reviews": 48}}, {"type": "Feature", "geometry": {"type": "Point", "coordinates": [-57.5953209, -25.2870618]}, "properties": {"name": "Farmacias Energy", "type": "establishment", "address": "Av. España 2291, Asunción 001207, Paraguay", "city": "Asunción", "phone": "(021) 204 506", "rating": 4.4, "reviews": 58}}, {"type": "Feature", "geometry": {"type": "Point", "coordinates": [-57.5545889, -25.323484]}, "properties": {"name": "Punto Farma", "type": "drugstore", "address": "MCGW+J53, Ruta Mariscal José Felix Estigarribia, Fernando de la Mora 110308, Paraguay", "city": "Fernando de la Mora", "phone": "0982 024332", "rating": 2.9, "reviews": 18}}, {"type": "Feature", "geometry": {"type": "Point", "coordinates": [-57.57373500000001, -25.290207]}, "properties": {"name": "Medicamento Genérico S.A.", "type": "establishment", "address": "Avenida Gral. José de San Martin N° 658, Asunción 1003, Paraguay", "city": "Asunción", "phone": "(021) 664 050", "rating": 0.0, "reviews": 0}}, {"type": "Feature", "geometry": {"type": "Point", "coordinates": [-57.57856150000001, -25.2524772]}, "properties": {"name": "FARMACIA BOTANICO", "type": "establishment", "address": "Asunción 001519, Paraguay", "city": "Asunción", "phone": "0982 473121", "rating": 4.3, "reviews": 7}}, {"type": "Feature", "geometry": {"type": "Point", "coordinates": [-57.6218157, -25.3002135]}, "properties": {"name": "Medifarma Drugstore", "type": "establishment", "address": "Angel Iribas, Asunción 001223, Paraguay", "city": "Asunción", "phone": "(021) 205 189", "rating": 4.8, "reviews": 9}}, {"type": "Feature", "geometry": {"type": "Point", "coordinates": [-57.58287240000001, -25.2987317]}, "properties": {"name": "Catedral Drugstore", "type": "establishment", "address": "Dr. Toribio Pacheco, Asunción 001412, Paraguay", "city": "Asunción", "phone": "0981 784029", "rating": 4.3, "reviews": 14}}, {"type": "Feature", "geometry": {"type": "Point", "coordinates": [-57.58950189999999, -25.2612491]}, "properties": {"name": "Trigenesis S.R.L.", "type": "establishment", "address": "PCQ6+G55, Asunción 001532, Paraguay", "city": "Asunción", "phone": "0981 514185", "rating": 1, "reviews": 1}}, {"type": "Feature", "geometry": {"type": "Point", "coordinates": [-57.5806759, -25.2607323]}, "properties": {"name": "Qorvex Recovery Spot", "type": "establishment", "address": "Quito 141, Asunción 001519, Paraguay", "city": "Asunción", "phone": "", "rating": 5, "reviews": 3}}, {"type": "Feature", "geometry": {"type": "Point", "coordinates": [-57.63564849999999, -25.2938666]}, "properties": {"name": "Lic. Selva Pereira | Fisioterapia Kinesiología", "type": "establishment", "address": "Paraguari 1291, Asunción 001103, Paraguay", "city": "Asunción", "phone": "0982 609563", "rating": 5, "reviews": 49}}, {"type": "Feature", "geometry": {"type": "Point", "coordinates": [-57.61933499999999, -25.300458]}, "properties": {"name": "KINETICS Centro de FISIOTERAPIA", "type": "establishment", "address": "Mayor Sebastián Bullo 1147 casi, Asunción 001225, Paraguay", "city": "Asunción", "phone": "0991 403321", "rating": 5, "reviews": 207}}, {"type": "Feature", "geometry": {"type": "Point", "coordinates": [-57.57753, -25.2570695]}, "properties": {"name": "Consultorio Fisioterapia Asunción", "type": "establishment", "address": "Del Espíritu Santo 597, Asunción 001519, Paraguay", "city": "Asunción", "phone": "0986 247804", "rating": 0.0, "reviews": 0}}, {"type": "Feature", "geometry": {"type": "Point", "coordinates": [-57.58086419999999, -25.2575976]}, "properties": {"name": "REVITAL Gimnasio - Fisioterapia PY", "type": "establishment", "address": "Bogotá 520 1713, Asunción 001519, Paraguay", "city": "Asunción", "phone": "0983 267723", "rating": 4.8, "reviews": 27}}, {"type": "Feature", "geometry": {"type": "Point", "coordinates": [-57.589851, -25.2717371]}, "properties": {"name": "CL Fisioterapia", "type": "establishment", "address": "Bella Vista, Asunción 001535, Paraguay", "city": "Asunción", "phone": "0982 124719", "rating": 5, "reviews": 1}}, {"type": "Feature", "geometry": {"type": "Point", "coordinates": [-57.5609179, -25.2702901]}, "properties": {"name": "KinesioGold", "type": "establishment", "address": "Vicente Flores y, Asunción 001525, Paraguay", "city": "Asunción", "phone": "0991 381406", "rating": 5, "reviews": 7}}, {"type": "Feature", "geometry": {"type": "Point", "coordinates": [-57.5946727, -25.285989]}, "properties": {"name": "Centro Privado De Medicina Física y Rehabilitación - Cemefir", "type": "establishment", "address": "Av. Venezuela 664, Asunción 001535, Paraguay", "city": "Asunción", "phone": "0983 957570", "rating": 4.4, "reviews": 18}}, {"type": "Feature", "geometry": {"type": "Point", "coordinates": [-57.58017339999999, -25.289799]}, "properties": {"name": "Lic. Víctor Ávalos (Fix Advanced Therapy)", "type": "establishment", "address": "001411, Asunción 001411, Paraguay", "city": "Asunción", "phone": "0992 253152", "rating": 4.9, "reviews": 58}}, {"type": "Feature", "geometry": {"type": "Point", "coordinates": [-57.5676454, -25.3004488]}, "properties": {"name": "Clínica de Especialidades Kinésicas Reeducación", "type": "establishment", "address": "MCXJ+RWH, Av. Dr. Guido Boggiani, Asunción 001416, Paraguay", "city": "Asunción", "phone": "0982 205516", "rating": 4.3, "reviews": 12}}, {"type": "Feature", "geometry": {"type": "Point", "coordinates": [-57.567244, -25.2773151]}, "properties": {"name": "INDIVIDUAL Pilates & Fisioterapia", "type": "establishment", "address": "Prof. Manuel Riquelme y, Asunción 001527, Paraguay", "city": "Asunción", "phone": "0992 295889", "rating": 5, "reviews": 15}}, {"type": "Feature", "geometry": {"type": "Point", "coordinates": [-57.59610290000001, -25.2840225]}, "properties": {"name": "Fisioterapia Arbo", "type": "establishment", "address": "Fray Luis de Granada 641, Asunción 001207, Paraguay", "city": "Asunción", "phone": "", "rating": 5, "reviews": 2}}, {"type": "Feature", "geometry": {"type": "Point", "coordinates": [-57.60705540000001, -25.2948063]}, "properties": {"name": "Clinilife - Especialistas en Bienestar", "type": "establishment", "address": "Av. Gral. Bernardino Caballero 236, Asunción 001228, Paraguay", "city": "Asunción", "phone": "0981 122691", "rating": 5, "reviews": 20}}, {"type": "Feature", "geometry": {"type": "Point", "coordinates": [-57.58518890000001, -25.2634491]}, "properties": {"name": "Centro ACTIVA", "type": "establishment", "address": "Profesor Ferreira 2168 casi, Asunción 001532, Paraguay", "city": "Asunción", "phone": "0972 441500", "rating": 5, "reviews": 3}}, {"type": "Feature", "geometry": {"type": "Point", "coordinates": [-57.5976514, -25.2970072]}, "properties": {"name": "Pilates y Rehabilitación Mburicao", "type": "establishment", "address": "Dr. Justo Prieto 3774, Asunción 001229, Paraguay", "city": "Asunción", "phone": "0981 498080", "rating": 5, "reviews": 21}}, {"type": "Feature", "geometry": {"type": "Point", "coordinates": [-57.576, -25.2675]}, "properties": {"name": "Gabinete de Rehabilitación Física", "type": "establishment", "address": "Prócer Agustín Yegros 356, Asunción 001531, Paraguay", "city": "Asunción", "phone": "", "rating": 0.0, "reviews": 0}}, {"type": "Feature", "geometry": {"type": "Point", "coordinates": [-57.5876436, -25.274434]}, "properties": {"name": "Cortex Centro de Rehabilitación Física-Cognitiva", "type": "establishment", "address": "Prof. Viriato Díaz Pérez 1272, casi, Asunción 001534, Paraguay", "city": "Asunción", "phone": "0985 423647", "rating": 4.7, "reviews": 7}}, {"type": "Feature", "geometry": {"type": "Point", "coordinates": [-57.5829017, -25.2679397]}, "properties": {"name": "Ips", "type": "establishment", "address": "Santísimo Sacramento &, PCJ8+RRH, Genaro Romero, Asunción 001531, Paraguay", "city": "Asunción", "phone": "(021) 219 7000", "rating": 4.5, "reviews": 77}}, {"type": "Feature", "geometry": {"type": "Point", "coordinates": [-57.5848968, -25.2664206]}, "properties": {"name": "INNOVA FISIOTERAPIA DEPORTIVA LOCAL 2", "type": "establishment", "address": "Capitán Francisco Montanaro 1314, Asunción 001532, Paraguay", "city": "Asunción", "phone": "", "rating": 5, "reviews": 2}}, {"type": "Feature", "geometry": {"type": "Point", "coordinates": [-57.6186267, -25.3067486]}, "properties": {"name": "AJ Physio Recovery", "type": "establishment", "address": "Av. Proceres De Mayo 731, Asunción 001236, Paraguay", "city": "Asunción", "phone": "0991 927723", "rating": 5, "reviews": 5}}, {"type": "Feature", "geometry": {"type": "Point", "coordinates": [-57.58283309999999, -25.2907216]}, "properties": {"name": "Nantes Veterinary Hospital", "type": "establishment", "address": "Comandante Salaskin 291 y, Asunción 001411, Paraguay", "city": "Asunción", "phone": "0971 280025", "rating": 4.7, "reviews": 3078}}, {"type": "Feature", "geometry": {"type": "Point", "coordinates": [-57.6223653, -25.2933329]}, "properties": {"name": "Asuncion Pet", "type": "establishment", "address": "Av. Perú 730, Asunción 001220, Paraguay", "city": "Asunción", "phone": "0982 570001", "rating": 4.5, "reviews": 230}}, {"type": "Feature", "geometry": {"type": "Point", "coordinates": [-57.58633260000001, -25.2921995]}, "properties": {"name": "Clínica Dr. Brown", "type": "establishment", "address": "Quesada 4421, Asunción 001412, Paraguay", "city": "Asunción", "phone": "0981 504325", "rating": 4.6, "reviews": 77}}, {"type": "Feature", "geometry": {"type": "Point", "coordinates": [-57.5610103, -25.2660889]}, "properties": {"name": "Dr. Vic - Clinica Veterinaria", "type": "establishment", "address": "Julio Correa 1040, Asunción 001521, Paraguay", "city": "Asunción", "phone": "0981 993783", "rating": 4.3, "reviews": 130}}, {"type": "Feature", "geometry": {"type": "Point", "coordinates": [-57.5864099, -25.3080695]}, "properties": {"name": "VETCIA Centro Veterinario", "type": "establishment", "address": "Calle Cruz del Defensor 1750 e, Mayor José Martí y, Asunción 001001, Paraguay", "city": "Asunción", "phone": "0984 723141", "rating": 4.5, "reviews": 244}}, {"type": "Feature", "geometry": {"type": "Point", "coordinates": [-57.5854608, -25.287084]}, "properties": {"name": "HVA HOSPITAL VETERINARIO", "type": "establishment", "address": "Dr. Antonio Bestard 576, Asunción 1420, Paraguay", "city": "Asunción", "phone": "0982 516811", "rating": 4, "reviews": 46}}, {"type": "Feature", "geometry": {"type": "Point", "coordinates": [-57.5832449, -25.2560127]}, "properties": {"name": "Centro Veterinario San Agustín", "type": "establishment", "address": "Av. Gral. José Gervasio Artigas 3930, Asunción 001519, Paraguay", "city": "Asunción", "phone": "0972 184057", "rating": 4.4, "reviews": 323}}, {"type": "Feature", "geometry": {"type": "Point", "coordinates": [-57.59825169999999, -25.2666926]}, "properties": {"name": "DRA. VET", "type": "establishment", "address": "Av. Gral. José Gervasio Artigas 2473, Asunción 001202, Paraguay", "city": "Asunción", "phone": "0995 651887", "rating": 5, "reviews": 9}}, {"type": "Feature", "geometry": {"type": "Point", "coordinates": [-57.55584769999999, -25.2749017]}, "properties": {"name": "La Quinta", "type": "establishment", "address": "PCGV+2MJ, Asunción 001526, Paraguay", "city": "Asunción", "phone": "0984 933801", "rating": 4.5, "reviews": 534}}, {"type": "Feature", "geometry": {"type": "Point", "coordinates": [-57.54769109999999, -25.270039]}, "properties": {"name": "Animal Care Clínica Veterinaria y Pet Shop", "type": "establishment", "address": "Eloy Páez 968, Asunción 001518, Paraguay", "city": "Asunción", "phone": "0961 330301", "rating": 5, "reviews": 10}}, {"type": "Feature", "geometry": {"type": "Point", "coordinates": [-57.5771538, -25.2850362]}, "properties": {"name": "Vetpraxis SRL", "type": "establishment", "address": "Av. España 1237, Asunción 001529, Paraguay", "city": "Asunción", "phone": "0982 154256", "rating": 4.6, "reviews": 19}}, {"type": "Feature", "geometry": {"type": "Point", "coordinates": [-57.5508232, -25.2760897]}, "properties": {"name": "Loyal Centro Veterinario", "type": "establishment", "address": "Mayor Leandro Aponte, &, Asunción 001524, Paraguay", "city": "Asunción", "phone": "0971 261766", "rating": 4.8, "reviews": 64}}, {"type": "Feature", "geometry": {"type": "Point", "coordinates": [-57.6132882, -25.2920631]}, "properties": {"name": "Ferrer Centro Veterinario", "type": "establishment", "address": "Mcal Lopez 1123 entre, J.M, Gral. Mariano Melgarejo y, Asunción 1102, Paraguay", "city": "Asunción", "phone": "0983 972397", "rating": 4.8, "reviews": 73}}, {"type": "Feature", "geometry": {"type": "Point", "coordinates": [-57.5621724, -25.2682078]}, "properties": {"name": "Veterinaria LO DE ALFONSO", "type": "establishment", "address": "Futsal 88 N° 1593 e, Asunción 001525, Paraguay", "city": "Asunción", "phone": "0981 781332", "rating": 4.5, "reviews": 33}}, {"type": "Feature", "geometry": {"type": "Point", "coordinates": [-57.5927355, -25.3241332]}, "properties": {"name": "AgroDog", "type": "establishment", "address": "MCG4+8WR, Curupay, Asunción 001424, Paraguay", "city": "Asunción", "phone": "0981 547306", "rating": 4.1, "reviews": 371}}, {"type": "Feature", "geometry": {"type": "Point", "coordinates": [-57.57605, -25.2687709]}, "properties": {"name": "De michis", "type": "establishment", "address": "Padre de la Cruz Ortigoza, Asunción 001531, Paraguay", "city": "Asunción", "phone": "0982 614812", "rating": 5, "reviews": 36}}, {"type": "Feature", "geometry": {"type": "Point", "coordinates": [-57.5838146, -25.3275797]}, "properties": {"name": "Veterinaria Pet Animal Care", "type": "establishment", "address": "Av. La Victoria casi, Asunción 1209, Paraguay", "city": "Asunción", "phone": "0991 746306", "rating": 4.3, "reviews": 6}}, {"type": "Feature", "geometry": {"type": "Point", "coordinates": [-57.63618839999999, -25.2977607]}, "properties": {"name": "Guau Y Michi", "type": "establishment", "address": "P927+VGV, Asunción 001103, Paraguay", "city": "Asunción", "phone": "0981 430144", "rating": 4, "reviews": 288}}, {"type": "Feature", "geometry": {"type": "Point", "coordinates": [-57.5662754, -25.2897573]}, "properties": {"name": "BartrinaVet y Hotel Felino", "type": "establishment", "address": "Raul Carmona 947-A e/Tte. Vera y Austria, Barrio Ycua Saty, Asunción 1820, Paraguay", "city": "Asunción", "phone": "0981 476089", "rating": 4.8, "reviews": 135}}, {"type": "Feature", "geometry": {"type": "Point", "coordinates": [-57.6268158, -25.2977829]}, "properties": {"name": "Agroveterinaria Central S.R.L", "type": "establishment", "address": "Av. Dr. José Gaspar Rodriguez de Francia 1423, Asunción 1548, Paraguay", "city": "Asunción", "phone": "(021) 214 914", "rating": 4.6, "reviews": 2419}}, {"type": "Feature", "geometry": {"type": "Point", "coordinates": [-57.5734754, -25.2684194]}, "properties": {"name": "S6 Express Molas López", "type": "establishment", "address": "PCJG+JJJ, Asunción 001520, Paraguay", "city": "Asunción", "phone": "(021) 414 1960", "rating": 4.3, "reviews": 84}}, {"type": "Feature", "geometry": {"type": "Point", "coordinates": [-57.5811818, -25.2547155]}, "properties": {"name": "Stock", "type": "establishment", "address": "Asunción 001519, Paraguay", "city": "Asunción", "phone": "0982 854513", "rating": 4, "reviews": 1719}}, {"type": "Feature", "geometry": {"type": "Point", "coordinates": [-57.553818, -25.2930393]}, "properties": {"name": "Xtra24/7 - Tienda 24 horas", "type": "establishment", "address": "Eusebio Lillo Robles 3099, Asunción 001409, Paraguay", "city": "Asunción", "phone": "0992 440637", "rating": 4.7, "reviews": 49}}, {"type": "Feature", "geometry": {"type": "Point", "coordinates": [-57.5787995, -25.2687645]}, "properties": {"name": "Biggie Express", "type": "establishment", "address": "Genaro Romero esq, Asunción 001531, Paraguay", "city": "Asunción", "phone": "(021) 729 0300", "rating": 4.4, "reviews": 238}}, {"type": "Feature", "geometry": {"type": "Point", "coordinates": [-57.55751239999999, -25.2641078]}, "properties": {"name": "Superseis - Primer Presidente", "type": "establishment", "address": "PCPR+9X6, Asunción 001525, Paraguay", "city": "Asunción", "phone": "", "rating": 4.4, "reviews": 127}}, {"type": "Feature", "geometry": {"type": "Point", "coordinates": [-57.57597620000001, -25.2636827]}, "properties": {"name": "STORE PARAGUAY", "type": "establishment", "address": "PCPF+GJC, DDDDDDDDDD, Asunción 001520, Paraguay", "city": "Asunción", "phone": "", "rating": 2, "reviews": 2}}, {"type": "Feature", "geometry": {"type": "Point", "coordinates": [-57.57887059999999, -25.2971693]}, "properties": {"name": "Real Supermarket", "type": "establishment", "address": "Dr. Juan Eulogio Estigarribia, Asunción 001412, Paraguay", "city": "Asunción", "phone": "(021) 602 030", "rating": 4.2, "reviews": 4965}}, {"type": "Feature", "geometry": {"type": "Point", "coordinates": [-57.55968650000001, -25.2922607]}, "properties": {"name": "Superseis - Denis Roa", "type": "establishment", "address": "Denis Roa 1121, Asunción 001409, Paraguay", "city": "Asunción", "phone": "(021) 661 389", "rating": 4.3, "reviews": 4165}}, {"type": "Feature", "geometry": {"type": "Point", "coordinates": [-57.58493799999999, -25.2723636]}, "properties": {"name": "Stock Supermarket", "type": "establishment", "address": "Dr. Manuel Peña y, Asunción 001534, Paraguay", "city": "Asunción", "phone": "(021) 414 1980", "rating": 3.9, "reviews": 3196}}, {"type": "Feature", "geometry": {"type": "Point", "coordinates": [-57.5714394, -25.2722849]}, "properties": {"name": "Casa Rica - Molas López", "type": "establishment", "address": "Av Dr Felipe Molas López, &, Asunción 001528, Paraguay", "city": "Asunción", "phone": "(021) 729 7200", "rating": 4.7, "reviews": 5598}}, {"type": "Feature", "geometry": {"type": "Point", "coordinates": [-57.58048059999999, -25.2852318]}, "properties": {"name": "ALMACEN 247", "type": "establishment", "address": "Av. España 840, Asunción 001411, Paraguay", "city": "Asunción", "phone": "0976 669992", "rating": 4.6, "reviews": 90}}, {"type": "Feature", "geometry": {"type": "Point", "coordinates": [-57.5675396, -25.2821058]}, "properties": {"name": "Delimarket", "type": "establishment", "address": "Av. Aviadores del Chaco, Asunción 001529, Paraguay", "city": "Asunción", "phone": "0983 500300", "rating": 4.6, "reviews": 4540}}, {"type": "Feature", "geometry": {"type": "Point", "coordinates": [-57.59671489999999, -25.3081601]}, "properties": {"name": "Supermarket Gran Vía", "type": "establishment", "address": "&, Av. Eusebio Ayala, Asunción 001230, Paraguay", "city": "Asunción", "phone": "(021) 614 994", "rating": 4.1, "reviews": 4512}}, {"type": "Feature", "geometry": {"type": "Point", "coordinates": [-57.58389, -25.2569682]}, "properties": {"name": "Ex-supermercado Ycuá Bolaños", "type": "establishment", "address": "PCV8+6C9, Av. Gral. José Gervasio Artigas, Asunción 001519, Paraguay", "city": "Asunción", "phone": "", "rating": 4.6, "reviews": 105}}, {"type": "Feature", "geometry": {"type": "Point", "coordinates": [-57.57133090000001, -25.264748]}, "properties": {"name": "Biggie Express - Trinidad Jade", "type": "establishment", "address": "Av. Santísima Trinidad esq, Asunción 001520, Paraguay", "city": "Asunción", "phone": "(021) 729 0300", "rating": 4.1, "reviews": 584}}, {"type": "Feature", "geometry": {"type": "Point", "coordinates": [-57.5767152, -25.2952003]}, "properties": {"name": "Copemarket Deli", "type": "establishment", "address": "PC3F+W8, Av. Gral. José de San Martín, Asunción 001408, Paraguay", "city": "Asunción", "phone": "0976 766773", "rating": 4, "reviews": 196}}, {"type": "Feature", "geometry": {"type": "Point", "coordinates": [-57.6071934, -25.3045957]}, "properties": {"name": "Stock Kubitschek", "type": "establishment", "address": "M9WV+547, Asunción 001230, Paraguay", "city": "Asunción", "phone": "", "rating": 4.1, "reviews": 1795}}, {"type": "Feature", "geometry": {"type": "Point", "coordinates": [-57.5940166, -25.3212279]}, "properties": {"name": "Supermercado Stock", "type": "establishment", "address": "MCH4+C8J, Av. República Argentina esq, Asunción 001423, Paraguay", "city": "Asunción", "phone": "(021) 414 1980", "rating": 3.9, "reviews": 3375}}, {"type": "Feature", "geometry": {"type": "Point", "coordinates": [-57.54584069999999, -25.2764061]}, "properties": {"name": "AD Market/American Door Casa Central", "type": "establishment", "address": "Av. Madame Lynch 2561 casi, Asunción 001401, Paraguay", "city": "Asunción", "phone": "0971 757577", "rating": 4.2, "reviews": 1596}}, {"type": "Feature", "geometry": {"type": "Point", "coordinates": [-57.56040899999999, -25.2623896]}, "properties": {"name": "Biggie Express - Primer Presidente", "type": "establishment", "address": "PCQQ+44H, Av. Primer Presidente, Asunción 001521, Paraguay", "city": "Asunción", "phone": "", "rating": 4.3, "reviews": 617}}, {"type": "Feature", "geometry": {"type": "Point", "coordinates": [-57.598443, -25.2752603]}, "properties": {"name": "STOCK supermarket Brasilia", "type": "establishment", "address": "PCF2+VJV, Av. Brasilia, Asunción 001206, Paraguay", "city": "Asunción", "phone": "(021) 414 1980", "rating": 3.8, "reviews": 1782}}, {"type": "Feature", "geometry": {"type": "Point", "coordinates": [-57.63873999999999, -25.28755]}, "properties": {"name": "Supermercado Stock", "type": "establishment", "address": "Chile y, Asunción 001101, Paraguay", "city": "Asunción", "phone": "", "rating": 4, "reviews": 1429}}, {"type": "Feature", "geometry": {"type": "Point", "coordinates": [-57.5642771, -25.3027058]}, "properties": {"name": "Hiperseis hypermarket", "type": "establishment", "address": "Hassler 6555, Asunción 001416, Paraguay", "city": "Asunción", "phone": "(021) 414 1960", "rating": 4.4, "reviews": 11252}}, {"type": "Feature", "geometry": {"type": "Point", "coordinates": [-57.58343660000001, -25.2677084]}, "properties": {"name": "Stock Express Sacramento", "type": "establishment", "address": "PCJ8+WJ8, Asunción 001532, Paraguay", "city": "Asunción", "phone": "(021) 298 527", "rating": 3.8, "reviews": 608}}, {"type": "Feature", "geometry": {"type": "Point", "coordinates": [-57.5664943, -25.2593937]}, "properties": {"name": "Areté Primer Presidente", "type": "establishment", "address": "Av. Primer Presidente, Asunción 001521, Paraguay", "city": "Asunción", "phone": "(021) 729 0006", "rating": 4.6, "reviews": 1246}}, {"type": "Feature", "geometry": {"type": "Point", "coordinates": [-57.56297479999999, -25.2702565]}, "properties": {"name": "Superseis - Mburucuya", "type": "establishment", "address": "Fuerte Borbón 280, Asunción 001526, Paraguay", "city": "Asunción", "phone": "(021) 612 004", "rating": 4.4, "reviews": 4680}}, {"type": "Feature", "geometry": {"type": "Point", "coordinates": [-57.5713844, -25.3253995]}, "properties": {"name": "SUPERMAS S.A.", "type": "establishment", "address": "Asunción 001428, Paraguay", "city": "Asunción", "phone": "(021) 238 7300", "rating": 4.4, "reviews": 2472}}, {"type": "Feature", "geometry": {"type": "Point", "coordinates": [-57.5862293, -25.2855573]}, "properties": {"name": "Casa Rica", "type": "bakery", "address": "Av. España, Asunción 001530, Paraguay", "city": "Asunción", "phone": "(021) 729 7200", "rating": 4.7, "reviews": 11190}}, {"type": "Feature", "geometry": {"type": "Point", "coordinates": [-57.6613811, -25.2901967]}, "properties": {"name": "Pacific supermarket", "type": "establishment", "address": "P85Q+WCH, Asunción 001006, Paraguay", "city": "Asunción", "phone": "(021) 423 548", "rating": 4.3, "reviews": 1361}}, {"type": "Feature", "geometry": {"type": "Point", "coordinates": [-57.5635388, -25.2847299]}, "properties": {"name": "Superseis - Paseo La Galería", "type": "establishment", "address": "Av. Sta. Teresa 1827, Asunción 001410, Paraguay", "city": "Asunción", "phone": "(021) 414 1960", "rating": 4.5, "reviews": 3183}}, {"type": "Feature", "geometry": {"type": "Point", "coordinates": [-57.6058491, -25.2874104]}, "properties": {"name": "Superseis - España", "type": "establishment", "address": "Pitiantuta, Asunción 001208, Paraguay", "city": "Asunción", "phone": "(021) 213 023", "rating": 4.4, "reviews": 5279}}, {"type": "Feature", "geometry": {"type": "Point", "coordinates": [-57.61755909999999, -25.3087363]}, "properties": {"name": "Real San Vicente supermarket", "type": "establishment", "address": "Av. Proceres De Mayo, Asunción 001237, Paraguay", "city": "Asunción", "phone": "(021) 230 231", "rating": 4.3, "reviews": 5542}}, {"type": "Feature", "geometry": {"type": "Point", "coordinates": [-57.5827988, -25.2659284]}, "properties": {"name": "Biggie IPS Sacramento", "type": "convenience_store", "address": "PCM8+JVG, Asunción 001532, Paraguay", "city": "Asunción", "phone": "0985 335392", "rating": 4.3, "reviews": 174}}, {"type": "Feature", "geometry": {"type": "Point", "coordinates": [-57.5827175, -25.2657545]}, "properties": {"name": "Biggie Express", "type": "establishment", "address": "Santisimo Sacramento 2085, Asunción 001532, Paraguay", "city": "Asunción", "phone": "(021) 729 0300", "rating": 4.2, "reviews": 90}}, {"type": "Feature", "geometry": {"type": "Point", "coordinates": [-57.57107379999999, -25.2586931]}, "properties": {"name": "Biggie Express", "type": "establishment", "address": "My. Albertano Zayas, Asunción 001521, Paraguay", "city": "Asunción", "phone": "(021) 729 0300", "rating": 4.3, "reviews": 222}}, {"type": "Feature", "geometry": {"type": "Point", "coordinates": [-57.57339039999999, -25.2695043]}, "properties": {"name": "Biggie Express", "type": "establishment", "address": "PCJG+5JX, Río Tebicuary, Asunción 001528, Paraguay", "city": "Asunción", "phone": "", "rating": 4.2, "reviews": 46}}, {"type": "Feature", "geometry": {"type": "Point", "coordinates": [-57.57551689999999, -25.2537248]}, "properties": {"name": "Shell", "type": "convenience_store", "address": "Santisimo Sacramento 1, Asunción 001519, Paraguay", "city": "Asunción", "phone": "4175000", "rating": 4.7, "reviews": 48}}, {"type": "Feature", "geometry": {"type": "Point", "coordinates": [-57.5789476, -25.2522661]}, "properties": {"name": "Shell", "type": "convenience_store", "address": "Av. Gral. José Gervasio Artigas, Asunción 001518, Paraguay", "city": "Asunción", "phone": "4175000", "rating": 4.2, "reviews": 590}}, {"type": "Feature", "geometry": {"type": "Point", "coordinates": [-57.57945969999999, -25.287445]}, "properties": {"name": "Biggie Express", "type": "convenience_store", "address": "Eusebio Lillo Robles esq, Asunción 001411, Paraguay", "city": "Asunción", "phone": "(021) 729 0300", "rating": 4.4, "reviews": 285}}, {"type": "Feature", "geometry": {"type": "Point", "coordinates": [-57.59355239999999, -25.2704123]}, "properties": {"name": "Biggie Express", "type": "establishment", "address": "Av Venezuela, &, Miguel de Cervantes Saavedra, Asunción 001206, Paraguay", "city": "Asunción", "phone": "(021) 729 0300", "rating": 4.4, "reviews": 565}}, {"type": "Feature", "geometry": {"type": "Point", "coordinates": [-57.57222590000001, -25.287645]}, "properties": {"name": "Superseis Express San Martín", "type": "establishment", "address": "PC6H+X4P, Av. Gral. José de San Martín, Asunción 001410, Paraguay", "city": "Asunción", "phone": "(021) 414 1960", "rating": 4.3, "reviews": 87}}, {"type": "Feature", "geometry": {"type": "Point", "coordinates": [-57.56344719999999, -25.2843592]}, "properties": {"name": "Paseo La Galería", "type": "establishment", "address": "Av. Sta. Teresa 1827, Asunción 001410, Paraguay", "city": "Asunción", "phone": "(021) 659 4000", "rating": 4.7, "reviews": 30735}}, {"type": "Feature", "geometry": {"type": "Point", "coordinates": [-57.56667429999999, -25.2828559]}, "properties": {"name": "delSol", "type": "establishment", "address": "Av. Aviadores del Chaco, Asunción 001529, Paraguay", "city": "Asunción", "phone": "(021) 611 780", "rating": 4.6, "reviews": 27593}}, {"type": "Feature", "geometry": {"type": "Point", "coordinates": [-57.6388257, -25.2877297]}, "properties": {"name": "Mall Excelsior", "type": "establishment", "address": "Chile 993, Asunción 001101, Paraguay", "city": "Asunción", "phone": "", "rating": 4.1, "reviews": 8487}}, {"type": "Feature", "geometry": {"type": "Point", "coordinates": [-57.5811803, -25.2950817]}, "properties": {"name": "Shopping Mariscal", "type": "establishment", "address": "Quesada 5050, Asunción 1411, Paraguay", "city": "Asunción", "phone": "(021) 611 272", "rating": 4.6, "reviews": 24485}}, {"type": "Feature", "geometry": {"type": "Point", "coordinates": [-57.5805923, -25.2942796]}, "properties": {"name": "Shopping Villa Morra", "type": "establishment", "address": "Av. Mariscal López 3974 y, Asunción 001411, Paraguay", "city": "Asunción", "phone": "(021) 603 050", "rating": 4.4, "reviews": 14295}}, {"type": "Feature", "geometry": {"type": "Point", "coordinates": [-57.5714466, -25.3165308]}, "properties": {"name": "Shopping Multiplaza", "type": "establishment", "address": "Av. Eusebio Ayala 4501, Asunción 001419, Paraguay", "city": "Asunción", "phone": "(021) 511 005", "rating": 4.3, "reviews": 23983}}, {"type": "Feature", "geometry": {"type": "Point", "coordinates": [-57.55751979999999, -25.2830535]}, "properties": {"name": "Paseo Die Ecke", "type": "clothing_store", "address": "Denis Roa esq, Asunción 001401, Paraguay", "city": "Asunción", "phone": "0981 998040", "rating": 4.7, "reviews": 206}}, {"type": "Feature", "geometry": {"type": "Point", "coordinates": [-57.6383446, -25.2822232]}, "properties": {"name": "Asunción Super Centro", "type": "establishment", "address": "15 De Agosto, Asunción 001013, Paraguay", "city": "Asunción", "phone": "(021) 493 333", "rating": 3.9, "reviews": 8449}}, {"type": "Feature", "geometry": {"type": "Point", "coordinates": [-57.5542075, -25.2776675]}, "properties": {"name": "Plaza Moiety", "type": "establishment", "address": "Av. Aviadores del Chaco 3215, Asunción 001524, Paraguay", "city": "Asunción", "phone": "0976 533931", "rating": 4.5, "reviews": 1342}}, {"type": "Feature", "geometry": {"type": "Point", "coordinates": [-57.573183, -25.287837]}, "properties": {"name": "Feria Asunción", "type": "clothing_store", "address": "Av. Gral. José de San Martín 893, Asunción 001411, Paraguay", "city": "Asunción", "phone": "0971 300200", "rating": 4.4, "reviews": 9041}}, {"type": "Feature", "geometry": {"type": "Point", "coordinates": [-57.57400209999999, -25.2919782]}, "properties": {"name": "Paseo Los Árboles", "type": "establishment", "address": "PC5G+F2X, Av. Gral. José de San Martín, Asunción 001408, Paraguay", "city": "Asunción", "phone": "0983 155511", "rating": 4.5, "reviews": 430}}, {"type": "Feature", "geometry": {"type": "Point", "coordinates": [-57.590185, -25.286192]}, "properties": {"name": "Marketplace", "type": "clothing_store", "address": "PC75+HV4, Av. España 2621, Asunción 001534, Paraguay", "city": "Asunción", "phone": "0981 203891", "rating": 4.5, "reviews": 2435}}, {"type": "Feature", "geometry": {"type": "Point", "coordinates": [-57.5764952, -25.286784]}, "properties": {"name": "Paseo Via Allegra", "type": "establishment", "address": "Senador Huey Pierce Long &, Teniente Héctor Vera, Asunción 001411, Paraguay", "city": "Asunción", "phone": "(021) 600 077", "rating": 4.6, "reviews": 366}}, {"type": "Feature", "geometry": {"type": "Point", "coordinates": [-57.5757877, -25.2887906]}, "properties": {"name": "OUTLET PREMIUM", "type": "establishment", "address": "Eusebio Lillo Robles 1418, Asunción 001411, Paraguay", "city": "Asunción", "phone": "0981 823674", "rating": 4.8, "reviews": 141}}, {"type": "Feature", "geometry": {"type": "Point", "coordinates": [-57.56717379999999, -25.2746921]}, "properties": {"name": "Paseo miraflores", "type": "establishment", "address": "Paseo Miraflores, Julio Correa 143, Asunción 001520, Paraguay", "city": "Asunción", "phone": "(021) 613 914", "rating": 4.2, "reviews": 182}}, {"type": "Feature", "geometry": {"type": "Point", "coordinates": [-57.56700159999999, -25.2843526]}, "properties": {"name": "World Trade Center Asunción", "type": "establishment", "address": "PC8M+755 Capitalis, Av. Aviadores del Chaco, Asunción 001410, Paraguay", "city": "Asunción", "phone": "(021) 238 4669", "rating": 4.6, "reviews": 4184}}, {"type": "Feature", "geometry": {"type": "Point", "coordinates": [-57.5746136, -25.290966]}, "properties": {"name": "Plaza Hogar - San Martin", "type": "establishment", "address": "Av. Gral. José de San Martín 578 esq, Asunción 001411, Paraguay", "city": "Asunción", "phone": "(021) 614 860", "rating": 4.5, "reviews": 2922}}, {"type": "Feature", "geometry": {"type": "Point", "coordinates": [-57.5817184, -25.2946759]}, "properties": {"name": "Unicentro - Shopping Mariscal", "type": "department_store", "address": "Quesada 5.050 c, Asunción 001412, Paraguay", "city": "Asunción", "phone": "(021) 411 7705", "rating": 4.4, "reviews": 852}}, {"type": "Feature", "geometry": {"type": "Point", "coordinates": [-57.6220538, -25.2990723]}, "properties": {"name": "2020 Galeria Bonanza", "type": "establishment", "address": "P92H+74X, Silvio Pettirossi, Asunción 1536, Paraguay", "city": "Asunción", "phone": "0985 278541", "rating": 4.5, "reviews": 241}}, {"type": "Feature", "geometry": {"type": "Point", "coordinates": [-57.5844665, -25.2982683]}, "properties": {"name": "Grace Boutique ASUNCIÓN", "type": "clothing_store", "address": "Dr. Toribio Pacheco casi, Asunción 001413, Paraguay", "city": "Asunción", "phone": "0971 912966", "rating": 4.7, "reviews": 81}}, {"type": "Feature", "geometry": {"type": "Point", "coordinates": [-57.5871841, -25.2584566]}, "properties": {"name": "My Store", "type": "clothing_store", "address": "Av. Gral. José Gervasio Artigas 3609, Asunción 3609, Paraguay", "city": "Asunción", "phone": "0981 506229", "rating": 4.4, "reviews": 298}}, {"type": "Feature", "geometry": {"type": "Point", "coordinates": [-57.579019, -25.307924]}, "properties": {"name": "Carola Boutique - Asunción", "type": "clothing_store", "address": "MCRC+R9Q, Asunción 001415, Paraguay", "city": "Asunción", "phone": "0986 376020", "rating": 4.6, "reviews": 184}}, {"type": "Feature", "geometry": {"type": "Point", "coordinates": [-57.60227159999999, -25.2787119]}, "properties": {"name": "LA CONDESA ASUNCION - BOUTIQUE", "type": "clothing_store", "address": "Concordia 909, Asunción 001205, Paraguay", "city": "Asunción", "phone": "0981 212222", "rating": 4.5, "reviews": 72}}, {"type": "Feature", "geometry": {"type": "Point", "coordinates": [-57.57042819999999, -25.2790361]}, "properties": {"name": "LIMON", "type": "clothing_store", "address": "Av. Gral. José de San Martín 1713 casi, Asunción 001527, Paraguay", "city": "Asunción", "phone": "0983 695613", "rating": 4.4, "reviews": 24}}, {"type": "Feature", "geometry": {"type": "Point", "coordinates": [-57.61878989999999, -25.2977137]}, "properties": {"name": "Pitonisa Boutique (Teodoro Mongelos esq Gral Bruguez)", "type": "clothing_store", "address": "Teodoro Mongelos 1984 esquina, Gral. José María Bruguéz, Asunción 001225, Paraguay", "city": "Asunción", "phone": "0984 551116", "rating": 4.6, "reviews": 38}}, {"type": "Feature", "geometry": {"type": "Point", "coordinates": [-57.5832414, -25.2906616]}, "properties": {"name": "Compulsiva boutique", "type": "clothing_store", "address": "Gral. Eugenio Alejandrino Garay 834, Asunción 001411, Paraguay", "city": "Asunción", "phone": "0971 503099", "rating": 4.6, "reviews": 91}}, {"type": "Feature", "geometry": {"type": "Point", "coordinates": [-57.6357392, -25.2840509]}, "properties": {"name": "Fashion Point Centro Asunción", "type": "clothing_store", "address": "Gral. Díaz esquina, Asunción 001101, Paraguay", "city": "Asunción", "phone": "0972 111112", "rating": 4.6, "reviews": 79}}, {"type": "Feature", "geometry": {"type": "Point", "coordinates": [-57.61727309999999, -25.2930012]}, "properties": {"name": "Maria Adela Tienda", "type": "clothing_store", "address": "25 de Mayo N° 1870, Asunción 001224, Paraguay", "city": "Asunción", "phone": "0983 373348", "rating": 4.7, "reviews": 244}}, {"type": "Feature", "geometry": {"type": "Point", "coordinates": [-57.6326878, -25.2834761]}, "properties": {"name": "NICE - La Princesa", "type": "clothing_store", "address": "P988+JW3, Asunción 001101, Paraguay", "city": "Asunción", "phone": "0992 449732", "rating": 4.6, "reviews": 144}}, {"type": "Feature", "geometry": {"type": "Point", "coordinates": [-57.5695454, -25.2713182]}, "properties": {"name": "BOHO STYLE PY", "type": "clothing_store", "address": "Jasy 255, Asunción 001520, Paraguay", "city": "Asunción", "phone": "0986 484143", "rating": 5, "reviews": 1}}, {"type": "Feature", "geometry": {"type": "Point", "coordinates": [-57.5773647, -25.2602945]}, "properties": {"name": "Vintage Shop", "type": "clothing_store", "address": "PCQF+V3J, Av. Santísima Trinidad, Asunción 001519, Paraguay", "city": "Asunción", "phone": "", "rating": 4.5, "reviews": 13}}, {"type": "Feature", "geometry": {"type": "Point", "coordinates": [-57.5926404, -25.2837723]}, "properties": {"name": "Tienda Orquidea Negra", "type": "clothing_store", "address": "Fray Luis de Granada &, Virgilio Molas, Asunción 001535, Paraguay", "city": "Asunción", "phone": "0981 119339", "rating": 4.5, "reviews": 55}}, {"type": "Feature", "geometry": {"type": "Point", "coordinates": [-57.5979845, -25.3058378]}, "properties": {"name": "Baco Asunción", "type": "clothing_store", "address": "c/ Prof. Inocencio Lezcano, Teodoro S. Mongelós, Asunción 001230, Paraguay", "city": "Asunción", "phone": "0983 215559", "rating": 4.5, "reviews": 457}}, {"type": "Feature", "geometry": {"type": "Point", "coordinates": [-57.6369615, -25.2835694]}, "properties": {"name": "Asunción Underground", "type": "clothing_store", "address": "389,, Gral. Díaz, Asunción 001101, Paraguay", "city": "Asunción", "phone": "0981 718748", "rating": 4.6, "reviews": 269}}, {"type": "Feature", "geometry": {"type": "Point", "coordinates": [-57.5597697, -25.2850379]}, "properties": {"name": "AVE A la Vuelta de la Esquina", "type": "clothing_store", "address": "Av. Sta. Teresa, Asunción 001402, Paraguay", "city": "Asunción", "phone": "0986 558040", "rating": 5, "reviews": 6}}, {"type": "Feature", "geometry": {"type": "Point", "coordinates": [-57.6221445, -25.3002139]}, "properties": {"name": "Selfie Boutique", "type": "clothing_store", "address": "Angel Iribas, Asunción 001223, Paraguay", "city": "Asunción", "phone": "0993 351497", "rating": 3.9, "reviews": 55}}, {"type": "Feature", "geometry": {"type": "Point", "coordinates": [-57.54190919999999, -25.2410894]}, "properties": {"name": "USA ROPA AMERICANA PARAGUAY", "type": "clothing_store", "address": "QF52+6F5, Azahares casi, Asunción 001507, Paraguay", "city": "Asunción", "phone": "0974 537711", "rating": 4.9, "reviews": 31}}, {"type": "Feature", "geometry": {"type": "Point", "coordinates": [-57.5689939, -25.277654]}, "properties": {"name": "FAENZA", "type": "clothing_store", "address": "PCCJ+WCJ, Asunción 001527, Paraguay", "city": "Asunción", "phone": "0981 327800", "rating": 4.6, "reviews": 56}}, {"type": "Feature", "geometry": {"type": "Point", "coordinates": [-57.58641489999999, -25.2674279]}, "properties": {"name": "Tienda Orange Py", "type": "clothing_store", "address": "Capitán Lombardo casi, Tte. Gregorio Narváez 1796, Asunción 2060, Paraguay", "city": "Asunción", "phone": "0986 302682", "rating": 5, "reviews": 1}}, {"type": "Feature", "geometry": {"type": "Point", "coordinates": [-57.56900210000001, -25.3196873]}, "properties": {"name": "Visuar Paraguay", "type": "electronics_store", "address": "Cacique Arecayá 226, Asunción 001427, Paraguay", "city": "Asunción", "phone": "(021) 500 990", "rating": 4.4, "reviews": 208}}, {"type": "Feature", "geometry": {"type": "Point", "coordinates": [-57.62174509999999, -25.2984597]}, "properties": {"name": "Shopping A&C Electronica", "type": "electronics_store", "address": "P92H+J7H Zona Mercado 4, Mayor Fleitas Esquina, Asunción 001224, Paraguay", "city": "Asunción", "phone": "0985 864209", "rating": 4.3, "reviews": 135}}, {"type": "Feature", "geometry": {"type": "Point", "coordinates": [-57.5654954, -25.2830228]}, "properties": {"name": "Cellshop Importados Paraguay - Asunción", "type": "electronics_store", "address": "Professor Delia Frutos, Asunción 001529, Paraguay", "city": "Asunción", "phone": "0994 193150", "rating": 4.1, "reviews": 596}}, {"type": "Feature", "geometry": {"type": "Point", "coordinates": [-57.5635559, -25.2856007]}, "properties": {"name": "TecnoStore", "type": "electronics_store", "address": "Asunción 001410, Paraguay", "city": "Asunción", "phone": "0971 527000", "rating": 5, "reviews": 3142}}, {"type": "Feature", "geometry": {"type": "Point", "coordinates": [-57.62154659999999, -25.2988035]}, "properties": {"name": "HO ELECTRONICA SRL", "type": "electronics_store", "address": "Asunción 001224, Paraguay", "city": "Asunción", "phone": "0983 313326", "rating": 4.3, "reviews": 22}}, {"type": "Feature", "geometry": {"type": "Point", "coordinates": [-57.5723218, -25.2886335]}, "properties": {"name": "La Electrotienda", "type": "electronics_store", "address": "Teniente Héctor Vera 1641 entre, Av. Gral. José de San Martín y, Wieden 001409, Paraguay", "city": "Wieden", "phone": "(021) 662 716", "rating": 4.3, "reviews": 144}}, {"type": "Feature", "geometry": {"type": "Point", "coordinates": [-57.6384963, -25.2824743]}, "properties": {"name": "JL STORE", "type": "electronics_store", "address": "Gral Diaz entre 14 De Mayo y, Galeria Asuncion Super Centro Planta baja Local, 15 De Agosto 143, Asunción 2222, Paraguay", "city": "Asunción", "phone": "0982 954451", "rating": 4.8, "reviews": 53}}, {"type": "Feature", "geometry": {"type": "Point", "coordinates": [-57.6201505, -25.2996637]}, "properties": {"name": "Asia Electrónica", "type": "establishment", "address": "Gral. José María Bruguéz 1130, Asunción 001225, Paraguay", "city": "Asunción", "phone": "0984 802704", "rating": 4.4, "reviews": 23}}, {"type": "Feature", "geometry": {"type": "Point", "coordinates": [-57.57986270000001, -25.294487]}, "properties": {"name": "TecnoStore", "type": "establishment", "address": "Central House Villamorra, Charles De Gaulle 235 c, Asunción 001412, Paraguay", "city": "Asunción", "phone": "(021) 612 806", "rating": 4.8, "reviews": 6846}}, {"type": "Feature", "geometry": {"type": "Point", "coordinates": [-57.5877018, -25.2581087]}, "properties": {"name": "Cyber El Bosque", "type": "electronics_store", "address": "PCR6+QW8, Asunción 001517, Paraguay", "city": "Asunción", "phone": "0992 268771", "rating": 4.4, "reviews": 162}}, {"type": "Feature", "geometry": {"type": "Point", "coordinates": [-57.637939, -25.2875894]}, "properties": {"name": "Multimedia S.R.L. Computers & Electronics", "type": "electronics_store", "address": "Ntra. Sra. de la Asunción 931, Asunción 001101, Paraguay", "city": "Asunción", "phone": "(021) 496 290", "rating": 4.5, "reviews": 131}}, {"type": "Feature", "geometry": {"type": "Point", "coordinates": [-57.5719356, -25.2872855]}, "properties": {"name": "Phone Shop py", "type": "establishment", "address": "Av. Gral. José de San Martín, Asunción 001410, Paraguay", "city": "Asunción", "phone": "0985 937635", "rating": 4.6, "reviews": 37}}, {"type": "Feature", "geometry": {"type": "Point", "coordinates": [-57.62126850000001, -25.2900367]}, "properties": {"name": "Central Store Paraguay SRL", "type": "electronics_store", "address": "Pai Perez 318 casi, Asunción 001218, Paraguay", "city": "Asunción", "phone": "0961 311666", "rating": 5, "reviews": 1}}, {"type": "Feature", "geometry": {"type": "Point", "coordinates": [-57.63799059999999, -25.2804667]}, "properties": {"name": "Soundata S.A.", "type": "electronics_store", "address": "Palma 633, Asunción 001013, Paraguay", "city": "Asunción", "phone": "0976 998937", "rating": 4.5, "reviews": 275}}, {"type": "Feature", "geometry": {"type": "Point", "coordinates": [-57.5769497, -25.2852304]}, "properties": {"name": "Nissei", "type": "electronics_store", "address": "Av. España 1261, Asunción 001529, Paraguay", "city": "Asunción", "phone": "(061) 500 115", "rating": 4.8, "reviews": 19029}}, {"type": "Feature", "geometry": {"type": "Point", "coordinates": [-57.6378879, -25.2804325]}, "properties": {"name": "Melon Electronics", "type": "electronics_store", "address": "Palma 645 casi, Asunción 001011, Paraguay", "city": "Asunción", "phone": "0992 858754", "rating": 4.1, "reviews": 17}}, {"type": "Feature", "geometry": {"type": "Point", "coordinates": [-57.6379027, -25.2802405]}, "properties": {"name": "Aravera Electrónica", "type": "electronics_store", "address": "Palma, Asunción 001013, Paraguay", "city": "Asunción", "phone": "0985 968145", "rating": 3.9, "reviews": 32}}, {"type": "Feature", "geometry": {"type": "Point", "coordinates": [-57.6276854, -25.2896857]}, "properties": {"name": "Electrónica Sarabia", "type": "electronics_store", "address": "P96C+4WG, Herrera, Asunción 001220, Paraguay", "city": "Asunción", "phone": "(021) 206 517", "rating": 4.4, "reviews": 60}}, {"type": "Feature", "geometry": {"type": "Point", "coordinates": [-57.6245819, -25.298748]}, "properties": {"name": "El Triunfo Electronicos", "type": "electronics_store", "address": "Av. Doctor Josè Gaspar Rodriguez de Francia, velasco y, Asunción 001223, Paraguay", "city": "Asunción", "phone": "0982 265008", "rating": 4, "reviews": 42}}, {"type": "Feature", "geometry": {"type": "Point", "coordinates": [-57.56667429999999, -25.2828559]}, "properties": {"name": "CompuMarket", "type": "electronics_store", "address": "Av. Aviadores del Chaco, Asunción 001529, Paraguay", "city": "Asunción", "phone": "0982 986513", "rating": 4.1, "reviews": 537}}, {"type": "Feature", "geometry": {"type": "Point", "coordinates": [-57.6217182, -25.2996124]}, "properties": {"name": "Home Expert", "type": "establishment", "address": "106 c, Av. Proceres De Mayo, Asunción 001223, Paraguay", "city": "Asunción", "phone": "(021) 211 996", "rating": 4.7, "reviews": 1229}}, {"type": "Feature", "geometry": {"type": "Point", "coordinates": [-57.5401992, -25.3019928]}, "properties": {"name": "Home Decor Importaciones 🇵🇾", "type": "establishment", "address": "110302, Asunción 110302, Paraguay", "city": "Asunción", "phone": "0982 620200", "rating": 3.4, "reviews": 13}}, {"type": "Feature", "geometry": {"type": "Point", "coordinates": [-57.5650785, -25.2717293]}, "properties": {"name": "Joy Store", "type": "establishment", "address": "Julio Correa 429 casi, Asunción 001520, Paraguay", "city": "Asunción", "phone": "0981 916707", "rating": 4.8, "reviews": 6}}, {"type": "Feature", "geometry": {"type": "Point", "coordinates": [-57.56354210000001, -25.2848385]}, "properties": {"name": "ZARA HOME", "type": "establishment", "address": "Asunción 001410, Paraguay", "city": "Asunción", "phone": "0994 351227", "rating": 3.9, "reviews": 16}}, {"type": "Feature", "geometry": {"type": "Point", "coordinates": [-57.5638532, -25.2691927]}, "properties": {"name": "Plaza Hogar - Stma. Trinidad", "type": "establishment", "address": "Ave Santisima Trinidad casi, Asunción 001521, Paraguay", "city": "Asunción", "phone": "(021) 281 783", "rating": 4.6, "reviews": 370}}, {"type": "Feature", "geometry": {"type": "Point", "coordinates": [-57.57122309999999, -25.2835738]}, "properties": {"name": "Classic Home", "type": "establishment", "address": "Gral. José de San Martín 1260, Asunción 001529, Paraguay", "city": "Asunción", "phone": "0981 780002", "rating": 4.2, "reviews": 25}}, {"type": "Feature", "geometry": {"type": "Point", "coordinates": [-57.57419789999999, -25.2901638]}, "properties": {"name": "Plaza Home Furniture Division", "type": "establishment", "address": "Av. Gral. José de San Martín 675, Asunción 001411, Paraguay", "city": "Asunción", "phone": "(021) 614 860", "rating": 4.3, "reviews": 477}}, {"type": "Feature", "geometry": {"type": "Point", "coordinates": [-57.5684359, -25.2814549]}, "properties": {"name": "Circa Home", "type": "establishment", "address": "San Juan XXIII 1546, Asunción 001529, Paraguay", "city": "Asunción", "phone": "0983 777918", "rating": 4.5, "reviews": 12}}, {"type": "Feature", "geometry": {"type": "Point", "coordinates": [-57.5635388, -25.2847299]}, "properties": {"name": "Casa Americana - Asunción", "type": "establishment", "address": "Av. Sta. Teresa 1827, Asunción 001410, Paraguay", "city": "Asunción", "phone": "0973 432011", "rating": 4.3, "reviews": 82}}, {"type": "Feature", "geometry": {"type": "Point", "coordinates": [-57.5655227, -25.2828985]}, "properties": {"name": "TL Home", "type": "establishment", "address": "Prof.ª Delia Frutos de González, Asunción 001529, Paraguay", "city": "Asunción", "phone": "0994 711511", "rating": 4.6, "reviews": 14}}, {"type": "Feature", "geometry": {"type": "Point", "coordinates": [-57.570938, -25.2828562]}, "properties": {"name": "HOLY HOME", "type": "establishment", "address": "Av. Gral. José de San Martín casi, Asunción 001529, Paraguay", "city": "Asunción", "phone": "0994 206207", "rating": 5, "reviews": 12}}, {"type": "Feature", "geometry": {"type": "Point", "coordinates": [-57.5689052, -25.2787422]}, "properties": {"name": "CASA 1133", "type": "establishment", "address": "Cesar Lopez Moreira 1133 casi, Asunción 001527, Paraguay", "city": "Asunción", "phone": "0986 546192", "rating": 5, "reviews": 2}}, {"type": "Feature", "geometry": {"type": "Point", "coordinates": [-57.57243489999999, -25.2866703]}, "properties": {"name": "whims home Paraguay", "type": "establishment", "address": "Av. España casi, Asunción 001518, Paraguay", "city": "Asunción", "phone": "0971 164745", "rating": 0.0, "reviews": 0}}, {"type": "Feature", "geometry": {"type": "Point", "coordinates": [-57.5812018, -25.2887877]}, "properties": {"name": "Blessed Home", "type": "establishment", "address": "Comandante Salaskin 565, Asunción 001411, Paraguay", "city": "Asunción", "phone": "", "rating": 5, "reviews": 2}}, {"type": "Feature", "geometry": {"type": "Point", "coordinates": [-57.5649666, -25.2715606]}, "properties": {"name": "Benavé Home", "type": "establishment", "address": "Julio Correa 429, Asunción 001521, Paraguay", "city": "Asunción", "phone": "0991 680317", "rating": 4.2, "reviews": 5}}, {"type": "Feature", "geometry": {"type": "Point", "coordinates": [-57.5745167, -25.2799312]}, "properties": {"name": "Cozy Home", "type": "establishment", "address": "Papa Juan XXIII 1117 casi, Asunción 1766, Paraguay", "city": "Asunción", "phone": "0981 619538", "rating": 0.0, "reviews": 0}}, {"type": "Feature", "geometry": {"type": "Point", "coordinates": [-57.5897945, -25.2864009]}, "properties": {"name": "Ashley Homestore Paraguay", "type": "establishment", "address": "Av. España, Asunción 1535, Paraguay", "city": "Asunción", "phone": "0986 169219", "rating": 4.4, "reviews": 8}}, {"type": "Feature", "geometry": {"type": "Point", "coordinates": [-57.5558973, -25.2788385]}, "properties": {"name": "MERCI Kitchen & Table Top", "type": "establishment", "address": "Av. Aviadores del Chaco 3100, Asunción 001401, Paraguay", "city": "Asunción", "phone": "0984 462709", "rating": 4.3, "reviews": 6}}, {"type": "Feature", "geometry": {"type": "Point", "coordinates": [-57.5500058, -25.2769579]}, "properties": {"name": "CASA BENTO", "type": "establishment", "address": "Av. Aviadores del Chaco 3536, Asunción 001401, Paraguay", "city": "Asunción", "phone": "0981 500350", "rating": 4.5, "reviews": 1039}}, {"type": "Feature", "geometry": {"type": "Point", "coordinates": [-57.6573443, -25.2891058]}, "properties": {"name": "Ferretería Jack 24hs", "type": "establishment", "address": "P86V+932, Av. Carlos Antonio López, Asunción 001005, Paraguay", "city": "Asunción", "phone": "0981 481287", "rating": 4.6, "reviews": 242}}, {"type": "Feature", "geometry": {"type": "Point", "coordinates": [-57.572957, -25.2637689]}, "properties": {"name": "Ferrex - Trinidad", "type": "establishment", "address": "Av. Santísima Trinidad, Asunción 001520, Paraguay", "city": "Asunción", "phone": "(021) 237 6970", "rating": 4.4, "reviews": 2041}}, {"type": "Feature", "geometry": {"type": "Point", "coordinates": [-57.5679379, -25.2767632]}, "properties": {"name": "Ferretería DJ", "type": "establishment", "address": "Ace. San Martín casi, Asunción 001527, Paraguay", "city": "Asunción", "phone": "0974 178670", "rating": 4.4, "reviews": 170}}, {"type": "Feature", "geometry": {"type": "Point", "coordinates": [-57.5571273, -25.2790296]}, "properties": {"name": "HERRAMIENTAS TOTAL", "type": "establishment", "address": "Av. Aviadores del Chaco casi, Asunción 001526, Paraguay", "city": "Asunción", "phone": "0982 124618", "rating": 4.7, "reviews": 87}}, {"type": "Feature", "geometry": {"type": "Point", "coordinates": [-57.58590640000001, -25.3119239]}, "properties": {"name": "Ferrex", "type": "establishment", "address": "Angel R Espinoza, Asunción 001420, Paraguay", "city": "Asunción", "phone": "(021) 237 6970", "rating": 4.3, "reviews": 6517}}, {"type": "Feature", "geometry": {"type": "Point", "coordinates": [-57.58980700000001, -25.260813]}, "properties": {"name": "Ferretería San Pío", "type": "establishment", "address": "Av. Gral. José Gervasio Artigas, Asunción 001532, Paraguay", "city": "Asunción", "phone": "(021) 292 278", "rating": 4.6, "reviews": 69}}, {"type": "Feature", "geometry": {"type": "Point", "coordinates": [-57.60226189999999, -25.2701328]}, "properties": {"name": "La Casa de los Herrajes S. R. L.", "type": "establishment", "address": "Av. Gral. José Gervasio Artigas 2034, Asunción 1416, Paraguay", "city": "Asunción", "phone": "(021) 294 165", "rating": 4.3, "reviews": 89}}, {"type": "Feature", "geometry": {"type": "Point", "coordinates": [-57.5707657, -25.3127526]}, "properties": {"name": "Atlantic Casa Central", "type": "establishment", "address": "R.I.18 Pitiantuta esquina, Asunción 001419, Paraguay", "city": "Asunción", "phone": "(021) 517 0000", "rating": 4.2, "reviews": 880}}, {"type": "Feature", "geometry": {"type": "Point", "coordinates": [-57.60599209999999, -25.2775821]}, "properties": {"name": "Ferretería Dominicana", "type": "establishment", "address": "República Dominicana, esquina, San Antonio 1298, Asunción 001204, Paraguay", "city": "Asunción", "phone": "(021) 227 650", "rating": 4.3, "reviews": 225}}, {"type": "Feature", "geometry": {"type": "Point", "coordinates": [-57.578361, -25.2577123]}, "properties": {"name": "Sauce Materiales de Construcción", "type": "establishment", "address": "PCRC+WM6, Del Espíritu Santo, Asunción 001519, Paraguay", "city": "Asunción", "phone": "(021) 298 630", "rating": 4.3, "reviews": 79}}, {"type": "Feature", "geometry": {"type": "Point", "coordinates": [-57.57652419999999, -25.3324678]}, "properties": {"name": "Ferretería INTERNACIONAL", "type": "establishment", "address": "Asunción 001430, Paraguay", "city": "Asunción", "phone": "(021) 503 115", "rating": 4.4, "reviews": 1146}}, {"type": "Feature", "geometry": {"type": "Point", "coordinates": [-57.59621989999999, -25.2651723]}, "properties": {"name": "HG Ferreteria", "type": "establishment", "address": "Av. Gral. José Gervasio Artigas, Asunción 001516, Paraguay", "city": "Asunción", "phone": "", "rating": 4.8, "reviews": 25}}, {"type": "Feature", "geometry": {"type": "Point", "coordinates": [-57.5805604, -25.2539337]}, "properties": {"name": "Ferreteria acuario", "type": "establishment", "address": "PCW9+CQG, Av. Gral. José Gervasio Artigas, Asunción 001519, Paraguay", "city": "Asunción", "phone": "0982 909861", "rating": 3.8, "reviews": 10}}, {"type": "Feature", "geometry": {"type": "Point", "coordinates": [-57.5923548, -25.2951601]}, "properties": {"name": "Todo Ferretería & más Choferes del Chaco", "type": "establishment", "address": "Av. Choferes Del Chaco 734 casi, Asunción 001413, Paraguay", "city": "Asunción", "phone": "0974 851388", "rating": 4.5, "reviews": 139}}, {"type": "Feature", "geometry": {"type": "Point", "coordinates": [-57.5473684, -25.2760655]}, "properties": {"name": "Ferreteria Ñu Guazu", "type": "establishment", "address": "Av. Aviadores del Chaco 3786, Asunción 001401, Paraguay", "city": "Asunción", "phone": "(021) 605 722", "rating": 4.6, "reviews": 249}}, {"type": "Feature", "geometry": {"type": "Point", "coordinates": [-57.5856898, -25.2574075]}, "properties": {"name": "Ferretería Trinidad", "type": "establishment", "address": "PCV7+2PM, Av. Gral. José Gervasio Artigas, Asunción 001517, Paraguay", "city": "Asunción", "phone": "(021) 292 417", "rating": 3.9, "reviews": 63}}, {"type": "Feature", "geometry": {"type": "Point", "coordinates": [-57.6413987, -25.2802463]}, "properties": {"name": "Cerrajería 24 horas Asunción Paraguay", "type": "establishment", "address": "Oliva 925, Asunción 001012, Paraguay", "city": "Asunción", "phone": "0983 475111", "rating": 4.8, "reviews": 148}}, {"type": "Feature", "geometry": {"type": "Point", "coordinates": [-57.5912487, -25.3106419]}, "properties": {"name": "Lincoln", "type": "establishment", "address": "Av. Eusebio Ayala 3116 c, Nazareth 001422, Paraguay", "city": "Nazareth", "phone": "(021) 553 875", "rating": 4.5, "reviews": 1129}}, {"type": "Feature", "geometry": {"type": "Point", "coordinates": [-57.5704422, -25.3163155]}, "properties": {"name": "Ferreteria FerreShop", "type": "establishment", "address": "Av. Eusebio Ayala 4599, Asunción 001419, Paraguay", "city": "Asunción", "phone": "0986 114040", "rating": 4.3, "reviews": 68}}, {"type": "Feature", "geometry": {"type": "Point", "coordinates": [-57.5709435, -25.2798172]}, "properties": {"name": "SoulHome By Paraná Decor", "type": "establishment", "address": "Av. Gral. José de San Martín 1289, Asunción 001527, Paraguay", "city": "Asunción", "phone": "0981 753034", "rating": 4.5, "reviews": 24}}, {"type": "Feature", "geometry": {"type": "Point", "coordinates": [-57.5765849, -25.286714]}, "properties": {"name": "Galeria Bonita", "type": "establishment", "address": "Senador Huey Pierce Long &, Teniente Héctor Vera, Asunción 001411, Paraguay", "city": "Asunción", "phone": "0983 515434", "rating": 4.7, "reviews": 17}}, {"type": "Feature", "geometry": {"type": "Point", "coordinates": [-57.5709343, -25.2823035]}, "properties": {"name": "CASA VIVA Interiores", "type": "establishment", "address": "Av. Gral. José de San Martín y, Asunción 001529, Paraguay", "city": "Asunción", "phone": "(021) 611 977", "rating": 4.4, "reviews": 113}}, {"type": "Feature", "geometry": {"type": "Point", "coordinates": [-57.6009683, -25.2882074]}, "properties": {"name": "Sueñolar Casa Matriz", "type": "establishment", "address": "Av. España 2045, Asunción 001207, Paraguay", "city": "Asunción", "phone": "0983 171727", "rating": 4.4, "reviews": 114}}, {"type": "Feature", "geometry": {"type": "Point", "coordinates": [-57.5714838, -25.2828865]}, "properties": {"name": "Sierra Decor", "type": "establishment", "address": "Av. Gral. José de San Martín 1311, Asunción 1749, Paraguay", "city": "Asunción", "phone": "0972 822094", "rating": 4.6, "reviews": 37}}, {"type": "Feature", "geometry": {"type": "Point", "coordinates": [-57.5671244, -25.2757087]}, "properties": {"name": "Area Design Paraguay", "type": "establishment", "address": "Avenida Doctor Felipe Molas López, &, Asunción 001527, Paraguay", "city": "Asunción", "phone": "0982 166713", "rating": 5, "reviews": 6}}, {"type": "Feature", "geometry": {"type": "Point", "coordinates": [-57.56517359999999, -25.2716883]}, "properties": {"name": "Casa de Sofas", "type": "establishment", "address": "Julio Correa 429, Asunción 001520, Paraguay", "city": "Asunción", "phone": "0991 680317", "rating": 4, "reviews": 16}}, {"type": "Feature", "geometry": {"type": "Point", "coordinates": [-57.64593350000001, -25.2829096]}, "properties": {"name": "HIDALGO MUEBLES", "type": "establishment", "address": "y, Hernandarias 925, Asunción 001131, Paraguay", "city": "Asunción", "phone": "(021) 492 441", "rating": 4.4, "reviews": 222}}, {"type": "Feature", "geometry": {"type": "Point", "coordinates": [-57.6084268, -25.2988784]}, "properties": {"name": "Sulit Modern Furniture", "type": "establishment", "address": "Av. Gral. Bernardino Caballero 620, Asunción 001227, Paraguay", "city": "Asunción", "phone": "0983 927422", "rating": 4, "reviews": 4}}, {"type": "Feature", "geometry": {"type": "Point", "coordinates": [-57.5873089, -25.2862027]}, "properties": {"name": "Florense Asunción", "type": "establishment", "address": "Av. España 231, Asunción 001530, Paraguay", "city": "Asunción", "phone": "(021) 662 378", "rating": 4.7, "reviews": 26}}, {"type": "Feature", "geometry": {"type": "Point", "coordinates": [-57.5659652, -25.3001829]}, "properties": {"name": "Achon Muebles", "type": "establishment", "address": "MCXM+WJG, Av. Mariscal López, Asunción 001407, Paraguay", "city": "Asunción", "phone": "(021) 607 999", "rating": 4.4, "reviews": 377}}, {"type": "Feature", "geometry": {"type": "Point", "coordinates": [-57.5601654, -25.2642038]}, "properties": {"name": "Briart Deco", "type": "establishment", "address": "Darío Gómez Serrato 1.530 casi, Asunción 0000, Paraguay", "city": "Asunción", "phone": "0981 167464", "rating": 5, "reviews": 13}}, {"type": "Feature", "geometry": {"type": "Point", "coordinates": [-57.5971254, -25.3085558]}, "properties": {"name": "Nuestra Casa Asunción", "type": "establishment", "address": "Avda. Eusebio Ayala c, Av. Médicos del Chaco, Asunción 001231, Paraguay", "city": "Asunción", "phone": "0994 779000", "rating": 3.8, "reviews": 190}}, {"type": "Feature", "geometry": {"type": "Point", "coordinates": [-57.5867824, -25.2863661]}, "properties": {"name": "LUGARO SACI", "type": "establishment", "address": "Av. España esq, Asunción 001411, Paraguay", "city": "Asunción", "phone": "(021) 660 213", "rating": 4.8, "reviews": 16}}, {"type": "Feature", "geometry": {"type": "Point", "coordinates": [-57.58572110000001, -25.3347225]}, "properties": {"name": "muebleria y fábrica de sofas EL FABRICANTES", "type": "establishment", "address": "MC87+4P6, Maká, Asunción 001432, Paraguay", "city": "Asunción", "phone": "0984 507242", "rating": 4.8, "reviews": 8}}, {"type": "Feature", "geometry": {"type": "Point", "coordinates": [-57.55805469999999, -25.2861551]}, "properties": {"name": "Living Room Muebles Asuncion", "type": "establishment", "address": "Av. Sta. Teresa 2701, Asunción 001402, Paraguay", "city": "Asunción", "phone": "0971 880905", "rating": 3.7, "reviews": 3}}, {"type": "Feature", "geometry": {"type": "Point", "coordinates": [-57.6278985, -25.2960658]}, "properties": {"name": "Fabricante Muebles", "type": "establishment", "address": "República de Colombia, Asunción 001221, Paraguay", "city": "Asunción", "phone": "0983 780446", "rating": 4.4, "reviews": 74}}, {"type": "Feature", "geometry": {"type": "Point", "coordinates": [-57.5880907, -25.3020802]}, "properties": {"name": "SyroCco S.A. - Sucursal Villa Morra", "type": "establishment", "address": "De Las Palmeras 4690, Asunción 001414, Paraguay", "city": "Asunción", "phone": "0985 176072", "rating": 4.6, "reviews": 72}}, {"type": "Feature", "geometry": {"type": "Point", "coordinates": [-57.5635901, -25.2840915]}, "properties": {"name": "ueno bank - Centro de experiencia Asunción", "type": "bank", "address": "Av. Sta. Teresa N° 1827, Asunción 001410, Paraguay", "city": "Asunción", "phone": "(021) 618 8000", "rating": 2.3, "reviews": 693}}, {"type": "Feature", "geometry": {"type": "Point", "coordinates": [-57.57529719999999, -25.2787883]}, "properties": {"name": "Central Bank of Paraguay", "type": "bank", "address": "Federación Rusa y, Asunción 1767, Paraguay", "city": "Asunción", "phone": "(021) 608 011", "rating": 4.5, "reviews": 173}}, {"type": "Feature", "geometry": {"type": "Point", "coordinates": [-57.58402679999999, -25.2926339]}, "properties": {"name": "GNB Bank", "type": "bank", "address": "PC48+W9X, Av. Mariscal López, Asunción 001412, Paraguay", "city": "Asunción", "phone": "(061) 83000", "rating": 3.8, "reviews": 154}}, {"type": "Feature", "geometry": {"type": "Point", "coordinates": [-57.579642, -25.2588274]}, "properties": {"name": "ueno bank x Trinidad", "type": "bank", "address": "Av. Santísima Trinidad esquina, Asunción 001519, Paraguay", "city": "Asunción", "phone": "(021) 618 8000", "rating": 3.8, "reviews": 65}}, {"type": "Feature", "geometry": {"type": "Point", "coordinates": [-57.5543115, -25.2894519]}, "properties": {"name": "ueno bank MATRIX", "type": "bank", "address": "Av. Sta. Teresa, Asunción 001410, Paraguay", "city": "Asunción", "phone": "(021) 618 8000", "rating": 4.3, "reviews": 186}}, {"type": "Feature", "geometry": {"type": "Point", "coordinates": [-57.5702189, -25.2860812]}, "properties": {"name": "Banco BASA", "type": "bank", "address": "Av. Aviadores del Chaco, Asunción 001410, Paraguay", "city": "Asunción", "phone": "(021) 618 7070", "rating": 4.1, "reviews": 63}}, {"type": "Feature", "geometry": {"type": "Point", "coordinates": [-57.58016110000001, -25.2937904]}, "properties": {"name": "ueno bank x Villa Morra", "type": "bank", "address": "Av. Mariscal López esq, Asunción 001411, Paraguay", "city": "Asunción", "phone": "(021) 618 8000", "rating": 4, "reviews": 62}}, {"type": "Feature", "geometry": {"type": "Point", "coordinates": [-57.56564009999999, -25.2726326]}, "properties": {"name": "ueno bank x Julio Correa", "type": "bank", "address": "Julio Correa casi, Asunción 001526, Paraguay", "city": "Asunción", "phone": "(021) 618 8000", "rating": 4.8, "reviews": 82}}, {"type": "Feature", "geometry": {"type": "Point", "coordinates": [-57.5637487, -25.2830262]}, "properties": {"name": "Banco GNB", "type": "bank", "address": "Av. Aviadores del Chaco 2351, Asunción 001527, Paraguay", "city": "Asunción", "phone": "(021) 618 3000", "rating": 3.8, "reviews": 39}}, {"type": "Feature", "geometry": {"type": "Point", "coordinates": [-57.58009070000001, -25.2943469]}, "properties": {"name": "Banco Sudameris", "type": "bank", "address": "Avenida Mcal. Francisco S. López y, Asunción 1412, Paraguay", "city": "Asunción", "phone": "4166000", "rating": 3.2, "reviews": 42}}, {"type": "Feature", "geometry": {"type": "Point", "coordinates": [-57.5629521, -25.2974003]}, "properties": {"name": "ueno bank x Denis Roa", "type": "bank", "address": "Denis Roa, Asunción 001407, Paraguay", "city": "Asunción", "phone": "(021) 618 8000", "rating": 3.8, "reviews": 53}}, {"type": "Feature", "geometry": {"type": "Point", "coordinates": [-57.6342578, -25.2837357]}, "properties": {"name": "BNF - Banco Nacional de Fomento (Casa Central)", "type": "bank", "address": "Independencia Nacional, Asunción 001101, Paraguay", "city": "Asunción", "phone": "(021) 413 9000", "rating": 3.8, "reviews": 156}}, {"type": "Feature", "geometry": {"type": "Point", "coordinates": [-57.58639049999999, -25.2578204]}, "properties": {"name": "Banco Continental", "type": "bank", "address": "PCR7+VCH, Asunción 001517, Paraguay", "city": "Asunción", "phone": "", "rating": 3.5, "reviews": 24}}, {"type": "Feature", "geometry": {"type": "Point", "coordinates": [-57.56679029999999, -25.2828598]}, "properties": {"name": "Banco Itaú Paraguay SA", "type": "bank", "address": "Asunción 001529, Paraguay", "city": "Asunción", "phone": "(021) 617 2540", "rating": 3.5, "reviews": 51}}, {"type": "Feature", "geometry": {"type": "Point", "coordinates": [-57.58389, -25.2919115]}, "properties": {"name": "Banco Continental S.A.E.C.A.", "type": "bank", "address": "Gral Eugenio Alejandrino Garay & Av. Mariscal López, PC58+6CQ, Asunción 001411, Paraguay", "city": "Asunción", "phone": "(021) 627 4000", "rating": 3.6, "reviews": 114}}, {"type": "Feature", "geometry": {"type": "Point", "coordinates": [-57.5791246, -25.2946219]}, "properties": {"name": "Citi", "type": "bank", "address": "PC4C+592, Cruz Del Chaco, Asunción 001412, Paraguay", "city": "Asunción", "phone": "", "rating": 4, "reviews": 67}}, {"type": "Feature", "geometry": {"type": "Point", "coordinates": [-57.6286205, -25.2905798]}, "properties": {"name": "ueno bank x EEUU", "type": "bank", "address": "Av. Estados Unidos esq, Asunción 001219, Paraguay", "city": "Asunción", "phone": "(021) 618 8000", "rating": 3.8, "reviews": 34}}, {"type": "Feature", "geometry": {"type": "Point", "coordinates": [-57.6346174, -25.2841144]}, "properties": {"name": "Banco Sudameris", "type": "bank", "address": "Independencia Nacional 513, Asunción 001101, Paraguay", "city": "Asunción", "phone": "4166000", "rating": 3.2, "reviews": 77}}, {"type": "Feature", "geometry": {"type": "Point", "coordinates": [-57.5719858, -25.3167232]}, "properties": {"name": "ueno bank x Multiplaza", "type": "bank", "address": "Av. Eusebio Ayala 4501, Asunción 001419, Paraguay", "city": "Asunción", "phone": "(021) 618 8000", "rating": 3.9, "reviews": 116}}, {"type": "Feature", "geometry": {"type": "Point", "coordinates": [-57.6362321, -25.2831968]}, "properties": {"name": "Banco Itau Casa Matriz", "type": "bank", "address": "Oliva y, Asunción 001101, Paraguay", "city": "Asunción", "phone": "(021) 617 1000", "rating": 2.7, "reviews": 78}}, {"type": "Feature", "geometry": {"type": "Point", "coordinates": [-57.57619649999999, -25.2608669]}, "properties": {"name": "Cajero DINELCO", "type": "atm", "address": "PCQF+MG3, Asunción 001521, Paraguay", "city": "Asunción", "phone": "(021) 413 9000", "rating": 4, "reviews": 4}}, {"type": "Feature", "geometry": {"type": "Point", "coordinates": [-57.58270950000001, -25.2675223]}, "properties": {"name": "Cajero itau", "type": "atm", "address": "PCJ8+XR8, Asunción 001531, Paraguay", "city": "Asunción", "phone": "", "rating": 5, "reviews": 2}}, {"type": "Feature", "geometry": {"type": "Point", "coordinates": [-57.578798, -25.2687431]}, "properties": {"name": "TED-Wepa", "type": "atm", "address": "Genaro Romero esq, Asunción 001531, Paraguay", "city": "Asunción", "phone": "(021) 618 8003", "rating": 0.0, "reviews": 0}}, {"type": "Feature", "geometry": {"type": "Point", "coordinates": [-57.5796047, -25.2587492]}, "properties": {"name": "TED-Wepa", "type": "atm", "address": "Sacramento y, Asunción 001519, Paraguay", "city": "Asunción", "phone": "(021) 618 8003", "rating": 0.0, "reviews": 0}}, {"type": "Feature", "geometry": {"type": "Point", "coordinates": [-57.57073279999999, -25.2727502]}, "properties": {"name": "Cajero electronico Itaú", "type": "atm", "address": "PCGH+VPR, Asunción 001528, Paraguay", "city": "Asunción", "phone": "", "rating": 0.0, "reviews": 0}}, {"type": "Feature", "geometry": {"type": "Point", "coordinates": [-57.5845929, -25.2721285]}, "properties": {"name": "Itau", "type": "atm", "address": "PCH8+45V, Asunción 001534, Paraguay", "city": "Asunción", "phone": "", "rating": 5, "reviews": 1}}, {"type": "Feature", "geometry": {"type": "Point", "coordinates": [-57.56335779999999, -25.2694866]}, "properties": {"name": "ATM Sudameris Mburucuya", "type": "atm", "address": "PCJP+6M2, Av. Santísima Trinidad, Asunción 001525, Paraguay", "city": "Asunción", "phone": "(021) 416 6000", "rating": 0.0, "reviews": 0}}, {"type": "Feature", "geometry": {"type": "Point", "coordinates": [-57.5812512, -25.279605]}, "properties": {"name": "TED-Wepa", "type": "atm", "address": "Ntra. Sra. del Carmen casi, Asunción 001530, Paraguay", "city": "Asunción", "phone": "(021) 618 8003", "rating": 5, "reviews": 1}}, {"type": "Feature", "geometry": {"type": "Point", "coordinates": [-57.5654562, -25.2686087]}, "properties": {"name": "TED-Wepa", "type": "atm", "address": "Av. Santísima Trinidad casi, Asunción 001521, Paraguay", "city": "Asunción", "phone": "(021) 618 8003", "rating": 0.0, "reviews": 0}}, {"type": "Feature", "geometry": {"type": "Point", "coordinates": [-57.580848, -25.2722534]}, "properties": {"name": "Cajero Regional IPS", "type": "atm", "address": "PCH9+3MR, Asunción 001531, Paraguay", "city": "Asunción", "phone": "", "rating": 0.0, "reviews": 0}}, {"type": "Feature", "geometry": {"type": "Point", "coordinates": [-57.5656452, -25.27263]}, "properties": {"name": "TED-Wepa", "type": "atm", "address": "Julio Correa y, Asunción 001526, Paraguay", "city": "Asunción", "phone": "(021) 618 8003", "rating": 0.0, "reviews": 0}}, {"type": "Feature", "geometry": {"type": "Point", "coordinates": [-57.56770150000001, -25.2760363]}, "properties": {"name": "TED-Wepa", "type": "atm", "address": "Av. Gral. José de San Martín casi, Asunción 001527, Paraguay", "city": "Asunción", "phone": "(021) 618 8003", "rating": 0.0, "reviews": 0}}, {"type": "Feature", "geometry": {"type": "Point", "coordinates": [-57.5787381, -25.298515]}, "properties": {"name": "ATM Sudameris Sanat. Bautista", "type": "atm", "address": "Campos Cervera 5425, Asunción 001416, Paraguay", "city": "Asunción", "phone": "(021) 416 6000", "rating": 1, "reviews": 2}}, {"type": "Feature", "geometry": {"type": "Point", "coordinates": [-57.56046010000001, -25.2623851]}, "properties": {"name": "TED-Wepa", "type": "atm", "address": "Av. Primer Presidente casi, Asunción 001522, Paraguay", "city": "Asunción", "phone": "(021) 618 8003", "rating": 0.0, "reviews": 0}}, {"type": "Feature", "geometry": {"type": "Point", "coordinates": [-57.58073419999999, -25.2547798]}, "properties": {"name": "stock artigas", "type": "establishment", "address": "PCW9+3PJ, Av. Gral. José Gervasio Artigas, Asunción 001519, Paraguay", "city": "Asunción", "phone": "0985 462193", "rating": 3.9, "reviews": 71}}, {"type": "Feature", "geometry": {"type": "Point", "coordinates": [-57.57178489999999, -25.2559621]}, "properties": {"name": "TED-Wepa", "type": "atm", "address": "Ruta Tranchaco casi, Asunción 001519, Paraguay", "city": "Asunción", "phone": "(021) 618 8003", "rating": 0.0, "reviews": 0}}, {"type": "Feature", "geometry": {"type": "Point", "coordinates": [-57.5907065, -25.2864923]}, "properties": {"name": "ATM Sudameris Bank", "type": "atm", "address": "PC75+CP3, Asunción 001535, Paraguay", "city": "Asunción", "phone": "", "rating": 2, "reviews": 2}}, {"type": "Feature", "geometry": {"type": "Point", "coordinates": [-57.56916949999999, -25.2884294]}, "properties": {"name": "Cajero Banco Itau", "type": "atm", "address": "PC6J+J8G, Austria, Asunción 001410, Paraguay", "city": "Asunción", "phone": "(021) 617 1000", "rating": 5, "reviews": 2}}, {"type": "Feature", "geometry": {"type": "Point", "coordinates": [-57.59639840000001, -25.2651042]}, "properties": {"name": "TED-Wepa", "type": "atm", "address": "Av. Gral. José Gervasio Artigas esq, Asunción 001516, Paraguay", "city": "Asunción", "phone": "(021) 618 8003", "rating": 0.0, "reviews": 0}}, {"type": "Feature", "geometry": {"type": "Point", "coordinates": [-57.63813339999999, -25.2854268]}, "properties": {"name": "Continental Bank ATM", "type": "atm", "address": "casi, Alberdi & Humaita, P976+RPH, Asunción 001101, Paraguay", "city": "Asunción", "phone": "", "rating": 2.5, "reviews": 4}}, {"type": "Feature", "geometry": {"type": "Point", "coordinates": [-57.634961, -25.2807031]}, "properties": {"name": "Dirección Nacional de Correos del Paraguay", "type": "establishment", "address": "P998+P27, 25 de Mayo, Asunción 001013, Paraguay", "city": "Asunción", "phone": "(021) 498 113", "rating": 2.7, "reviews": 139}}, {"type": "Feature", "geometry": {"type": "Point", "coordinates": [-57.5977591, -25.3074133]}, "properties": {"name": "Post Courier", "type": "establishment", "address": "Tte 1350, Asunción 001230, Paraguay", "city": "Asunción", "phone": "(021) 208 1301", "rating": 4.3, "reviews": 6}}, {"type": "Feature", "geometry": {"type": "Point", "coordinates": [-57.63496029999999, -25.2807149]}, "properties": {"name": "DINACOPA Correo Paraguayo", "type": "establishment", "address": "P998+P27, Asunción 001013, Paraguay", "city": "Asunción", "phone": "(021) 493 783", "rating": 2.6, "reviews": 129}}, {"type": "Feature", "geometry": {"type": "Point", "coordinates": [-57.5622902, -25.2842976]}, "properties": {"name": "DHL Express Punto de Venta (Paseo La Galeria)", "type": "establishment", "address": "estacionamiento 1, Av. Sta. Teresa, Asunción 001410, Paraguay", "city": "Asunción", "phone": "0972 267041", "rating": 4.5, "reviews": 157}}, {"type": "Feature", "geometry": {"type": "Point", "coordinates": [-57.616894, -25.2805983]}, "properties": {"name": "Dirección de Correos, Central de Encomiendas - DINACOPA", "type": "establishment", "address": "P99M+Q69, Av. Gral. José Gervasio Artigas, Asunción 001216, Paraguay", "city": "Asunción", "phone": "(021) 200 788", "rating": 1.8, "reviews": 40}}, {"type": "Feature", "geometry": {"type": "Point", "coordinates": [-57.6095564, -25.2793923]}, "properties": {"name": "DHL Express Punto de Venta (Casa Matriz)", "type": "establishment", "address": "Av Gral Máximo Santos 1170, Asunción 1429, Paraguay", "city": "Asunción", "phone": "(021) 216 2000", "rating": 4.3, "reviews": 596}}, {"type": "Feature", "geometry": {"type": "Point", "coordinates": [-57.60268749999999, -25.2891875]}, "properties": {"name": "Upostal", "type": "establishment", "address": "P96W+8WF, Asunción 001208, Paraguay", "city": "Asunción", "phone": "(021) 203 004", "rating": 5, "reviews": 3}}, {"type": "Feature", "geometry": {"type": "Point", "coordinates": [-57.633976, -25.2831297]}, "properties": {"name": "DHL Express Punto de Venta (Centro)", "type": "establishment", "address": "Independencia Nacional 375, Entre Palma Y, Asunción 1209, Paraguay", "city": "Asunción", "phone": "0982 838035", "rating": 4.3, "reviews": 212}}, {"type": "Feature", "geometry": {"type": "Point", "coordinates": [-57.6364268, -25.286638]}, "properties": {"name": "UPS Paraguay", "type": "establishment", "address": "Independencia Nacional 821, Asunción 001101, Paraguay", "city": "Asunción", "phone": "(021) 451 960", "rating": 2.7, "reviews": 117}}, {"type": "Feature", "geometry": {"type": "Point", "coordinates": [-57.5592421, -25.2806254]}, "properties": {"name": "PuntoBox Paraguay", "type": "establishment", "address": "Av. Aviadores del Chaco 2864, Asunción 2060, Paraguay", "city": "Asunción", "phone": "0981 515793", "rating": 4.2, "reviews": 39}}, {"type": "Feature", "geometry": {"type": "Point", "coordinates": [-57.6192793, -25.292711]}, "properties": {"name": "Citipostal Express", "type": "establishment", "address": "P94J+W79, Rca. Francesa, Asunción 001224, Paraguay", "city": "Asunción", "phone": "(021) 222 487", "rating": 4.1, "reviews": 43}}, {"type": "Feature", "geometry": {"type": "Point", "coordinates": [-57.5902784, -25.2843332]}, "properties": {"name": "FastBox", "type": "establishment", "address": "esquina, Asunción 001534, Paraguay", "city": "Asunción", "phone": "(021) 728 9061", "rating": 4.4, "reviews": 528}}, {"type": "Feature", "geometry": {"type": "Point", "coordinates": [-57.59712039999999, -25.3274925]}, "properties": {"name": "Asunción Box Zona Terminal", "type": "establishment", "address": "Mencia de Sanabria 191, Asunción 001314, Paraguay", "city": "Asunción", "phone": "(021) 562 808", "rating": 3.2, "reviews": 49}}, {"type": "Feature", "geometry": {"type": "Point", "coordinates": [-57.5609866, -25.2796033]}, "properties": {"name": "Lavandería Luxe Clean", "type": "establishment", "address": "Dr. Molas López, Asunción 001527, Paraguay", "city": "Asunción", "phone": "0974 200495", "rating": 5, "reviews": 16}}, {"type": "Feature", "geometry": {"type": "Point", "coordinates": [-57.56531559999999, -25.2818607]}, "properties": {"name": "LAVANDERÍA LAVAFÁCIL", "type": "establishment", "address": "San Juan XXIII 1818, Asunción 001529, Paraguay", "city": "Asunción", "phone": "0974 380001", "rating": 4.9, "reviews": 30}}, {"type": "Feature", "geometry": {"type": "Point", "coordinates": [-57.561906, -25.2821289]}, "properties": {"name": "Laundrix", "type": "establishment", "address": "Av. Aviadores del Chaco 2587, Asunción 001527, Paraguay", "city": "Asunción", "phone": "0971 262692", "rating": 4.8, "reviews": 41}}, {"type": "Feature", "geometry": {"type": "Point", "coordinates": [-57.5668399, -25.259013]}, "properties": {"name": "Johéi Lavandería de Autoservicio", "type": "establishment", "address": "PCRM+97V, Av. Primer Presidente, Asunción 001521, Paraguay", "city": "Asunción", "phone": "", "rating": 4.1, "reviews": 37}}, {"type": "Feature", "geometry": {"type": "Point", "coordinates": [-57.6258408, -25.2956155]}, "properties": {"name": "Lavandería Domy®", "type": "establishment", "address": "Pai Perez &, Tte. Fariña, Asunción 001221, Paraguay", "city": "Asunción", "phone": "0981 167859", "rating": 5, "reviews": 161}}, {"type": "Feature", "geometry": {"type": "Point", "coordinates": [-57.566059, -25.2731791]}, "properties": {"name": "Tintorería Breeze&Co - Suc. Julio Correa", "type": "establishment", "address": "Julio Correa N° 279 casi, Asunción 001521, Paraguay", "city": "Asunción", "phone": "0986 700275", "rating": 4.7, "reviews": 45}}, {"type": "Feature", "geometry": {"type": "Point", "coordinates": [-57.5603278, -25.3006475]}, "properties": {"name": "Lavandería y Tintorería Kuñataí", "type": "establishment", "address": "Concejal Vargas 391 entre, Del Maestro y, Andrade 001406, Paraguay", "city": "Andrade", "phone": "0984 812605", "rating": 4.7, "reviews": 57}}, {"type": "Feature", "geometry": {"type": "Point", "coordinates": [-57.62900999999999, -25.286605]}, "properties": {"name": "Lavanderia WashUp", "type": "establishment", "address": "Tacuary 470, Asunción Departamento Central 1511, Paraguay", "city": "Asunción Departamento Central", "phone": "0986 472712", "rating": 4.7, "reviews": 22}}, {"type": "Feature", "geometry": {"type": "Point", "coordinates": [-57.58695729999999, -25.2878034]}, "properties": {"name": "Lavantti", "type": "establishment", "address": "23 de octubre casi, Moisés Bertoni 437, Asunción 0014, Paraguay", "city": "Asunción", "phone": "0981 298799", "rating": 4.9, "reviews": 14}}, {"type": "Feature", "geometry": {"type": "Point", "coordinates": [-57.5685918, -25.2768745]}, "properties": {"name": "Impecable Tintorería y Lavandería - Sucursal San Martín", "type": "establishment", "address": "Av. Gral. José de San Martín y, Asunción 001527, Paraguay", "city": "Asunción", "phone": "0971 771287", "rating": 4.3, "reviews": 11}}, {"type": "Feature", "geometry": {"type": "Point", "coordinates": [-57.57128059999999, -25.2800055]}, "properties": {"name": "Mr Jeff", "type": "establishment", "address": "Federación Rusa 1274, Asunción 001527, Paraguay", "city": "Asunción", "phone": "0991 858321", "rating": 4.4, "reviews": 81}}, {"type": "Feature", "geometry": {"type": "Point", "coordinates": [-57.5413867, -25.2399109]}, "properties": {"name": "House Laundry", "type": "establishment", "address": "Palo Santo, Asunción 001506, Paraguay", "city": "Asunción", "phone": "0982 080412", "rating": 5, "reviews": 3}}, {"type": "Feature", "geometry": {"type": "Point", "coordinates": [-57.576456, -25.2903872]}, "properties": {"name": "Super Wash - Lavandería y Tintorería", "type": "establishment", "address": "Dr. Francisco Morra 590 c, Asunción 001411, Paraguay", "city": "Asunción", "phone": "0993 351000", "rating": 4.4, "reviews": 8}}, {"type": "Feature", "geometry": {"type": "Point", "coordinates": [-57.586804, -25.297222]}, "properties": {"name": "Lavandería Mr. JOM", "type": "establishment", "address": "Pacheco, Gral. Eduardo Torreani Viera 4680 esquina, Asunción 001413, Paraguay", "city": "Asunción", "phone": "0981 102076", "rating": 4.8, "reviews": 6}}, {"type": "Feature", "geometry": {"type": "Point", "coordinates": [-57.58986909999999, -25.257755]}, "properties": {"name": "Clean house Paraguay", "type": "establishment", "address": "Viuda de las Llanas 3551, Asunción 001517, Paraguay", "city": "Asunción", "phone": "(021) 601 708", "rating": 4.8, "reviews": 355}}, {"type": "Feature", "geometry": {"type": "Point", "coordinates": [-57.59746399999999, -25.2743149]}, "properties": {"name": "Lavandería - LAVEMAR", "type": "establishment", "address": "Tte. 1ro. Francisco Niedebergen, Asunción 001206, Paraguay", "city": "Asunción", "phone": "0982 104159", "rating": 4.8, "reviews": 18}}, {"type": "Feature", "geometry": {"type": "Point", "coordinates": [-57.60578450000001, -25.2890052]}, "properties": {"name": "Clean Master - Lavandería y Tintorería", "type": "establishment", "address": "Pitiantuta 444, Asunción 001208, Paraguay", "city": "Asunción", "phone": "0982 555590", "rating": 4.6, "reviews": 44}}, {"type": "Feature", "geometry": {"type": "Point", "coordinates": [-57.5568574, -25.2844981]}, "properties": {"name": "ECO Luxe Studio Restauración de cueros, pieles y textiles", "type": "establishment", "address": "Jaime Bestard, Asunción 001402, Paraguay", "city": "Asunción", "phone": "0984 995366", "rating": 4.9, "reviews": 126}}, {"type": "Feature", "geometry": {"type": "Point", "coordinates": [-57.55609579999999, -25.3020964]}, "properties": {"name": "Lavandería Señoritas (Barrio Herrera)", "type": "establishment", "address": "Manuel Talavera 434, Asunción 001405, Paraguay", "city": "Asunción", "phone": "0986 818880", "rating": 4.9, "reviews": 44}}, {"type": "Feature", "geometry": {"type": "Point", "coordinates": [-57.56734319999999, -25.3005509]}, "properties": {"name": "Tintorería Española - Casa Central", "type": "establishment", "address": "Av. Dr. Guido Boggiani 6260, Asunción 001416, Paraguay", "city": "Asunción", "phone": "0976 928224", "rating": 4.8, "reviews": 121}}]}